Date,Product Name,Units Sold,Revenue,Inventory Level,Category,Region
2023-01-01,Designer Jeans,3,294.34,200,Apparel,North
2023-01-01,Coffee Table,6,1101.31,36,Furniture,East
2023-01-01,Multivitamins,2,46.0,400,Health,East
2023-01-01,Office Desk,6,2030.16,47,Furniture,South
2023-01-01,Office Desk,6,2163.37,60,Furniture,South
2023-01-01,Winter Jacket,3,501.31,119,Apparel,East
2023-01-01,Ergonomic Chair,4,900.16,87,Furniture,East
2023-01-01,Running Shoes,4,491.28,165,Apparel,Central
2023-01-01,Coffee Table,4,649.02,54,Furniture,North
2023-01-01,Protein Powder,0,0.0,299,Health,South
2023-01-01,Protein Powder,2,78.12,309,Health,North
2023-01-01,Yoga Mat,7,222.78,128,Health,East
2023-01-01,Coffee Table,5,840.69,36,Furniture,North
2023-01-01,SmartPhone X,1,871.82,137,Electronics,East
2023-01-01,Coffee Table,1,175.87,55,Furniture,East
2023-01-01,Winter Jacket,12,1816.66,117,Apparel,West
2023-01-02,Designer Jeans,5,459.9,196,Apparel,South
2023-01-02,Designer Jeans,2,194.74,192,Apparel,Central
2023-01-02,Running Shoes,1,123.9,140,Apparel,East
2023-01-02,Designer Jeans,4,338.97,192,Apparel,South
2023-01-02,Protein Powder,4,145.0,306,Health,East
2023-01-02,Wireless Earbuds,1,146.85,192,Electronics,South
2023-01-02,Designer Jeans,6,547.61,216,Apparel,East
2023-01-02,Laptop Pro,7,9174.77,89,Electronics,North
2023-01-02,Ergonomic Chair,1,251.98,82,Furniture,Central
2023-01-02,Wireless Earbuds,7,1004.0,216,Electronics,Central
2023-01-02,Designer Jeans,7,604.33,201,Apparel,West
2023-01-02,Coffee Table,0,0.0,37,Furniture,North
2023-01-02,Multivitamins,6,146.85,396,Health,Central
2023-01-02,SmartPhone X,6,4333.52,127,Electronics,Central
2023-01-02,Coffee Table,0,0.0,31,Furniture,North
2023-01-02,Yoga Mat,0,0.0,118,Health,East
2023-01-02,Wireless Earbuds,5,772.66,216,Electronics,East
2023-01-02,SmartPhone X,5,4280.03,120,Electronics,North
2023-01-02,Running Shoes,1,110.29,161,Apparel,West
2023-01-02,Wireless Earbuds,5,775.33,193,Electronics,South
2023-01-02,Wireless Earbuds,2,305.48,210,Electronics,South
2023-01-02,Yoga Mat,2,69.61,113,Health,North
2023-01-02,Yoga Mat,2,73.65,134,Health,South
2023-01-02,Protein Powder,5,210.84,295,Health,North
2023-01-02,Running Shoes,7,875.39,164,Apparel,West
2023-01-02,Yoga Mat,2,63.44,115,Health,East
2023-01-02,Yoga Mat,0,0.0,112,Health,Central
2023-01-02,Ergonomic Chair,4,949.86,71,Furniture,East
2023-01-02,Designer Jeans,3,293.91,195,Apparel,North
2023-01-03,Ergonomic Chair,2,466.12,60,Furniture,West
2023-01-03,Coffee Table,7,1160.58,56,Furniture,Central
2023-01-03,Coffee Table,3,582.4,39,Furniture,East
2023-01-03,Office Desk,5,1888.63,45,Furniture,North
2023-01-03,Wireless Earbuds,0,0.0,215,Electronics,Central
2023-01-03,Multivitamins,7,186.13,397,Health,Central
2023-01-03,Winter Jacket,6,865.33,96,Apparel,North
2023-01-03,Ergonomic Chair,7,1744.69,59,Furniture,South
2023-01-03,Coffee Table,2,343.4,52,Furniture,South
2023-01-03,Ergonomic Chair,4,943.75,82,Furniture,East
2023-01-03,Protein Powder,7,274.61,318,Health,East
2023-01-03,Coffee Table,0,0.0,40,Furniture,Central
2023-01-03,Designer Jeans,5,449.75,205,Apparel,East
2023-01-03,Multivitamins,4,95.7,405,Health,North
2023-01-03,Winter Jacket,0,0.0,116,Apparel,Central
2023-01-03,SmartPhone X,4,2901.15,109,Electronics,North
2023-01-03,Office Desk,0,0.0,40,Furniture,Central
2023-01-03,Protein Powder,4,159.66,294,Health,East
2023-01-03,SmartPhone X,5,4137.71,119,Electronics,East
2023-01-03,Designer Jeans,6,511.66,194,Apparel,West
2023-01-03,Laptop Pro,6,7157.23,70,Electronics,West
2023-01-03,Running Shoes,4,470.29,154,Apparel,West
2023-01-03,Designer Jeans,0,0.0,215,Apparel,West
2023-01-03,Yoga Mat,4,145.48,111,Health,North
2023-01-03,Multivitamins,3,72.39,392,Health,East
2023-01-04,Designer Jeans,2,191.14,208,Apparel,North
2023-01-04,Office Desk,5,1636.03,39,Furniture,Central
2023-01-04,Ergonomic Chair,6,1466.02,76,Furniture,South
2023-01-04,SmartPhone X,6,4452.02,136,Electronics,North
2023-01-04,Wireless Earbuds,7,968.83,211,Electronics,South
2023-01-04,Coffee Table,2,340.46,44,Furniture,South
2023-01-04,Winter Jacket,21,3371.18,105,Apparel,East
2023-01-04,Winter Jacket,3,527.64,118,Apparel,East
2023-01-04,Office Desk,4,1512.12,65,Furniture,Central
2023-01-04,SmartPhone X,5,3871.22,111,Electronics,West
2023-01-04,Wireless Earbuds,2,313.56,191,Electronics,South
2023-01-04,Yoga Mat,3,113.13,132,Health,West
2023-01-04,SmartPhone X,0,0.0,119,Electronics,Central
2023-01-04,Protein Powder,0,0.0,294,Health,North
2023-01-04,Protein Powder,6,245.11,291,Health,West
2023-01-04,Wireless Earbuds,7,1084.34,217,Electronics,North
2023-01-04,Protein Powder,1,37.29,306,Health,West
2023-01-05,Multivitamins,4,98.97,416,Health,South
2023-01-05,SmartPhone X,7,5237.04,112,Electronics,South
2023-01-05,Office Desk,0,0.0,54,Furniture,North
2023-01-05,Running Shoes,3,350.39,146,Apparel,East
2023-01-05,Multivitamins,5,130.52,388,Health,Central
2023-01-05,Laptop Pro,2,2465.44,90,Electronics,South
2023-01-05,Multivitamins,4,109.58,406,Health,Central
2023-01-05,Coffee Table,4,778.48,55,Furniture,West
2023-01-05,Protein Powder,1,38.8,288,Health,South
2023-01-05,Running Shoes,0,0.0,167,Apparel,East
2023-01-05,Designer Jeans,2,182.59,205,Apparel,West
2023-01-05,Coffee Table,0,0.0,58,Furniture,Central
2023-01-05,Office Desk,4,1507.38,66,Furniture,North
2023-01-05,Yoga Mat,7,267.2,137,Health,North
2023-01-05,Office Desk,0,0.0,41,Furniture,South
2023-01-05,Multivitamins,0,0.0,416,Health,Central
2023-01-06,Designer Jeans,5,429.16,191,Apparel,Central
2023-01-06,Ergonomic Chair,1,252.84,80,Furniture,North
2023-01-06,SmartPhone X,2,1622.42,132,Electronics,East
2023-01-06,Protein Powder,1,40.92,309,Health,South
2023-01-06,Coffee Table,5,835.22,55,Furniture,West
2023-01-06,Wireless Earbuds,1,144.68,196,Electronics,East
2023-01-06,Designer Jeans,0,0.0,210,Apparel,Central
2023-01-06,Winter Jacket,15,2300.92,111,Apparel,West
2023-01-06,Coffee Table,2,342.45,52,Furniture,West
2023-01-06,Winter Jacket,15,2400.73,101,Apparel,North
2023-01-06,Multivitamins,3,77.25,401,Health,East
2023-01-06,Protein Powder,2,77.41,315,Health,South
2023-01-06,Designer Jeans,1,82.69,211,Apparel,East
2023-01-06,Designer Jeans,4,347.63,214,Apparel,North
2023-01-06,Running Shoes,4,488.72,160,Apparel,West
2023-01-06,Protein Powder,0,0.0,293,Health,West
2023-01-06,Yoga Mat,4,141.04,113,Health,North
2023-01-06,Multivitamins,0,0.0,415,Health,East
2023-01-06,Coffee Table,4,713.85,34,Furniture,East
2023-01-07,Laptop Pro,2,2465.97,88,Electronics,North
2023-01-07,SmartPhone X,1,802.61,138,Electronics,West
2023-01-07,SmartPhone X,2,1694.46,127,Electronics,North
2023-01-07,Protein Powder,5,190.03,313,Health,North
2023-01-07,Winter Jacket,12,1759.06,97,Apparel,East
2023-01-07,Protein Powder,4,145.86,313,Health,South
2023-01-07,Winter Jacket,0,0.0,118,Apparel,South
2023-01-07,Coffee Table,4,750.9,36,Furniture,West
2023-01-07,Yoga Mat,4,143.87,137,Health,East
2023-01-07,Multivitamins,5,128.93,391,Health,West
2023-01-07,Wireless Earbuds,4,627.6,190,Electronics,North
2023-01-07,Coffee Table,2,378.56,53,Furniture,East
2023-01-07,SmartPhone X,4,2940.26,138,Electronics,Central
2023-01-08,Running Shoes,4,477.52,164,Apparel,South
2023-01-08,Laptop Pro,4,4774.53,69,Electronics,West
2023-01-08,Wireless Earbuds,4,587.82,197,Electronics,East
2023-01-08,Running Shoes,4,492.97,140,Apparel,Central
2023-01-08,Laptop Pro,3,3509.72,94,Electronics,West
2023-01-08,Designer Jeans,2,180.11,188,Apparel,East
2023-01-08,Office Desk,6,2166.65,42,Furniture,East
2023-01-08,Ergonomic Chair,6,1633.17,60,Furniture,North
2023-01-08,SmartPhone X,0,0.0,135,Electronics,Central
2023-01-08,Yoga Mat,3,106.58,126,Health,South
2023-01-08,Designer Jeans,2,185.16,188,Apparel,North
2023-01-08,Coffee Table,2,383.09,40,Furniture,East
2023-01-08,Wireless Earbuds,2,319.23,195,Electronics,South
2023-01-09,Office Desk,1,317.73,56,Furniture,Central
2023-01-09,SmartPhone X,2,1547.7,134,Electronics,West
2023-01-09,Protein Powder,6,234.5,296,Health,Central
2023-01-09,Running Shoes,1,114.26,144,Apparel,East
2023-01-09,Protein Powder,3,124.63,304,Health,South
2023-01-09,Wireless Earbuds,6,942.31,208,Electronics,North
2023-01-09,Laptop Pro,7,8480.59,73,Electronics,North
2023-01-09,Ergonomic Chair,7,1773.98,61,Furniture,West
2023-01-09,Ergonomic Chair,0,0.0,62,Furniture,West
2023-01-09,Yoga Mat,1,33.25,132,Health,South
2023-01-09,Office Desk,5,1900.77,43,Furniture,South
2023-01-09,Multivitamins,0,0.0,408,Health,East
2023-01-09,Ergonomic Chair,7,1658.38,88,Furniture,East
2023-01-09,Office Desk,0,0.0,58,Furniture,South
2023-01-09,Wireless Earbuds,7,1012.21,214,Electronics,East
2023-01-09,Office Desk,2,684.49,50,Furniture,East
2023-01-09,Laptop Pro,7,8983.2,77,Electronics,North
2023-01-09,Coffee Table,5,982.22,48,Furniture,Central
2023-01-09,Multivitamins,2,49.93,401,Health,East
2023-01-09,Laptop Pro,4,4408.04,80,Electronics,East
2023-01-09,Ergonomic Chair,7,1768.8,79,Furniture,North
2023-01-09,Ergonomic Chair,3,816.93,74,Furniture,South
2023-01-09,Multivitamins,7,161.47,406,Health,North
2023-01-09,Designer Jeans,5,494.63,213,Apparel,Central
2023-01-10,Winter Jacket,6,1034.44,99,Apparel,Central
2023-01-10,Wireless Earbuds,1,164.06,196,Electronics,Central
2023-01-10,Running Shoes,0,0.0,144,Apparel,East
2023-01-10,Office Desk,6,1920.56,56,Furniture,West
2023-01-10,Wireless Earbuds,1,137.44,192,Electronics,West
2023-01-10,Protein Powder,4,175.57,302,Health,Central
2023-01-10,Designer Jeans,0,0.0,204,Apparel,East
2023-01-10,Laptop Pro,5,6583.2,72,Electronics,Central
2023-01-10,Wireless Earbuds,3,438.86,206,Electronics,South
2023-01-10,SmartPhone X,4,3331.25,117,Electronics,South
2023-01-10,Yoga Mat,2,64.56,110,Health,North
2023-01-10,Protein Powder,1,39.75,312,Health,West
2023-01-10,Ergonomic Chair,3,692.82,87,Furniture,South
2023-01-10,Running Shoes,7,881.03,140,Apparel,Central
2023-01-10,Winter Jacket,21,3275.91,105,Apparel,West
2023-01-10,Winter Jacket,21,3607.7,94,Apparel,South
2023-01-10,Running Shoes,4,524.47,149,Apparel,South
2023-01-10,Multivitamins,4,90.87,406,Health,North
2023-01-10,Office Desk,4,1330.84,57,Furniture,North
2023-01-11,Coffee Table,7,1265.82,37,Furniture,East
2023-01-11,Multivitamins,0,0.0,386,Health,Central
2023-01-11,Laptop Pro,4,4989.05,71,Electronics,West
2023-01-11,Ergonomic Chair,5,1136.36,70,Furniture,Central
2023-01-11,Office Desk,6,2055.7,62,Furniture,West
2023-01-11,Office Desk,4,1337.67,66,Furniture,South
2023-01-11,Office Desk,3,1042.38,64,Furniture,East
2023-01-11,Running Shoes,1,114.38,142,Apparel,West
2023-01-11,Designer Jeans,7,599.75,214,Apparel,West
2023-01-11,Coffee Table,4,652.65,37,Furniture,Central
2023-01-11,Wireless Earbuds,0,0.0,200,Electronics,East
2023-01-11,Multivitamins,2,53.23,403,Health,West
2023-01-11,Ergonomic Chair,2,522.57,73,Furniture,West
2023-01-11,Coffee Table,7,1239.4,52,Furniture,North
2023-01-11,Office Desk,1,353.61,43,Furniture,East
2023-01-11,Protein Powder,5,196.45,308,Health,East
2023-01-11,Protein Powder,0,0.0,301,Health,South
2023-01-11,Yoga Mat,0,0.0,133,Health,West
2023-01-12,SmartPhone X,7,6126.3,134,Electronics,South
2023-01-12,Office Desk,0,0.0,40,Furniture,East
2023-01-12,Designer Jeans,7,619.27,187,Apparel,West
2023-01-12,Multivitamins,4,91.13,390,Health,North
2023-01-12,Yoga Mat,0,0.0,112,Health,East
2023-01-12,Protein Powder,4,173.22,308,Health,South
2023-01-12,SmartPhone X,4,3344.72,117,Electronics,North
2023-01-12,Coffee Table,2,341.81,42,Furniture,West
2023-01-12,Winter Jacket,21,3110.8,106,Apparel,North
2023-01-12,Yoga Mat,3,99.3,124,Health,North
2023-01-12,Designer Jeans,6,552.76,214,Apparel,Central
2023-01-12,Designer Jeans,6,488.4,212,Apparel,North
2023-01-12,Designer Jeans,1,89.57,189,Apparel,Central
2023-01-12,Ergonomic Chair,1,267.61,80,Furniture,South
2023-01-12,SmartPhone X,4,2936.58,134,Electronics,East
2023-01-12,Running Shoes,7,855.11,152,Apparel,Central
2023-01-12,Wireless Earbuds,5,788.27,207,Electronics,Central
2023-01-12,Protein Powder,1,42.44,292,Health,Central
2023-01-12,Yoga Mat,4,143.28,109,Health,East
2023-01-12,SmartPhone X,4,3269.18,125,Electronics,North
2023-01-12,Protein Powder,2,86.47,305,Health,East
2023-01-12,Yoga Mat,7,245.69,131,Health,Central
2023-01-12,Protein Powder,5,200.94,302,Health,West
2023-01-12,Yoga Mat,4,148.3,117,Health,Central
2023-01-12,Yoga Mat,6,224.37,124,Health,South
2023-01-12,Running Shoes,3,357.06,139,Apparel,North
2023-01-12,Coffee Table,4,718.94,41,Furniture,Central
2023-01-12,Yoga Mat,2,70.52,130,Health,West
2023-01-12,Laptop Pro,5,6101.72,79,Electronics,West
2023-01-13,SmartPhone X,6,4492.86,111,Electronics,East
2023-01-13,Yoga Mat,6,206.29,110,Health,South
2023-01-13,Yoga Mat,1,35.71,126,Health,East
2023-01-13,Winter Jacket,6,1021.78,105,Apparel,South
2023-01-13,Wireless Earbuds,4,550.64,187,Electronics,West
2023-01-13,Multivitamins,4,99.22,410,Health,North
2023-01-13,Office Desk,1,324.01,64,Furniture,West
2023-01-13,Laptop Pro,7,7715.05,83,Electronics,East
2023-01-13,Wireless Earbuds,7,1089.43,210,Electronics,North
2023-01-13,Designer Jeans,0,0.0,187,Apparel,West
2023-01-13,Laptop Pro,6,7557.49,97,Electronics,West
2023-01-13,Yoga Mat,3,98.9,131,Health,East
2023-01-13,Laptop Pro,4,4546.67,96,Electronics,West
2023-01-13,Multivitamins,5,125.78,386,Health,West
2023-01-13,Wireless Earbuds,6,833.96,189,Electronics,Central
2023-01-13,Ergonomic Chair,5,1252.92,73,Furniture,West
2023-01-13,SmartPhone X,1,791.59,110,Electronics,Central
2023-01-13,Ergonomic Chair,2,474.25,83,Furniture,West
2023-01-13,Running Shoes,5,585.27,147,Apparel,East
2023-01-13,Running Shoes,5,578.65,144,Apparel,North
2023-01-14,SmartPhone X,7,6037.39,127,Electronics,West
2023-01-14,Yoga Mat,7,253.78,110,Health,East
2023-01-14,Office Desk,7,2449.24,53,Furniture,North
2023-01-14,Running Shoes,3,362.67,139,Apparel,East
2023-01-14,Ergonomic Chair,6,1525.96,70,Furniture,South
2023-01-14,Office Desk,2,683.03,43,Furniture,West
2023-01-14,Ergonomic Chair,4,1079.93,60,Furniture,South
2023-01-14,Multivitamins,6,149.95,390,Health,South
2023-01-14,Office Desk,4,1521.43,59,Furniture,West
2023-01-14,Laptop Pro,4,4536.32,74,Electronics,North
2023-01-14,Wireless Earbuds,5,748.17,216,Electronics,Central
2023-01-14,Yoga Mat,6,226.66,130,Health,Central
2023-01-14,Winter Jacket,6,964.71,95,Apparel,East
2023-01-14,Office Desk,4,1535.07,44,Furniture,South
2023-01-14,SmartPhone X,1,812.16,118,Electronics,East
2023-01-15,Office Desk,4,1533.02,68,Furniture,Central
2023-01-15,Ergonomic Chair,6,1566.87,88,Furniture,South
2023-01-15,Wireless Earbuds,7,1095.88,197,Electronics,West
2023-01-15,Coffee Table,6,1074.95,41,Furniture,North
2023-01-15,SmartPhone X,4,2999.71,129,Electronics,Central
2023-01-15,Designer Jeans,3,265.97,187,Apparel,East
2023-01-15,Designer Jeans,3,256.09,201,Apparel,Central
2023-01-15,Ergonomic Chair,0,0.0,64,Furniture,South
2023-01-15,Coffee Table,4,720.88,32,Furniture,Central
2023-01-15,SmartPhone X,2,1456.58,125,Electronics,West
2023-01-15,Laptop Pro,6,6673.56,90,Electronics,East
2023-01-15,Yoga Mat,1,33.76,109,Health,East
2023-01-15,Designer Jeans,3,256.75,191,Apparel,East
2023-01-16,Ergonomic Chair,0,0.0,73,Furniture,East
2023-01-16,Multivitamins,6,153.18,386,Health,North
2023-01-16,Coffee Table,0,0.0,56,Furniture,Central
2023-01-16,Coffee Table,1,166.47,52,Furniture,West
2023-01-16,Wireless Earbuds,7,988.05,189,Electronics,South
2023-01-16,Winter Jacket,6,1041.88,109,Apparel,South
2023-01-16,Office Desk,6,2237.74,43,Furniture,South
2023-01-16,SmartPhone X,2,1492.57,112,Electronics,Central
2023-01-16,Winter Jacket,6,991.72,113,Apparel,East
2023-01-16,Multivitamins,3,72.24,393,Health,North
2023-01-16,Laptop Pro,7,8707.41,75,Electronics,South
2023-01-16,SmartPhone X,5,4171.03,126,Electronics,Central
2023-01-16,Designer Jeans,4,362.86,201,Apparel,South
2023-01-16,Office Desk,0,0.0,39,Furniture,North
2023-01-16,Winter Jacket,15,2415.29,108,Apparel,Central
2023-01-16,Yoga Mat,6,198.62,114,Health,Central
2023-01-16,Yoga Mat,2,69.04,110,Health,West
2023-01-16,Wireless Earbuds,5,784.58,196,Electronics,Central
2023-01-16,Yoga Mat,3,111.17,136,Health,South
2023-01-16,Wireless Earbuds,0,0.0,193,Electronics,South
2023-01-16,Winter Jacket,9,1583.34,112,Apparel,North
2023-01-16,SmartPhone X,0,0.0,134,Electronics,North
2023-01-16,Designer Jeans,5,417.88,190,Apparel,North
2023-01-17,Coffee Table,1,189.45,55,Furniture,West
2023-01-17,Yoga Mat,0,0.0,120,Health,South
2023-01-17,Designer Jeans,3,267.68,205,Apparel,Central
2023-01-17,Protein Powder,6,240.11,292,Health,West
2023-01-17,Protein Powder,4,159.56,288,Health,Central
2023-01-17,Laptop Pro,1,1082.93,86,Electronics,East
2023-01-17,SmartPhone X,2,1620.96,133,Electronics,West
2023-01-17,Running Shoes,4,511.37,166,Apparel,Central
2023-01-17,Running Shoes,6,732.01,144,Apparel,West
2023-01-17,Designer Jeans,5,446.58,199,Apparel,West
2023-01-17,Wireless Earbuds,6,901.06,210,Electronics,Central
2023-01-17,Designer Jeans,0,0.0,213,Apparel,East
2023-01-17,Wireless Earbuds,3,487.69,190,Electronics,East
2023-01-17,Yoga Mat,6,189.97,117,Health,West
2023-01-17,Yoga Mat,0,0.0,133,Health,North
2023-01-17,Wireless Earbuds,7,1034.07,214,Electronics,Central
2023-01-17,Office Desk,6,2242.98,49,Furniture,Central
2023-01-17,Laptop Pro,5,5547.37,72,Electronics,West
2023-01-17,Laptop Pro,4,4478.9,71,Electronics,East
2023-01-17,Winter Jacket,12,2049.6,88,Apparel,South
2023-01-18,Ergonomic Chair,4,1003.77,65,Furniture,Central
2023-01-18,Designer Jeans,4,351.31,206,Apparel,West
2023-01-18,Wireless Earbuds,7,988.17,210,Electronics,Central
2023-01-18,Laptop Pro,4,4899.57,70,Electronics,West
2023-01-18,Winter Jacket,9,1450.77,98,Apparel,West
2023-01-18,Coffee Table,4,697.87,46,Furniture,South
2023-01-18,SmartPhone X,1,866.95,118,Electronics,West
2023-01-18,Wireless Earbuds,2,284.89,210,Electronics,Central
2023-01-18,Multivitamins,5,116.64,403,Health,South
2023-01-18,Wireless Earbuds,6,866.07,214,Electronics,Central
2023-01-18,Laptop Pro,4,4531.29,85,Electronics,East
2023-01-18,Laptop Pro,4,4814.57,84,Electronics,South
2023-01-18,Winter Jacket,9,1428.19,107,Apparel,West
2023-01-18,Protein Powder,4,171.54,313,Health,South
2023-01-18,Ergonomic Chair,6,1500.66,58,Furniture,West
2023-01-18,Coffee Table,5,886.82,52,Furniture,East
2023-01-18,Protein Powder,2,77.59,314,Health,South
2023-01-18,Multivitamins,0,0.0,412,Health,East
2023-01-18,Running Shoes,6,732.59,137,Apparel,North
2023-01-18,Laptop Pro,2,2377.58,69,Electronics,East
2023-01-18,Running Shoes,4,474.31,154,Apparel,West
2023-01-18,Winter Jacket,12,2021.9,91,Apparel,West
2023-01-18,Running Shoes,0,0.0,159,Apparel,Central
2023-01-18,Wireless Earbuds,5,787.99,195,Electronics,East
2023-01-18,Running Shoes,2,246.91,164,Apparel,North
2023-01-18,Yoga Mat,0,0.0,135,Health,Central
2023-01-18,SmartPhone X,1,858.72,115,Electronics,East
2023-01-18,Yoga Mat,0,0.0,110,Health,North
2023-01-18,Ergonomic Chair,6,1408.83,86,Furniture,North
2023-01-19,Ergonomic Chair,4,967.85,62,Furniture,Central
2023-01-19,Laptop Pro,2,2585.98,95,Electronics,North
2023-01-19,Multivitamins,6,137.98,406,Health,East
2023-01-19,Yoga Mat,6,222.89,122,Health,West
2023-01-19,Designer Jeans,3,294.0,207,Apparel,West
2023-01-19,Yoga Mat,4,137.38,129,Health,East
2023-01-19,Running Shoes,1,108.31,143,Apparel,West
2023-01-19,Laptop Pro,0,0.0,86,Electronics,South
2023-01-19,Wireless Earbuds,2,304.98,213,Electronics,East
2023-01-19,Designer Jeans,1,97.07,200,Apparel,East
2023-01-19,Coffee Table,4,697.22,38,Furniture,West
2023-01-19,Protein Powder,1,38.9,306,Health,West
2023-01-19,Laptop Pro,3,3689.39,73,Electronics,North
2023-01-19,Laptop Pro,7,8292.69,79,Electronics,East
2023-01-19,Ergonomic Chair,2,544.85,79,Furniture,South
2023-01-19,Winter Jacket,18,2657.8,117,Apparel,East
2023-01-19,Wireless Earbuds,6,987.37,208,Electronics,North
2023-01-19,Coffee Table,0,0.0,45,Furniture,Central
2023-01-19,Wireless Earbuds,7,1058.74,198,Electronics,East
2023-01-19,Coffee Table,7,1198.99,50,Furniture,North
2023-01-19,Ergonomic Chair,4,1066.99,61,Furniture,South
2023-01-19,Designer Jeans,1,85.9,196,Apparel,North
2023-01-20,Designer Jeans,1,90.53,195,Apparel,Central
2023-01-20,Running Shoes,3,359.86,138,Apparel,West
2023-01-20,Office Desk,0,0.0,44,Furniture,West
2023-01-20,Coffee Table,5,829.18,50,Furniture,West
2023-01-20,SmartPhone X,4,3048.76,112,Electronics,Central
2023-01-20,Yoga Mat,6,199.53,119,Health,South
2023-01-20,Running Shoes,7,839.04,146,Apparel,East
2023-01-20,Laptop Pro,0,0.0,95,Electronics,Central
2023-01-20,Ergonomic Chair,1,233.31,68,Furniture,South
2023-01-20,Office Desk,0,0.0,42,Furniture,West
2023-01-20,Running Shoes,2,227.78,157,Apparel,West
2023-01-20,Multivitamins,6,148.12,385,Health,West
2023-01-20,Office Desk,0,0.0,46,Furniture,South
2023-01-20,Ergonomic Chair,2,544.93,80,Furniture,West
2023-01-20,Yoga Mat,6,228.35,111,Health,East
2023-01-20,Multivitamins,6,141.45,385,Health,South
2023-01-20,Running Shoes,3,335.66,156,Apparel,West
2023-01-20,Winter Jacket,0,0.0,100,Apparel,West
2023-01-20,Wireless Earbuds,1,153.7,187,Electronics,East
2023-01-20,SmartPhone X,4,3100.41,114,Electronics,West
2023-01-21,Wireless Earbuds,0,0.0,196,Electronics,South
2023-01-21,Laptop Pro,6,7106.15,74,Electronics,Central
2023-01-21,Yoga Mat,2,74.47,111,Health,North
2023-01-21,Designer Jeans,2,171.8,187,Apparel,Central
2023-01-21,SmartPhone X,2,1540.67,133,Electronics,East
2023-01-21,Ergonomic Chair,0,0.0,67,Furniture,East
2023-01-21,Yoga Mat,7,242.35,121,Health,North
2023-01-21,Designer Jeans,6,567.91,206,Apparel,Central
2023-01-21,Coffee Table,0,0.0,50,Furniture,North
2023-01-21,Laptop Pro,4,5261.35,85,Electronics,Central
2023-01-22,Office Desk,7,2667.59,53,Furniture,South
2023-01-22,Ergonomic Chair,5,1374.84,83,Furniture,North
2023-01-22,Laptop Pro,4,4774.28,74,Electronics,Central
2023-01-22,Protein Powder,4,167.39,302,Health,West
2023-01-22,Protein Powder,6,262.61,306,Health,Central
2023-01-22,Office Desk,1,367.15,58,Furniture,South
2023-01-22,Office Desk,5,1734.3,65,Furniture,Central
2023-01-22,Coffee Table,5,816.66,52,Furniture,West
2023-01-22,Protein Powder,2,80.97,296,Health,Central
2023-01-22,Running Shoes,1,129.24,147,Apparel,South
2023-01-22,Ergonomic Chair,6,1482.31,80,Furniture,Central
2023-01-22,Protein Powder,5,192.61,300,Health,West
2023-01-22,SmartPhone X,3,2539.55,131,Electronics,West
2023-01-22,Laptop Pro,1,1204.84,80,Electronics,Central
2023-01-22,Running Shoes,1,108.59,146,Apparel,East
2023-01-22,Protein Powder,1,36.17,306,Health,West
2023-01-22,Laptop Pro,1,1305.38,70,Electronics,South
2023-01-22,Wireless Earbuds,5,676.42,214,Electronics,North
2023-01-23,Laptop Pro,0,0.0,88,Electronics,East
2023-01-23,Wireless Earbuds,7,1066.96,196,Electronics,Central
2023-01-23,Yoga Mat,7,258.15,131,Health,South
2023-01-23,Protein Powder,5,200.9,283,Health,West
2023-01-23,Wireless Earbuds,0,0.0,198,Electronics,Central
2023-01-23,SmartPhone X,6,4595.75,110,Electronics,North
2023-01-23,Ergonomic Chair,1,236.68,82,Furniture,South
2023-01-23,Designer Jeans,0,0.0,199,Apparel,North
2023-01-23,Ergonomic Chair,7,1613.31,82,Furniture,East
2023-01-23,Protein Powder,6,221.97,309,Health,South
2023-01-23,Office Desk,4,1480.18,48,Furniture,West
2023-01-23,Running Shoes,4,526.3,149,Apparel,East
2023-01-23,Multivitamins,6,149.02,393,Health,South
2023-01-23,Wireless Earbuds,1,140.01,204,Electronics,South
2023-01-23,Multivitamins,3,70.98,400,Health,East
2023-01-23,Yoga Mat,4,143.02,119,Health,North
2023-01-23,Laptop Pro,1,1172.18,76,Electronics,Central
2023-01-23,SmartPhone X,0,0.0,130,Electronics,East
2023-01-23,Winter Jacket,12,2035.5,108,Apparel,Central
2023-01-23,Running Shoes,5,646.05,138,Apparel,Central
2023-01-23,Winter Jacket,9,1582.53,115,Apparel,South
2023-01-23,Office Desk,2,736.15,67,Furniture,East
2023-01-23,Multivitamins,0,0.0,383,Health,South
2023-01-23,Protein Powder,4,163.93,311,Health,Central
2023-01-23,Winter Jacket,21,3422.46,100,Apparel,South
2023-01-23,Designer Jeans,4,330.59,193,Apparel,Central
2023-01-23,SmartPhone X,6,4574.98,134,Electronics,East
2023-01-23,Designer Jeans,7,572.59,186,Apparel,East
2023-01-24,Protein Powder,7,270.43,307,Health,Central
2023-01-24,Coffee Table,4,753.87,30,Furniture,North
2023-01-24,Multivitamins,6,142.58,386,Health,South
2023-01-24,Running Shoes,6,748.18,151,Apparel,Central
2023-01-24,Coffee Table,1,164.92,56,Furniture,East
2023-01-24,Running Shoes,4,527.18,153,Apparel,North
2023-01-24,SmartPhone X,6,5167.59,136,Electronics,West
2023-01-24,Protein Powder,2,85.19,306,Health,East
2023-01-24,Winter Jacket,18,2982.54,113,Apparel,Central
2023-01-24,Coffee Table,0,0.0,47,Furniture,East
2023-01-24,Yoga Mat,6,199.3,133,Health,South
2023-01-24,Protein Powder,7,270.7,295,Health,Central
2023-01-24,Office Desk,7,2660.74,41,Furniture,West
2023-01-24,Running Shoes,4,450.17,140,Apparel,West
2023-01-24,Coffee Table,7,1141.37,51,Furniture,South
2023-01-24,Coffee Table,4,755.07,46,Furniture,Central
2023-01-24,Running Shoes,3,364.05,148,Apparel,West
2023-01-24,Designer Jeans,5,422.38,197,Apparel,North
2023-01-24,Multivitamins,0,0.0,388,Health,South
2023-01-24,Multivitamins,1,25.67,404,Health,Central
2023-01-24,Coffee Table,2,333.25,47,Furniture,Central
2023-01-24,Office Desk,5,1764.44,39,Furniture,East
2023-01-24,Laptop Pro,4,4418.41,71,Electronics,Central
2023-01-24,Running Shoes,3,373.53,153,Apparel,South
2023-01-24,Wireless Earbuds,3,432.09,201,Electronics,Central
2023-01-24,Office Desk,4,1458.4,59,Furniture,West
2023-01-25,Designer Jeans,4,368.71,211,Apparel,West
2023-01-25,Running Shoes,1,128.92,150,Apparel,North
2023-01-25,Office Desk,3,1080.99,57,Furniture,East
2023-01-25,Laptop Pro,5,5478.75,68,Electronics,East
2023-01-25,SmartPhone X,4,3117.97,125,Electronics,North
2023-01-25,Designer Jeans,5,445.13,198,Apparel,South
2023-01-25,Multivitamins,1,27.49,396,Health,North
2023-01-25,Winter Jacket,6,950.67,93,Apparel,West
2023-01-25,Winter Jacket,15,2556.44,97,Apparel,Central
2023-01-25,Yoga Mat,3,112.14,121,Health,North
2023-01-25,Ergonomic Chair,3,773.18,84,Furniture,East
2023-01-25,Coffee Table,2,392.46,40,Furniture,South
2023-01-25,Protein Powder,6,236.75,303,Health,Central
2023-01-25,Running Shoes,4,493.3,141,Apparel,East
2023-01-25,Office Desk,2,668.39,40,Furniture,South
2023-01-26,Multivitamins,0,0.0,385,Health,North
2023-01-26,Wireless Earbuds,1,141.39,201,Electronics,East
2023-01-26,Coffee Table,7,1314.16,46,Furniture,North
2023-01-26,Wireless Earbuds,6,838.66,209,Electronics,Central
2023-01-26,Laptop Pro,0,0.0,75,Electronics,West
2023-01-26,Ergonomic Chair,1,263.05,60,Furniture,South
2023-01-26,Yoga Mat,4,151.53,132,Health,West
2023-01-26,Laptop Pro,2,2249.02,82,Electronics,East
2023-01-26,Designer Jeans,7,567.16,191,Apparel,South
2023-01-26,Laptop Pro,0,0.0,87,Electronics,West
2023-01-26,Wireless Earbuds,3,455.26,200,Electronics,North
2023-01-26,Yoga Mat,7,228.38,128,Health,West
2023-01-26,Yoga Mat,4,135.13,108,Health,Central
2023-01-26,Yoga Mat,6,207.2,119,Health,North
2023-01-26,Designer Jeans,0,0.0,202,Apparel,Central
2023-01-26,Office Desk,1,348.6,43,Furniture,South
2023-01-26,SmartPhone X,7,6003.34,112,Electronics,South
2023-01-26,Designer Jeans,7,571.99,206,Apparel,East
2023-01-26,SmartPhone X,2,1473.58,123,Electronics,South
2023-01-26,Office Desk,7,2484.74,52,Furniture,North
2023-01-26,Protein Powder,4,163.78,301,Health,Central
2023-01-26,Laptop Pro,0,0.0,85,Electronics,Central
2023-01-26,Winter Jacket,0,0.0,87,Apparel,East
2023-01-26,SmartPhone X,7,5432.7,107,Electronics,South
2023-01-26,Running Shoes,3,349.76,142,Apparel,West
2023-01-27,Running Shoes,4,486.48,149,Apparel,East
2023-01-27,Protein Powder,1,42.57,291,Health,West
2023-01-27,Yoga Mat,5,180.96,114,Health,West
2023-01-27,Laptop Pro,2,2590.19,76,Electronics,East
2023-01-27,Yoga Mat,4,143.26,115,Health,South
2023-01-27,Multivitamins,1,27.18,387,Health,East
2023-01-27,Wireless Earbuds,1,153.76,204,Electronics,Central
2023-01-27,Office Desk,5,1806.29,53,Furniture,North
2023-01-27,Ergonomic Chair,3,764.62,79,Furniture,Central
2023-01-27,Protein Powder,2,72.65,309,Health,Central
2023-01-27,Designer Jeans,1,82.09,207,Apparel,South
2023-01-27,Ergonomic Chair,7,1880.12,83,Furniture,West
2023-01-27,Winter Jacket,6,1051.37,90,Apparel,East
2023-01-27,Running Shoes,6,773.54,156,Apparel,East
2023-01-27,Coffee Table,5,817.86,40,Furniture,Central
2023-01-27,Winter Jacket,3,434.0,105,Apparel,West
2023-01-28,SmartPhone X,4,3517.65,114,Electronics,East
2023-01-28,Multivitamins,2,45.82,397,Health,East
2023-01-28,Winter Jacket,6,906.35,108,Apparel,South
2023-01-28,Yoga Mat,0,0.0,122,Health,North
2023-01-28,Multivitamins,4,104.54,407,Health,South
2023-01-28,Multivitamins,6,147.76,382,Health,West
2023-01-28,Winter Jacket,9,1441.4,104,Apparel,Central
2023-01-28,Protein Powder,0,0.0,290,Health,East
2023-01-28,Protein Powder,3,108.71,283,Health,Central
2023-01-28,Office Desk,3,1128.42,39,Furniture,South
2023-01-28,Winter Jacket,9,1417.46,96,Apparel,North
2023-01-28,Coffee Table,2,366.65,49,Furniture,West
2023-01-28,Designer Jeans,2,184.43,191,Apparel,East
2023-01-28,Yoga Mat,4,146.53,108,Health,East
2023-01-28,Designer Jeans,6,529.77,213,Apparel,North
2023-01-29,Winter Jacket,3,449.37,91,Apparel,South
2023-01-29,Yoga Mat,4,139.78,135,Health,North
2023-01-29,Winter Jacket,12,2062.37,101,Apparel,North
2023-01-29,Protein Powder,6,243.81,301,Health,South
2023-01-29,Laptop Pro,1,1102.86,83,Electronics,Central
2023-01-29,Multivitamins,7,191.43,380,Health,West
2023-01-29,Laptop Pro,2,2475.23,67,Electronics,East
2023-01-29,SmartPhone X,6,4894.77,109,Electronics,North
2023-01-29,Laptop Pro,5,5944.55,77,Electronics,South
2023-01-29,Laptop Pro,2,2372.17,82,Electronics,Central
2023-01-29,Laptop Pro,7,8283.89,86,Electronics,West
2023-01-29,Wireless Earbuds,6,921.09,184,Electronics,West
2023-01-29,Protein Powder,7,261.35,301,Health,West
2023-01-29,Coffee Table,7,1286.6,42,Furniture,East
2023-01-29,Wireless Earbuds,4,604.02,200,Electronics,West
2023-01-29,SmartPhone X,0,0.0,129,Electronics,Central
2023-01-30,SmartPhone X,4,3011.74,134,Electronics,West
2023-01-30,Yoga Mat,3,100.16,107,Health,North
2023-01-30,Coffee Table,7,1267.85,47,Furniture,West
2023-01-30,Multivitamins,0,0.0,384,Health,East
2023-01-30,Ergonomic Chair,4,1086.78,62,Furniture,West
2023-01-30,Winter Jacket,0,0.0,100,Apparel,East
2023-01-30,Multivitamins,3,82.3,402,Health,South
2023-01-30,Running Shoes,1,115.76,163,Apparel,Central
2023-01-30,Multivitamins,7,177.8,402,Health,East
2023-01-30,Protein Powder,1,38.74,286,Health,Central
2023-01-30,Wireless Earbuds,3,416.32,213,Electronics,East
2023-01-30,SmartPhone X,3,2498.25,115,Electronics,North
2023-01-30,Ergonomic Chair,5,1165.6,78,Furniture,South
2023-01-30,Yoga Mat,0,0.0,134,Health,North
2023-01-30,Wireless Earbuds,4,644.18,205,Electronics,Central
2023-01-30,Office Desk,1,361.31,60,Furniture,South
2023-01-30,SmartPhone X,1,759.06,131,Electronics,North
2023-01-30,Multivitamins,6,160.94,395,Health,Central
2023-01-30,Coffee Table,6,1143.83,31,Furniture,North
2023-01-30,Running Shoes,0,0.0,150,Apparel,South
2023-01-30,Office Desk,4,1446.75,46,Furniture,Central
2023-01-30,Protein Powder,1,44.0,286,Health,North
2023-01-30,Laptop Pro,7,9015.62,91,Electronics,East
2023-01-30,Designer Jeans,7,578.4,192,Apparel,East
2023-01-30,Ergonomic Chair,3,772.58,63,Furniture,North
2023-01-30,Yoga Mat,3,108.52,111,Health,North
2023-01-31,Laptop Pro,1,1290.69,89,Electronics,Central
2023-01-31,Designer Jeans,2,193.28,184,Apparel,South
2023-01-31,Office Desk,6,2014.69,44,Furniture,West
2023-01-31,Coffee Table,7,1216.75,28,Furniture,South
2023-01-31,Yoga Mat,5,177.22,124,Health,South
2023-01-31,Yoga Mat,7,249.73,122,Health,East
2023-01-31,Protein Powder,2,75.64,306,Health,Central
2023-01-31,Ergonomic Chair,2,466.84,71,Furniture,East
2023-01-31,Yoga Mat,1,34.74,108,Health,South
2023-01-31,Protein Powder,4,171.63,296,Health,North
2023-01-31,Office Desk,1,348.54,58,Furniture,Central
2023-01-31,Running Shoes,7,819.87,136,Apparel,North
2023-01-31,Wireless Earbuds,4,569.53,187,Electronics,East
2023-01-31,Multivitamins,5,132.82,395,Health,East
2023-01-31,Office Desk,4,1314.82,60,Furniture,South
2023-01-31,Running Shoes,4,518.21,159,Apparel,West
2023-02-01,Yoga Mat,2,63.84,126,Health,East
2023-02-01,Multivitamins,4,93.89,391,Health,North
2023-02-01,Laptop Pro,3,3424.88,86,Electronics,East
2023-02-01,Yoga Mat,2,71.13,115,Health,South
2023-02-01,Designer Jeans,3,281.75,185,Apparel,West
2023-02-01,Ergonomic Chair,0,0.0,82,Furniture,North
2023-02-01,Protein Powder,7,281.26,287,Health,North
2023-02-01,Yoga Mat,5,175.88,112,Health,North
2023-02-01,Designer Jeans,6,571.69,212,Apparel,South
2023-02-01,Designer Jeans,6,590.0,187,Apparel,Central
2023-02-01,Multivitamins,4,106.12,378,Health,South
2023-02-01,Ergonomic Chair,6,1507.95,71,Furniture,North
2023-02-01,Yoga Mat,5,179.83,126,Health,East
2023-02-01,Coffee Table,4,733.47,53,Furniture,West
2023-02-01,Laptop Pro,7,8646.3,90,Electronics,East
2023-02-01,Wireless Earbuds,7,1121.37,191,Electronics,Central
2023-02-01,Yoga Mat,6,203.84,131,Health,Central
2023-02-01,Protein Powder,4,153.67,304,Health,East
2023-02-02,Winter Jacket,9,1418.04,95,Apparel,East
2023-02-02,Laptop Pro,7,7720.5,70,Electronics,West
2023-02-02,Protein Powder,0,0.0,284,Health,Central
2023-02-02,Office Desk,0,0.0,39,Furniture,Central
2023-02-02,Office Desk,0,0.0,54,Furniture,South
2023-02-02,Wireless Earbuds,4,542.84,197,Electronics,Central
2023-02-02,Coffee Table,2,367.71,38,Furniture,North
2023-02-02,Multivitamins,7,171.18,405,Health,East
2023-02-02,Office Desk,7,2448.42,39,Furniture,West
2023-02-02,SmartPhone X,2,1631.06,123,Electronics,East
2023-02-02,Yoga Mat,2,69.2,134,Health,East
2023-02-02,Coffee Table,5,940.41,38,Furniture,South
2023-02-02,Designer Jeans,5,435.7,196,Apparel,East
2023-02-02,Winter Jacket,6,979.82,91,Apparel,North
2023-02-02,Running Shoes,5,632.71,138,Apparel,West
2023-02-02,Ergonomic Chair,6,1543.59,60,Furniture,Central
2023-02-02,SmartPhone X,2,1568.38,106,Electronics,East
2023-02-03,Coffee Table,4,699.12,31,Furniture,Central
2023-02-03,Running Shoes,0,0.0,162,Apparel,South
2023-02-03,Wireless Earbuds,4,548.39,203,Electronics,East
2023-02-03,Coffee Table,6,1162.1,45,Furniture,West
2023-02-03,Designer Jeans,2,181.19,211,Apparel,East
2023-02-03,Laptop Pro,2,2251.36,68,Electronics,West
2023-02-03,SmartPhone X,5,3902.78,111,Electronics,Central
2023-02-03,SmartPhone X,0,0.0,128,Electronics,Central
2023-02-03,Protein Powder,3,109.44,291,Health,West
2023-02-03,Protein Powder,3,131.08,308,Health,East
2023-02-03,Laptop Pro,7,7846.4,76,Electronics,West
2023-02-03,Running Shoes,7,894.06,146,Apparel,East
2023-02-03,Office Desk,0,0.0,45,Furniture,South
2023-02-03,Protein Powder,3,119.4,309,Health,Central
2023-02-03,Running Shoes,5,587.92,142,Apparel,Central
2023-02-03,Protein Powder,4,175.76,287,Health,East
2023-02-03,Wireless Earbuds,6,907.19,207,Electronics,East
2023-02-03,Wireless Earbuds,4,551.15,204,Electronics,Central
2023-02-03,Ergonomic Chair,1,264.4,57,Furniture,East
2023-02-03,Running Shoes,4,511.3,140,Apparel,Central
2023-02-03,Winter Jacket,9,1500.12,99,Apparel,Central
2023-02-03,Designer Jeans,3,259.37,200,Apparel,East
2023-02-03,Wireless Earbuds,1,146.43,184,Electronics,West
2023-02-03,Winter Jacket,21,3396.16,96,Apparel,South
2023-02-03,Wireless Earbuds,2,293.82,205,Electronics,West
2023-02-04,Ergonomic Chair,3,806.0,62,Furniture,East
2023-02-04,Coffee Table,2,380.61,42,Furniture,South
2023-02-04,Winter Jacket,12,1945.56,105,Apparel,East
2023-02-04,Designer Jeans,0,0.0,200,Apparel,West
2023-02-04,Designer Jeans,2,186.27,192,Apparel,Central
2023-02-04,Coffee Table,4,668.34,34,Furniture,South
2023-02-04,Winter Jacket,9,1531.8,100,Apparel,South
2023-02-04,Coffee Table,4,651.3,54,Furniture,East
2023-02-04,Protein Powder,1,37.79,293,Health,East
2023-02-04,Protein Powder,3,121.75,289,Health,South
2023-02-04,Running Shoes,7,852.63,163,Apparel,West
2023-02-04,Laptop Pro,4,4621.18,80,Electronics,North
2023-02-04,Wireless Earbuds,0,0.0,204,Electronics,East
2023-02-04,Wireless Earbuds,3,450.23,191,Electronics,North
2023-02-04,Protein Powder,4,148.68,300,Health,North
2023-02-04,Coffee Table,1,164.45,29,Furniture,East
2023-02-04,Laptop Pro,3,3337.32,70,Electronics,North
2023-02-04,Running Shoes,3,355.64,162,Apparel,Central
2023-02-04,Laptop Pro,4,4320.32,77,Electronics,Central
2023-02-05,Protein Powder,5,186.08,298,Health,West
2023-02-05,Running Shoes,4,506.95,144,Apparel,Central
2023-02-05,Coffee Table,7,1148.66,38,Furniture,East
2023-02-05,Running Shoes,1,109.39,158,Apparel,West
2023-02-05,Coffee Table,7,1242.44,36,Furniture,East
2023-02-05,Designer Jeans,2,164.69,210,Apparel,South
2023-02-05,Ergonomic Chair,2,467.78,72,Furniture,South
2023-02-05,Wireless Earbuds,0,0.0,189,Electronics,North
2023-02-05,SmartPhone X,6,5101.41,112,Electronics,North
2023-02-05,Office Desk,3,981.49,41,Furniture,South
2023-02-05,Multivitamins,4,98.52,380,Health,North
2023-02-06,Coffee Table,2,350.48,55,Furniture,West
2023-02-06,Yoga Mat,4,149.17,109,Health,Central
2023-02-06,Protein Powder,4,174.84,301,Health,Central
2023-02-06,Designer Jeans,1,83.41,203,Apparel,North
2023-02-06,Ergonomic Chair,4,1058.07,77,Furniture,Central
2023-02-06,Coffee Table,5,834.68,34,Furniture,North
2023-02-06,Running Shoes,4,452.66,154,Apparel,North
2023-02-06,Wireless Earbuds,1,153.88,203,Electronics,Central
2023-02-06,Running Shoes,1,109.55,137,Apparel,North
2023-02-06,Ergonomic Chair,0,0.0,84,Furniture,West
2023-02-06,Protein Powder,4,171.02,301,Health,Central
2023-02-06,Laptop Pro,4,4788.71,70,Electronics,East
2023-02-06,Multivitamins,1,24.12,403,Health,North
2023-02-06,Yoga Mat,1,34.83,113,Health,South
2023-02-06,Designer Jeans,3,289.42,192,Apparel,West
2023-02-06,Protein Powder,4,174.6,295,Health,East
2023-02-06,Multivitamins,7,161.08,399,Health,South
2023-02-06,Protein Powder,7,304.8,280,Health,Central
2023-02-07,Yoga Mat,0,0.0,130,Health,Central
2023-02-07,Laptop Pro,6,7144.53,77,Electronics,North
2023-02-07,Coffee Table,5,928.68,54,Furniture,Central
2023-02-07,Coffee Table,4,739.68,42,Furniture,Central
2023-02-07,Winter Jacket,0,0.0,109,Apparel,West
2023-02-07,Designer Jeans,2,165.8,194,Apparel,Central
2023-02-07,Wireless Earbuds,0,0.0,190,Electronics,North
2023-02-07,Coffee Table,6,990.32,38,Furniture,North
2023-02-07,Ergonomic Chair,0,0.0,80,Furniture,East
2023-02-07,Multivitamins,2,45.12,380,Health,West
2023-02-07,Designer Jeans,3,282.83,208,Apparel,East
2023-02-07,Protein Powder,3,116.39,293,Health,Central
2023-02-07,Winter Jacket,6,990.98,113,Apparel,South
2023-02-07,SmartPhone X,2,1495.71,109,Electronics,South
2023-02-07,Designer Jeans,4,371.54,190,Apparel,Central
2023-02-07,Laptop Pro,4,4399.31,82,Electronics,West
2023-02-07,Laptop Pro,0,0.0,74,Electronics,Central
2023-02-07,Coffee Table,7,1379.95,42,Furniture,South
2023-02-07,Laptop Pro,1,1082.5,70,Electronics,West
2023-02-07,Protein Powder,3,126.59,287,Health,Central
2023-02-07,Yoga Mat,7,246.48,134,Health,North
2023-02-07,Office Desk,1,337.56,41,Furniture,West
2023-02-07,Multivitamins,6,138.42,388,Health,West
2023-02-07,Laptop Pro,4,5203.49,82,Electronics,Central
2023-02-07,Designer Jeans,1,83.31,197,Apparel,South
2023-02-07,Protein Powder,0,0.0,301,Health,West
2023-02-08,Wireless Earbuds,7,1023.96,195,Electronics,South
2023-02-08,Office Desk,7,2285.21,57,Furniture,Central
2023-02-08,Ergonomic Chair,3,693.23,75,Furniture,North
2023-02-08,Running Shoes,0,0.0,136,Apparel,Central
2023-02-08,Ergonomic Chair,5,1344.82,68,Furniture,South
2023-02-08,Protein Powder,7,282.46,299,Health,Central
2023-02-08,Ergonomic Chair,4,1095.68,70,Furniture,South
2023-02-08,Coffee Table,6,1092.49,50,Furniture,West
2023-02-08,Coffee Table,4,756.46,52,Furniture,West
2023-02-08,Coffee Table,4,725.7,40,Furniture,Central
2023-02-08,SmartPhone X,1,737.27,125,Electronics,South
2023-02-08,Protein Powder,3,127.63,293,Health,West
2023-02-08,Laptop Pro,2,2232.32,78,Electronics,East
2023-02-08,Ergonomic Chair,4,1008.45,85,Furniture,Central
2023-02-08,Laptop Pro,0,0.0,88,Electronics,East
2023-02-08,Multivitamins,2,46.52,404,Health,West
2023-02-08,Designer Jeans,5,456.95,206,Apparel,East
2023-02-08,Ergonomic Chair,4,932.01,66,Furniture,East
2023-02-08,Laptop Pro,6,6835.22,71,Electronics,North
2023-02-08,Office Desk,2,768.85,45,Furniture,North
2023-02-08,SmartPhone X,2,1568.48,114,Electronics,Central
2023-02-08,Running Shoes,1,112.9,143,Apparel,East
2023-02-08,SmartPhone X,4,3349.17,111,Electronics,South
2023-02-09,Multivitamins,1,24.28,387,Health,West
2023-02-09,Ergonomic Chair,7,1768.98,78,Furniture,Central
2023-02-09,SmartPhone X,4,3412.92,118,Electronics,West
2023-02-09,Laptop Pro,7,9169.56,91,Electronics,Central
2023-02-09,Ergonomic Chair,3,724.04,75,Furniture,West
2023-02-09,Office Desk,5,1739.61,56,Furniture,West
2023-02-09,Ergonomic Chair,4,924.94,71,Furniture,North
2023-02-09,Laptop Pro,3,3759.89,90,Electronics,South
2023-02-09,Multivitamins,4,101.86,379,Health,Central
2023-02-09,SmartPhone X,4,3144.08,112,Electronics,West
2023-02-09,Wireless Earbuds,5,675.48,187,Electronics,Central
2023-02-09,Yoga Mat,3,98.31,117,Health,Central
2023-02-09,Protein Powder,3,117.66,285,Health,Central
2023-02-09,Winter Jacket,9,1442.91,88,Apparel,West
2023-02-09,Running Shoes,6,663.0,159,Apparel,South
2023-02-09,SmartPhone X,5,4162.35,128,Electronics,West
2023-02-09,Running Shoes,6,745.41,151,Apparel,Central
2023-02-09,Winter Jacket,6,915.81,113,Apparel,Central
2023-02-09,Laptop Pro,2,2399.16,80,Electronics,North
2023-02-09,Office Desk,2,638.2,50,Furniture,North
2023-02-09,Protein Powder,4,150.71,282,Health,East
2023-02-09,Yoga Mat,2,69.16,108,Health,North
2023-02-09,Laptop Pro,5,6282.61,67,Electronics,Central
2023-02-09,Winter Jacket,3,467.66,102,Apparel,West
2023-02-09,Winter Jacket,21,3651.05,98,Apparel,South
2023-02-10,Multivitamins,0,0.0,393,Health,West
2023-02-10,Ergonomic Chair,4,1098.23,84,Furniture,West
2023-02-10,Multivitamins,5,126.8,389,Health,East
2023-02-10,Coffee Table,4,674.56,56,Furniture,South
2023-02-10,Laptop Pro,1,1119.67,76,Electronics,South
2023-02-10,Laptop Pro,0,0.0,87,Electronics,East
2023-02-10,Designer Jeans,4,361.3,194,Apparel,North
2023-02-10,Office Desk,2,761.7,47,Furniture,South
2023-02-10,Office Desk,2,690.15,56,Furniture,North
2023-02-10,Wireless Earbuds,4,641.03,186,Electronics,East
2023-02-10,Coffee Table,3,572.69,37,Furniture,Central
2023-02-10,Running Shoes,4,499.78,159,Apparel,East
2023-02-10,Ergonomic Chair,3,682.48,63,Furniture,North
2023-02-10,Yoga Mat,1,37.87,128,Health,West
2023-02-10,Multivitamins,7,157.75,382,Health,South
2023-02-11,Ergonomic Chair,7,1837.98,80,Furniture,West
2023-02-11,Ergonomic Chair,7,1909.82,86,Furniture,West
2023-02-11,Laptop Pro,6,6562.16,95,Electronics,East
2023-02-11,Wireless Earbuds,4,571.4,184,Electronics,West
2023-02-11,Protein Powder,5,216.25,301,Health,South
2023-02-11,Laptop Pro,4,4731.73,90,Electronics,Central
2023-02-11,Ergonomic Chair,4,913.07,69,Furniture,South
2023-02-11,Office Desk,3,952.06,57,Furniture,West
2023-02-11,Running Shoes,1,129.75,158,Apparel,East
2023-02-11,Winter Jacket,12,1932.45,86,Apparel,Central
2023-02-11,Running Shoes,5,550.37,148,Apparel,South
2023-02-11,Office Desk,1,366.27,48,Furniture,Central
2023-02-11,SmartPhone X,3,2221.43,120,Electronics,North
2023-02-11,Office Desk,5,1712.71,63,Furniture,East
2023-02-11,Ergonomic Chair,6,1428.05,81,Furniture,East
2023-02-12,Designer Jeans,4,342.47,184,Apparel,West
2023-02-12,Running Shoes,5,563.77,157,Apparel,West
2023-02-12,Wireless Earbuds,0,0.0,206,Electronics,West
2023-02-12,Office Desk,4,1430.39,62,Furniture,West
2023-02-12,Laptop Pro,7,7597.02,86,Electronics,Central
2023-02-12,Winter Jacket,9,1416.38,110,Apparel,Central
2023-02-12,Yoga Mat,5,181.43,105,Health,South
2023-02-12,Office Desk,0,0.0,66,Furniture,North
2023-02-12,SmartPhone X,1,784.64,115,Electronics,Central
2023-02-12,Office Desk,7,2592.93,54,Furniture,Central
2023-02-12,Wireless Earbuds,0,0.0,195,Electronics,West
2023-02-12,Coffee Table,4,769.96,37,Furniture,West
2023-02-12,Multivitamins,4,92.82,395,Health,East
2023-02-12,Coffee Table,7,1302.59,29,Furniture,South
2023-02-13,Protein Powder,5,201.82,300,Health,West
2023-02-13,Running Shoes,6,664.12,159,Apparel,South
2023-02-13,Protein Powder,2,72.83,293,Health,South
2023-02-13,Office Desk,5,1880.25,62,Furniture,East
2023-02-13,Wireless Earbuds,3,473.11,202,Electronics,South
2023-02-13,Coffee Table,6,999.27,42,Furniture,West
2023-02-13,Running Shoes,4,447.52,146,Apparel,Central
2023-02-13,Coffee Table,7,1275.17,55,Furniture,East
2023-02-13,Yoga Mat,0,0.0,129,Health,East
2023-02-13,Office Desk,6,2084.85,44,Furniture,East
2023-02-13,Ergonomic Chair,0,0.0,59,Furniture,West
2023-02-13,Yoga Mat,4,136.41,127,Health,West
2023-02-13,Ergonomic Chair,7,1714.08,67,Furniture,East
2023-02-13,Designer Jeans,2,177.88,191,Apparel,East
2023-02-13,Protein Powder,6,224.96,284,Health,South
2023-02-13,Laptop Pro,6,6993.61,74,Electronics,Central
2023-02-13,Winter Jacket,9,1375.62,92,Apparel,East
2023-02-14,Multivitamins,7,171.36,388,Health,North
2023-02-14,Designer Jeans,6,542.18,208,Apparel,South
2023-02-14,Office Desk,3,1062.14,38,Furniture,West
2023-02-14,SmartPhone X,5,4090.78,117,Electronics,South
2023-02-14,Protein Powder,2,86.35,287,Health,West
2023-02-14,Running Shoes,6,721.02,160,Apparel,Central
2023-02-14,Laptop Pro,0,0.0,73,Electronics,South
2023-02-14,Multivitamins,4,104.65,388,Health,East
2023-02-14,Coffee Table,4,711.41,33,Furniture,North
2023-02-14,Running Shoes,4,514.26,141,Apparel,East
2023-02-14,SmartPhone X,5,4373.7,117,Electronics,North
2023-02-14,Wireless Earbuds,5,693.37,210,Electronics,South
2023-02-14,Coffee Table,1,167.97,33,Furniture,North
2023-02-14,Office Desk,5,1620.44,41,Furniture,South
2023-02-14,Designer Jeans,7,578.72,184,Apparel,West
2023-02-14,Multivitamins,7,186.3,398,Health,West
2023-02-14,Yoga Mat,4,153.26,132,Health,South
2023-02-14,Wireless Earbuds,7,1117.0,198,Electronics,South
2023-02-14,Multivitamins,4,104.2,384,Health,East
2023-02-14,Multivitamins,7,173.99,387,Health,North
2023-02-14,SmartPhone X,7,5440.73,106,Electronics,South
2023-02-15,Yoga Mat,2,75.32,133,Health,Central
2023-02-15,Yoga Mat,4,129.16,129,Health,Central
2023-02-15,Office Desk,0,0.0,56,Furniture,East
2023-02-15,Wireless Earbuds,1,145.44,195,Electronics,South
2023-02-15,Multivitamins,1,26.24,397,Health,East
2023-02-15,Multivitamins,5,128.02,394,Health,North
2023-02-15,Designer Jeans,0,0.0,191,Apparel,South
2023-02-15,Running Shoes,2,217.49,161,Apparel,East
2023-02-15,Yoga Mat,1,33.78,111,Health,South
2023-02-15,Multivitamins,6,137.09,379,Health,West
2023-02-15,Laptop Pro,4,5141.51,93,Electronics,North
2023-02-15,Office Desk,0,0.0,59,Furniture,North
2023-02-15,Yoga Mat,2,72.72,128,Health,East
2023-02-15,SmartPhone X,4,3110.64,124,Electronics,South
2023-02-15,Laptop Pro,2,2526.31,86,Electronics,East
2023-02-15,Laptop Pro,3,3915.58,77,Electronics,East
2023-02-15,Yoga Mat,0,0.0,106,Health,East
2023-02-15,Coffee Table,1,185.43,33,Furniture,South
2023-02-15,Coffee Table,5,840.43,29,Furniture,South
2023-02-15,Coffee Table,6,1053.97,41,Furniture,West
2023-02-16,SmartPhone X,4,3229.85,106,Electronics,North
2023-02-16,Running Shoes,2,262.89,146,Apparel,West
2023-02-16,Multivitamins,3,67.77,379,Health,West
2023-02-16,Yoga Mat,6,190.14,109,Health,West
2023-02-16,Laptop Pro,5,5552.94,90,Electronics,West
2023-02-16,SmartPhone X,2,1751.29,106,Electronics,Central
2023-02-16,Wireless Earbuds,2,318.29,200,Electronics,East
2023-02-16,Winter Jacket,15,2458.25,93,Apparel,North
2023-02-16,Winter Jacket,15,2415.68,103,Apparel,North
2023-02-16,Ergonomic Chair,3,691.89,61,Furniture,South
2023-02-16,Office Desk,4,1411.4,44,Furniture,South
2023-02-16,Running Shoes,0,0.0,133,Apparel,North
2023-02-16,Ergonomic Chair,6,1435.15,69,Furniture,West
2023-02-16,Winter Jacket,12,1842.14,111,Apparel,East
2023-02-16,Running Shoes,7,764.09,136,Apparel,East
2023-02-16,Ergonomic Chair,6,1613.18,84,Furniture,Central
2023-02-16,Wireless Earbuds,4,647.08,203,Electronics,North
2023-02-16,Coffee Table,0,0.0,39,Furniture,West
2023-02-17,Protein Powder,1,40.59,296,Health,Central
2023-02-17,Coffee Table,4,684.33,32,Furniture,West
2023-02-17,SmartPhone X,2,1596.28,124,Electronics,West
2023-02-17,Running Shoes,7,908.82,136,Apparel,East
2023-02-17,Running Shoes,2,255.81,156,Apparel,Central
2023-02-17,Running Shoes,0,0.0,155,Apparel,North
2023-02-17,Multivitamins,6,144.51,383,Health,North
2023-02-17,Wireless Earbuds,7,1016.57,200,Electronics,South
2023-02-17,Laptop Pro,4,4902.81,84,Electronics,Central
2023-02-17,Running Shoes,4,488.8,161,Apparel,East
2023-02-17,Ergonomic Chair,2,473.74,62,Furniture,Central
2023-02-17,Ergonomic Chair,3,732.68,68,Furniture,South
2023-02-17,Yoga Mat,2,72.13,105,Health,South
2023-02-17,Wireless Earbuds,6,918.12,203,Electronics,East
2023-02-17,Running Shoes,7,841.05,155,Apparel,North
2023-02-17,Office Desk,4,1279.86,61,Furniture,East
2023-02-17,Running Shoes,1,116.68,144,Apparel,East
2023-02-18,Laptop Pro,6,6823.95,75,Electronics,North
2023-02-18,Wireless Earbuds,0,0.0,192,Electronics,West
2023-02-18,Wireless Earbuds,0,0.0,193,Electronics,Central
2023-02-18,SmartPhone X,2,1583.19,123,Electronics,South
2023-02-18,Wireless Earbuds,6,916.36,208,Electronics,Central
2023-02-18,Office Desk,4,1499.16,53,Furniture,East
2023-02-18,Winter Jacket,18,2613.15,112,Apparel,North
2023-02-18,Multivitamins,0,0.0,391,Health,South
2023-02-18,Winter Jacket,12,1947.67,114,Apparel,East
2023-02-18,Office Desk,4,1520.89,45,Furniture,East
2023-02-18,Winter Jacket,18,2642.17,93,Apparel,South
2023-02-18,Yoga Mat,0,0.0,122,Health,East
2023-02-18,Yoga Mat,5,177.62,110,Health,West
2023-02-18,Winter Jacket,6,950.51,98,Apparel,North
2023-02-18,Ergonomic Chair,0,0.0,74,Furniture,Central
2023-02-19,Protein Powder,6,248.21,288,Health,East
2023-02-19,Running Shoes,0,0.0,139,Apparel,West
2023-02-19,Wireless Earbuds,4,540.19,206,Electronics,West
2023-02-19,Multivitamins,5,130.44,385,Health,North
2023-02-19,Multivitamins,5,113.51,390,Health,South
2023-02-19,Protein Powder,1,38.05,279,Health,North
2023-02-19,Winter Jacket,0,0.0,102,Apparel,West
2023-02-19,Multivitamins,4,92.42,398,Health,Central
2023-02-19,Protein Powder,6,252.06,276,Health,Central
2023-02-19,Laptop Pro,2,2330.29,72,Electronics,North
2023-02-19,Multivitamins,1,25.84,379,Health,West
2023-02-19,Yoga Mat,1,37.72,116,Health,Central
2023-02-19,Protein Powder,1,37.11,284,Health,West
2023-02-19,Office Desk,7,2280.62,39,Furniture,Central
2023-02-19,Designer Jeans,3,277.45,200,Apparel,Central
2023-02-19,Yoga Mat,1,35.21,106,Health,North
2023-02-19,Winter Jacket,18,3064.33,93,Apparel,North
2023-02-20,Designer Jeans,2,178.16,202,Apparel,South
2023-02-20,Protein Powder,4,147.94,291,Health,North
2023-02-20,Yoga Mat,7,256.23,128,Health,East
2023-02-20,Running Shoes,4,513.18,153,Apparel,Central
2023-02-20,Yoga Mat,1,34.33,116,Health,West
2023-02-20,Office Desk,5,1764.89,42,Furniture,Central
2023-02-20,Yoga Mat,1,34.19,106,Health,South
2023-02-20,Office Desk,7,2416.18,44,Furniture,North
2023-02-20,Designer Jeans,7,570.45,207,Apparel,North
2023-02-20,Running Shoes,0,0.0,133,Apparel,Central
2023-02-20,Yoga Mat,6,195.96,110,Health,North
2023-02-20,Wireless Earbuds,3,409.03,180,Electronics,South
2023-02-20,Ergonomic Chair,0,0.0,74,Furniture,South
2023-02-20,Wireless Earbuds,1,154.11,190,Electronics,East
2023-02-20,Running Shoes,0,0.0,136,Apparel,South
2023-02-20,Office Desk,6,2043.13,56,Furniture,North
2023-02-20,Protein Powder,6,263.43,275,Health,South
2023-02-20,Protein Powder,3,112.02,292,Health,East
2023-02-20,Office Desk,4,1323.98,60,Furniture,South
2023-02-20,Multivitamins,2,54.64,374,Health,Central
2023-02-20,SmartPhone X,4,3472.41,130,Electronics,North
2023-02-20,Winter Jacket,6,868.48,111,Apparel,North
2023-02-20,Yoga Mat,4,134.1,108,Health,East
2023-02-20,Protein Powder,4,174.59,279,Health,West
2023-02-20,Multivitamins,2,53.88,374,Health,East
2023-02-20,SmartPhone X,1,852.27,120,Electronics,South
2023-02-20,Office Desk,3,951.5,52,Furniture,West
2023-02-20,Winter Jacket,12,1935.9,89,Apparel,North
2023-02-21,Ergonomic Chair,0,0.0,68,Furniture,Central
2023-02-21,Office Desk,4,1329.13,59,Furniture,North
2023-02-21,Laptop Pro,2,2330.97,67,Electronics,South
2023-02-21,Running Shoes,2,224.5,152,Apparel,South
2023-02-21,Protein Powder,4,174.93,281,Health,Central
2023-02-21,Winter Jacket,9,1396.02,112,Apparel,West
2023-02-21,SmartPhone X,6,5279.73,116,Electronics,North
2023-02-21,Protein Powder,1,39.91,293,Health,Central
2023-02-21,Protein Powder,0,0.0,292,Health,North
2023-02-21,Laptop Pro,6,6949.19,89,Electronics,East
2023-02-21,Yoga Mat,2,65.82,124,Health,North
2023-02-21,Multivitamins,6,136.18,386,Health,North
2023-02-21,SmartPhone X,4,3227.54,122,Electronics,Central
2023-02-21,Winter Jacket,12,1958.06,106,Apparel,Central
2023-02-21,Winter Jacket,12,1778.17,95,Apparel,West
2023-02-21,Ergonomic Chair,5,1156.21,72,Furniture,Central
2023-02-21,Ergonomic Chair,6,1432.73,69,Furniture,Central
2023-02-21,Wireless Earbuds,4,557.86,198,Electronics,South
2023-02-21,Multivitamins,3,80.45,392,Health,North
2023-02-21,SmartPhone X,3,2297.18,104,Electronics,North
2023-02-21,Laptop Pro,6,7115.36,92,Electronics,North
2023-02-21,Wireless Earbuds,7,1021.08,196,Electronics,North
2023-02-21,Yoga Mat,2,75.52,130,Health,East
2023-02-22,Ergonomic Chair,2,510.21,70,Furniture,West
2023-02-22,Winter Jacket,9,1528.3,87,Apparel,East
2023-02-22,Office Desk,7,2234.14,49,Furniture,South
2023-02-22,Ergonomic Chair,0,0.0,56,Furniture,Central
2023-02-22,Designer Jeans,6,492.75,185,Apparel,South
2023-02-22,Office Desk,2,692.76,49,Furniture,West
2023-02-22,Multivitamins,5,112.98,391,Health,West
2023-02-22,Ergonomic Chair,4,1044.54,77,Furniture,Central
2023-02-22,Running Shoes,4,466.44,133,Apparel,West
2023-02-22,Wireless Earbuds,7,1003.54,203,Electronics,South
2023-02-22,Winter Jacket,21,3557.16,87,Apparel,Central
2023-02-22,Running Shoes,2,225.63,157,Apparel,North
2023-02-22,Winter Jacket,0,0.0,114,Apparel,West
2023-02-22,Running Shoes,5,545.3,135,Apparel,North
2023-02-22,Designer Jeans,7,646.75,194,Apparel,West
2023-02-22,Winter Jacket,12,1730.18,92,Apparel,East
2023-02-23,Office Desk,7,2580.4,40,Furniture,West
2023-02-23,Yoga Mat,2,71.59,111,Health,Central
2023-02-23,Ergonomic Chair,5,1246.91,69,Furniture,West
2023-02-23,Ergonomic Chair,3,736.07,61,Furniture,West
2023-02-23,Office Desk,2,706.88,50,Furniture,North
2023-02-23,Protein Powder,1,36.05,293,Health,Central
2023-02-23,Running Shoes,4,460.76,139,Apparel,West
2023-02-23,SmartPhone X,0,0.0,113,Electronics,North
2023-02-23,Winter Jacket,12,1747.29,86,Apparel,East
2023-02-23,Yoga Mat,6,201.4,131,Health,East
2023-02-23,SmartPhone X,1,764.96,111,Electronics,Central
2023-02-23,Winter Jacket,15,2606.03,114,Apparel,West
2023-02-23,Designer Jeans,5,486.55,208,Apparel,Central
2023-02-23,Wireless Earbuds,5,746.47,180,Electronics,North
2023-02-23,Designer Jeans,0,0.0,200,Apparel,South
2023-02-23,Laptop Pro,4,4526.04,84,Electronics,South
2023-02-23,Yoga Mat,7,257.72,120,Health,West
2023-02-23,Designer Jeans,5,450.28,209,Apparel,South
2023-02-23,Running Shoes,3,368.98,151,Apparel,Central
2023-02-24,Laptop Pro,1,1138.06,92,Electronics,Central
2023-02-24,Office Desk,3,1008.67,51,Furniture,West
2023-02-24,Running Shoes,4,486.08,135,Apparel,North
2023-02-24,Protein Powder,5,208.83,285,Health,East
2023-02-24,Protein Powder,5,186.34,275,Health,Central
2023-02-24,Wireless Earbuds,1,159.71,189,Electronics,South
2023-02-24,Coffee Table,7,1322.66,41,Furniture,South
2023-02-24,Yoga Mat,7,220.51,128,Health,South
2023-02-24,Winter Jacket,3,458.51,89,Apparel,Central
2023-02-24,Laptop Pro,0,0.0,82,Electronics,North
2023-02-24,Wireless Earbuds,6,810.69,183,Electronics,South
2023-02-24,Wireless Earbuds,7,962.37,206,Electronics,North
2023-02-24,Laptop Pro,7,8165.19,83,Electronics,West
2023-02-24,SmartPhone X,7,5983.84,114,Electronics,West
2023-02-24,Laptop Pro,3,3808.03,79,Electronics,South
2023-02-24,Winter Jacket,6,947.29,100,Apparel,North
2023-02-24,Office Desk,4,1365.65,48,Furniture,North
2023-02-24,Designer Jeans,2,165.21,204,Apparel,South
2023-02-25,Laptop Pro,0,0.0,89,Electronics,North
2023-02-25,Coffee Table,6,1117.98,41,Furniture,North
2023-02-25,Yoga Mat,5,166.4,113,Health,Central
2023-02-25,Running Shoes,4,524.74,143,Apparel,North
2023-02-25,Running Shoes,0,0.0,156,Apparel,West
2023-02-25,Winter Jacket,21,3094.81,102,Apparel,Central
2023-02-25,Ergonomic Chair,2,514.41,65,Furniture,East
2023-02-25,Office Desk,0,0.0,52,Furniture,South
2023-02-25,Wireless Earbuds,5,750.06,187,Electronics,East
2023-02-25,SmartPhone X,2,1586.46,120,Electronics,South
2023-02-25,Multivitamins,2,48.7,396,Health,South
2023-02-25,Yoga Mat,5,184.36,120,Health,East
2023-02-25,Designer Jeans,4,383.2,180,Apparel,East
2023-02-25,Coffee Table,7,1299.65,37,Furniture,West
2023-02-25,Winter Jacket,12,2065.98,84,Apparel,South
2023-02-25,Coffee Table,3,559.2,39,Furniture,North
2023-02-26,Multivitamins,7,162.28,374,Health,North
2023-02-26,Laptop Pro,3,3771.79,92,Electronics,South
2023-02-26,Yoga Mat,4,144.06,123,Health,South
2023-02-26,Designer Jeans,6,536.56,179,Apparel,Central
2023-02-26,Laptop Pro,3,3301.45,75,Electronics,North
2023-02-26,Protein Powder,2,82.67,290,Health,West
2023-02-26,Laptop Pro,4,5070.73,85,Electronics,Central
2023-02-26,Winter Jacket,12,1992.21,96,Apparel,West
2023-02-26,Winter Jacket,12,2077.85,85,Apparel,West
2023-02-26,Wireless Earbuds,4,625.13,192,Electronics,West
2023-02-26,SmartPhone X,2,1597.72,117,Electronics,South
2023-02-27,Running Shoes,0,0.0,150,Apparel,East
2023-02-27,Laptop Pro,6,7523.79,89,Electronics,East
2023-02-27,Multivitamins,3,68.12,393,Health,South
2023-02-27,Winter Jacket,12,2020.73,106,Apparel,South
2023-02-27,Yoga Mat,0,0.0,128,Health,East
2023-02-27,Running Shoes,4,433.63,157,Apparel,Central
2023-02-27,Running Shoes,7,776.19,136,Apparel,North
2023-02-27,SmartPhone X,5,3614.04,123,Electronics,Central
2023-02-27,Ergonomic Chair,7,1845.6,81,Furniture,East
2023-02-27,Ergonomic Chair,5,1212.02,85,Furniture,Central
2023-02-27,Yoga Mat,4,144.1,109,Health,North
2023-02-27,Designer Jeans,3,288.74,187,Apparel,West
2023-02-27,SmartPhone X,6,5071.87,127,Electronics,East
2023-02-27,Designer Jeans,6,535.46,200,Apparel,South
2023-02-27,Wireless Earbuds,3,485.95,207,Electronics,West
2023-02-27,Wireless Earbuds,7,1141.85,180,Electronics,West
2023-02-27,Designer Jeans,5,465.45,182,Apparel,East
2023-02-27,Wireless Earbuds,6,979.69,183,Electronics,South
2023-02-27,SmartPhone X,6,5271.67,120,Electronics,Central
2023-02-27,Wireless Earbuds,4,583.88,205,Electronics,East
2023-02-28,Yoga Mat,5,162.43,128,Health,North
2023-02-28,Winter Jacket,21,3549.05,96,Apparel,West
2023-02-28,Ergonomic Chair,2,464.7,76,Furniture,North
2023-02-28,Coffee Table,6,1109.37,41,Furniture,East
2023-02-28,Yoga Mat,0,0.0,122,Health,Central
2023-02-28,Ergonomic Chair,4,958.1,83,Furniture,East
2023-02-28,Protein Powder,7,301.85,281,Health,Central
2023-02-28,Winter Jacket,3,498.25,101,Apparel,Central
2023-02-28,Laptop Pro,4,4797.42,73,Electronics,East
2023-02-28,Office Desk,6,1946.4,54,Furniture,Central
2023-02-28,Ergonomic Chair,4,1005.93,70,Furniture,South
2023-02-28,Coffee Table,4,786.57,32,Furniture,North
2023-02-28,Laptop Pro,4,5211.51,94,Electronics,North
2023-02-28,Protein Powder,1,40.37,286,Health,East
2023-02-28,Designer Jeans,2,167.97,207,Apparel,East
2023-02-28,Coffee Table,6,1017.18,37,Furniture,South
2023-02-28,Ergonomic Chair,0,0.0,66,Furniture,West
2023-02-28,Office Desk,1,374.76,64,Furniture,Central
2023-02-28,Running Shoes,4,442.45,134,Apparel,South
2023-02-28,Coffee Table,2,359.87,50,Furniture,West
2023-02-28,Wireless Earbuds,7,991.01,183,Electronics,Central
2023-02-28,Running Shoes,7,910.46,153,Apparel,South
2023-02-28,SmartPhone X,5,3771.17,120,Electronics,South
2023-02-28,Ergonomic Chair,4,938.02,74,Furniture,East
2023-03-01,SmartPhone X,1,831.73,113,Electronics,South
2023-03-01,Multivitamins,4,109.06,368,Health,North
2023-03-01,Yoga Mat,5,171.25,112,Health,Central
2023-03-01,Running Shoes,12,1518.65,134,Apparel,North
2023-03-01,Ergonomic Chair,0,0.0,72,Furniture,East
2023-03-01,Designer Jeans,3,273.51,199,Apparel,North
2023-03-01,Ergonomic Chair,4,1020.61,60,Furniture,East
2023-03-01,Yoga Mat,3,102.0,130,Health,Central
2023-03-01,Winter Jacket,4,604.43,111,Apparel,West
2023-03-01,Coffee Table,6,1155.18,34,Furniture,South
2023-03-01,Laptop Pro,4,4731.55,89,Electronics,South
2023-03-01,Running Shoes,4,517.89,143,Apparel,West
2023-03-01,Protein Powder,3,114.93,296,Health,South
2023-03-01,Designer Jeans,5,487.76,196,Apparel,East
2023-03-01,Designer Jeans,0,0.0,206,Apparel,Central
2023-03-01,Laptop Pro,5,5846.07,84,Electronics,Central
2023-03-01,Winter Jacket,3,504.41,86,Apparel,North
2023-03-01,Office Desk,2,763.13,63,Furniture,Central
2023-03-01,Wireless Earbuds,0,0.0,197,Electronics,North
2023-03-01,Laptop Pro,3,3653.17,82,Electronics,North
2023-03-01,SmartPhone X,3,2566.69,103,Electronics,West
2023-03-01,Ergonomic Chair,3,690.27,65,Furniture,South
2023-03-01,Coffee Table,7,1143.81,52,Furniture,East
2023-03-01,Laptop Pro,0,0.0,66,Electronics,East
2023-03-01,Laptop Pro,6,6886.77,93,Electronics,North
2023-03-01,Coffee Table,3,548.82,37,Furniture,West
2023-03-01,Protein Powder,6,243.84,275,Health,South
2023-03-02,Protein Powder,2,76.52,300,Health,West
2023-03-02,Yoga Mat,5,188.79,109,Health,East
2023-03-02,Yoga Mat,6,205.84,116,Health,West
2023-03-02,Coffee Table,3,574.9,46,Furniture,South
2023-03-02,Yoga Mat,1,32.93,131,Health,West
2023-03-02,Winter Jacket,6,899.74,102,Apparel,West
2023-03-02,Designer Jeans,5,407.95,191,Apparel,West
2023-03-02,Wireless Earbuds,7,1021.51,203,Electronics,West
2023-03-02,Protein Powder,2,80.11,275,Health,South
2023-03-02,Designer Jeans,6,575.29,206,Apparel,South
2023-03-02,SmartPhone X,3,2492.94,126,Electronics,East
2023-03-02,SmartPhone X,6,4948.46,105,Electronics,West
2023-03-02,Laptop Pro,1,1290.21,87,Electronics,North
2023-03-02,Office Desk,4,1339.09,59,Furniture,West
2023-03-02,Laptop Pro,4,4696.15,85,Electronics,South
2023-03-02,Coffee Table,7,1134.0,51,Furniture,East
2023-03-02,Running Shoes,8,933.54,155,Apparel,East
2023-03-02,Multivitamins,6,141.78,372,Health,North
2023-03-02,Office Desk,4,1345.1,39,Furniture,East
2023-03-02,Yoga Mat,2,63.73,106,Health,Central
2023-03-02,Protein Powder,4,167.42,276,Health,South
2023-03-02,SmartPhone X,7,5990.24,125,Electronics,East
2023-03-02,Ergonomic Chair,1,269.8,60,Furniture,North
2023-03-02,Running Shoes,14,1596.95,149,Apparel,Central
2023-03-02,Laptop Pro,7,8183.18,91,Electronics,North
2023-03-02,Office Desk,4,1373.61,52,Furniture,Central
2023-03-03,SmartPhone X,4,3131.64,123,Electronics,North
2023-03-03,SmartPhone X,6,4954.57,129,Electronics,East
2023-03-03,Protein Powder,5,201.78,281,Health,East
2023-03-03,Coffee Table,1,190.1,35,Furniture,South
2023-03-03,Winter Jacket,0,0.0,93,Apparel,North
2023-03-03,SmartPhone X,4,3049.81,106,Electronics,East
2023-03-03,Multivitamins,3,76.98,393,Health,South
2023-03-03,Wireless Earbuds,4,607.21,194,Electronics,Central
2023-03-03,Wireless Earbuds,0,0.0,196,Electronics,West
2023-03-03,Winter Jacket,3,525.35,107,Apparel,North
2023-03-03,Winter Jacket,1,166.31,90,Apparel,South
2023-03-03,Laptop Pro,4,5204.15,87,Electronics,South
2023-03-03,Office Desk,5,1872.67,61,Furniture,South
2023-03-03,Protein Powder,0,0.0,280,Health,South
2023-03-03,Laptop Pro,7,8140.17,70,Electronics,West
2023-03-03,Coffee Table,3,591.68,29,Furniture,Central
2023-03-03,Coffee Table,0,0.0,38,Furniture,East
2023-03-03,Office Desk,5,1767.26,53,Furniture,West
2023-03-03,Coffee Table,2,358.74,30,Furniture,North
2023-03-03,Running Shoes,6,703.35,149,Apparel,South
2023-03-03,Wireless Earbuds,3,416.19,191,Electronics,East
2023-03-03,Ergonomic Chair,0,0.0,83,Furniture,South
2023-03-04,Wireless Earbuds,3,455.31,206,Electronics,Central
2023-03-04,SmartPhone X,2,1665.98,103,Electronics,Central
2023-03-04,Yoga Mat,0,0.0,123,Health,Central
2023-03-04,Office Desk,0,0.0,52,Furniture,West
2023-03-04,Coffee Table,4,665.06,42,Furniture,West
2023-03-04,Ergonomic Chair,2,545.25,70,Furniture,North
2023-03-04,Winter Jacket,7,1043.23,87,Apparel,West
2023-03-04,Winter Jacket,5,770.65,105,Apparel,East
2023-03-04,Winter Jacket,2,320.1,91,Apparel,South
2023-03-04,Winter Jacket,5,770.06,106,Apparel,North
2023-03-04,Wireless Earbuds,2,321.04,200,Electronics,East
2023-03-04,Laptop Pro,2,2461.44,84,Electronics,North
2023-03-04,Office Desk,6,1911.77,53,Furniture,East
2023-03-04,Wireless Earbuds,4,576.81,204,Electronics,West
2023-03-04,Running Shoes,0,0.0,135,Apparel,West
2023-03-04,SmartPhone X,7,6023.34,107,Electronics,Central
2023-03-05,Designer Jeans,6,570.65,207,Apparel,East
2023-03-05,Protein Powder,1,39.46,290,Health,West
2023-03-05,Laptop Pro,4,4639.16,66,Electronics,Central
2023-03-05,Running Shoes,10,1306.67,143,Apparel,Central
2023-03-05,Designer Jeans,3,279.26,192,Apparel,North
2023-03-05,Coffee Table,5,845.82,45,Furniture,North
2023-03-05,Office Desk,4,1428.31,56,Furniture,Central
2023-03-05,Protein Powder,6,229.26,281,Health,West
2023-03-05,Laptop Pro,7,9207.02,90,Electronics,East
2023-03-05,Winter Jacket,0,0.0,109,Apparel,East
2023-03-05,Ergonomic Chair,4,1095.79,63,Furniture,East
2023-03-05,Yoga Mat,4,131.31,121,Health,East
2023-03-05,Yoga Mat,7,230.52,118,Health,East
2023-03-05,SmartPhone X,5,3811.42,111,Electronics,East
2023-03-05,Designer Jeans,1,89.69,193,Apparel,East
2023-03-06,Yoga Mat,6,216.58,123,Health,East
2023-03-06,Office Desk,5,1601.94,64,Furniture,North
2023-03-06,Multivitamins,4,91.37,373,Health,North
2023-03-06,Ergonomic Chair,4,1039.16,73,Furniture,West
2023-03-06,SmartPhone X,3,2204.21,103,Electronics,North
2023-03-06,Winter Jacket,4,577.93,85,Apparel,Central
2023-03-06,Ergonomic Chair,4,950.18,64,Furniture,East
2023-03-06,Yoga Mat,7,255.12,117,Health,South
2023-03-06,Running Shoes,8,924.08,133,Apparel,South
2023-03-06,Winter Jacket,1,171.72,83,Apparel,East
2023-03-06,Wireless Earbuds,2,276.35,186,Electronics,West
2023-03-06,Protein Powder,4,174.23,292,Health,Central
2023-03-06,Ergonomic Chair,2,538.3,81,Furniture,Central
2023-03-06,Yoga Mat,6,213.68,103,Health,Central
2023-03-06,Yoga Mat,7,222.97,102,Health,North
2023-03-06,SmartPhone X,0,0.0,108,Electronics,Central
2023-03-07,Office Desk,7,2425.62,36,Furniture,North
2023-03-07,Ergonomic Chair,3,783.86,68,Furniture,West
2023-03-07,Laptop Pro,4,5257.93,81,Electronics,South
2023-03-07,Yoga Mat,1,36.7,119,Health,Central
2023-03-07,Yoga Mat,2,75.46,122,Health,North
2023-03-07,Multivitamins,7,172.69,379,Health,North
2023-03-07,Protein Powder,3,118.43,279,Health,South
2023-03-07,Multivitamins,2,50.89,381,Health,West
2023-03-07,Protein Powder,7,289.56,288,Health,East
2023-03-07,Yoga Mat,3,98.78,108,Health,South
2023-03-07,Winter Jacket,0,0.0,97,Apparel,West
2023-03-07,Winter Jacket,3,433.32,83,Apparel,East
2023-03-07,Designer Jeans,7,568.99,187,Apparel,South
2023-03-07,Protein Powder,1,36.5,299,Health,North
2023-03-07,Designer Jeans,1,94.19,202,Apparel,Central
2023-03-08,Winter Jacket,1,155.91,105,Apparel,West
2023-03-08,Wireless Earbuds,1,159.15,195,Electronics,Central
2023-03-08,Protein Powder,3,130.39,283,Health,West
2023-03-08,Ergonomic Chair,6,1410.08,64,Furniture,East
2023-03-08,Designer Jeans,4,377.49,200,Apparel,West
2023-03-08,Laptop Pro,6,6578.58,74,Electronics,Central
2023-03-08,Office Desk,0,0.0,41,Furniture,West
2023-03-08,Yoga Mat,7,236.85,129,Health,East
2023-03-08,Ergonomic Chair,0,0.0,63,Furniture,Central
2023-03-08,Winter Jacket,1,169.2,103,Apparel,South
2023-03-08,Coffee Table,1,184.69,37,Furniture,Central
2023-03-08,Running Shoes,8,946.1,133,Apparel,South
2023-03-08,SmartPhone X,1,823.89,106,Electronics,North
2023-03-08,Office Desk,1,372.73,57,Furniture,West
2023-03-08,Winter Jacket,7,1053.05,104,Apparel,North
2023-03-09,SmartPhone X,4,2898.12,129,Electronics,Central
2023-03-09,Office Desk,0,0.0,49,Furniture,South
2023-03-09,SmartPhone X,4,3299.31,102,Electronics,South
2023-03-09,Ergonomic Chair,4,931.9,70,Furniture,Central
2023-03-09,Ergonomic Chair,4,1057.3,82,Furniture,East
2023-03-09,Running Shoes,8,1007.38,132,Apparel,East
2023-03-09,Office Desk,3,1038.7,39,Furniture,North
2023-03-09,Designer Jeans,4,324.57,188,Apparel,West
2023-03-09,Ergonomic Chair,6,1516.01,79,Furniture,West
2023-03-09,Running Shoes,8,1006.57,155,Apparel,South
2023-03-09,Office Desk,3,1128.25,48,Furniture,East
2023-03-09,Laptop Pro,5,5659.27,86,Electronics,South
2023-03-09,Coffee Table,4,695.05,36,Furniture,East
2023-03-09,Office Desk,0,0.0,42,Furniture,West
2023-03-09,Multivitamins,0,0.0,392,Health,South
2023-03-09,Coffee Table,7,1153.57,39,Furniture,East
2023-03-09,SmartPhone X,2,1551.64,110,Electronics,North
2023-03-09,Protein Powder,4,169.42,293,Health,Central
2023-03-09,Office Desk,0,0.0,51,Furniture,South
2023-03-09,Winter Jacket,2,314.53,104,Apparel,South
2023-03-09,Office Desk,7,2283.58,40,Furniture,Central
2023-03-10,Designer Jeans,3,255.4,199,Apparel,East
2023-03-10,Ergonomic Chair,0,0.0,75,Furniture,North
2023-03-10,Wireless Earbuds,1,150.96,188,Electronics,South
2023-03-10,Winter Jacket,1,153.5,104,Apparel,East
2023-03-10,Protein Powder,0,0.0,299,Health,North
2023-03-10,SmartPhone X,2,1517.29,111,Electronics,East
2023-03-10,SmartPhone X,2,1511.16,110,Electronics,West
2023-03-10,Ergonomic Chair,5,1139.43,76,Furniture,East
2023-03-10,Running Shoes,4,464.22,159,Apparel,South
2023-03-10,Multivitamins,6,153.49,392,Health,South
2023-03-10,Yoga Mat,7,240.87,131,Health,North
2023-03-10,Wireless Earbuds,0,0.0,186,Electronics,South
2023-03-10,Running Shoes,12,1498.22,130,Apparel,West
2023-03-10,Office Desk,1,337.93,48,Furniture,Central
2023-03-10,Protein Powder,4,162.41,298,Health,East
2023-03-10,Designer Jeans,0,0.0,205,Apparel,Central
2023-03-10,Multivitamins,5,116.07,389,Health,Central
2023-03-10,Designer Jeans,0,0.0,181,Apparel,Central
2023-03-10,Running Shoes,0,0.0,155,Apparel,East
2023-03-10,Multivitamins,0,0.0,364,Health,West
2023-03-10,Winter Jacket,0,0.0,93,Apparel,South
2023-03-11,Coffee Table,2,364.37,47,Furniture,Central
2023-03-11,Multivitamins,7,183.1,372,Health,South
2023-03-11,SmartPhone X,6,5042.53,130,Electronics,West
2023-03-11,Running Shoes,14,1805.72,138,Apparel,East
2023-03-11,Running Shoes,4,444.23,151,Apparel,Central
2023-03-11,SmartPhone X,7,5635.37,130,Electronics,East
2023-03-11,Protein Powder,2,85.13,278,Health,South
2023-03-11,SmartPhone X,2,1444.28,115,Electronics,Central
2023-03-11,Running Shoes,14,1781.99,148,Apparel,South
2023-03-11,Multivitamins,1,22.83,385,Health,Central
2023-03-11,SmartPhone X,4,3129.22,126,Electronics,South
2023-03-11,SmartPhone X,6,5249.34,129,Electronics,North
2023-03-11,Coffee Table,3,556.02,39,Furniture,North
2023-03-11,Wireless Earbuds,1,146.26,189,Electronics,North
2023-03-11,Ergonomic Chair,4,986.69,83,Furniture,Central
2023-03-11,Designer Jeans,2,169.92,198,Apparel,South
2023-03-11,Yoga Mat,6,191.89,131,Health,North
2023-03-11,Yoga Mat,3,104.25,121,Health,East
2023-03-12,Running Shoes,2,247.76,146,Apparel,East
2023-03-12,Winter Jacket,7,1009.19,110,Apparel,North
2023-03-12,Coffee Table,1,189.82,41,Furniture,West
2023-03-12,Ergonomic Chair,7,1778.36,63,Furniture,East
2023-03-12,Yoga Mat,4,140.59,131,Health,West
2023-03-12,Yoga Mat,5,181.21,121,Health,North
2023-03-12,Coffee Table,0,0.0,45,Furniture,North
2023-03-12,Coffee Table,5,929.25,54,Furniture,East
2023-03-12,Ergonomic Chair,4,1050.0,71,Furniture,North
2023-03-12,Laptop Pro,5,6126.49,84,Electronics,North
2023-03-12,Winter Jacket,3,513.85,103,Apparel,North
2023-03-12,Wireless Earbuds,4,630.99,187,Electronics,South
2023-03-12,Winter Jacket,4,625.44,90,Apparel,East
2023-03-12,Yoga Mat,7,232.33,128,Health,Central
2023-03-12,Wireless Earbuds,1,147.75,187,Electronics,South
2023-03-12,Wireless Earbuds,0,0.0,193,Electronics,North
2023-03-12,SmartPhone X,2,1702.99,119,Electronics,East
2023-03-12,Winter Jacket,0,0.0,88,Apparel,South
2023-03-12,Designer Jeans,7,600.27,181,Apparel,East
2023-03-13,Protein Powder,0,0.0,297,Health,North
2023-03-13,Coffee Table,4,748.03,39,Furniture,Central
2023-03-13,Laptop Pro,3,3833.11,73,Electronics,North
2023-03-13,Ergonomic Chair,5,1319.2,69,Furniture,East
2023-03-13,Designer Jeans,3,267.92,198,Apparel,Central
2023-03-13,Ergonomic Chair,4,1057.34,80,Furniture,South
2023-03-13,Running Shoes,8,1007.59,130,Apparel,West
2023-03-13,Protein Powder,6,217.5,291,Health,Central
2023-03-13,Yoga Mat,4,137.63,104,Health,North
2023-03-13,Laptop Pro,4,4924.84,77,Electronics,South
2023-03-13,SmartPhone X,1,845.4,126,Electronics,Central
2023-03-13,Designer Jeans,6,507.72,199,Apparel,North
2023-03-13,SmartPhone X,6,5026.78,108,Electronics,South
2023-03-13,Office Desk,6,2170.04,53,Furniture,South
2023-03-13,Coffee Table,1,188.93,27,Furniture,South
2023-03-13,Winter Jacket,4,666.48,88,Apparel,North
2023-03-13,SmartPhone X,3,2593.48,130,Electronics,East
2023-03-14,Multivitamins,2,54.98,364,Health,South
2023-03-14,Office Desk,0,0.0,46,Furniture,West
2023-03-14,Winter Jacket,4,676.32,93,Apparel,East
2023-03-14,Laptop Pro,4,4542.74,69,Electronics,West
2023-03-14,Winter Jacket,6,983.76,86,Apparel,East
2023-03-14,SmartPhone X,5,4269.7,111,Electronics,Central
2023-03-14,SmartPhone X,2,1740.29,105,Electronics,West
2023-03-14,Yoga Mat,4,137.27,119,Health,West
2023-03-14,Multivitamins,7,159.93,390,Health,South
2023-03-14,Multivitamins,2,49.42,371,Health,East
2023-03-14,Yoga Mat,7,231.71,119,Health,West
2023-03-14,Yoga Mat,5,189.99,114,Health,East
2023-03-14,SmartPhone X,1,774.7,105,Electronics,East
2023-03-14,Running Shoes,8,1055.16,140,Apparel,East
2023-03-14,Coffee Table,1,185.38,43,Furniture,West
2023-03-14,Winter Jacket,3,522.23,96,Apparel,West
2023-03-14,Coffee Table,1,175.05,48,Furniture,East
2023-03-14,SmartPhone X,1,737.61,111,Electronics,North
2023-03-14,Coffee Table,4,738.96,49,Furniture,East
2023-03-14,Laptop Pro,7,8642.35,88,Electronics,West
2023-03-14,Designer Jeans,7,575.79,197,Apparel,North
2023-03-14,Coffee Table,2,377.84,33,Furniture,Central
2023-03-14,Ergonomic Chair,3,737.07,62,Furniture,West
2023-03-14,Laptop Pro,4,4756.97,78,Electronics,East
2023-03-14,Wireless Earbuds,0,0.0,189,Electronics,West
2023-03-14,Multivitamins,1,22.6,377,Health,South
2023-03-14,Coffee Table,0,0.0,37,Furniture,Central
2023-03-14,SmartPhone X,6,5090.7,130,Electronics,West
2023-03-14,Office Desk,4,1410.06,59,Furniture,South
2023-03-15,Office Desk,1,355.08,41,Furniture,South
2023-03-15,Yoga Mat,1,37.95,126,Health,East
2023-03-15,Protein Powder,6,220.56,279,Health,Central
2023-03-15,Yoga Mat,4,145.67,129,Health,Central
2023-03-15,Laptop Pro,6,6812.34,80,Electronics,West
2023-03-15,Ergonomic Chair,3,807.15,70,Furniture,Central
2023-03-15,Office Desk,5,1750.55,62,Furniture,South
2023-03-15,Ergonomic Chair,6,1409.0,75,Furniture,North
2023-03-15,Yoga Mat,5,167.53,109,Health,North
2023-03-15,Coffee Table,2,338.44,31,Furniture,West
2023-03-15,Protein Powder,0,0.0,291,Health,West
2023-03-15,SmartPhone X,7,5560.81,121,Electronics,West
2023-03-15,Laptop Pro,3,3490.21,84,Electronics,West
2023-03-15,Office Desk,5,1713.59,52,Furniture,East
2023-03-15,Wireless Earbuds,2,303.11,177,Electronics,East
2023-03-15,Laptop Pro,1,1179.89,89,Electronics,South
2023-03-15,Coffee Table,1,179.1,44,Furniture,West
2023-03-15,SmartPhone X,4,3483.13,120,Electronics,East
2023-03-15,Protein Powder,4,160.96,273,Health,North
2023-03-15,Running Shoes,14,1837.17,136,Apparel,East
2023-03-15,Multivitamins,6,139.67,372,Health,Central
2023-03-15,Ergonomic Chair,6,1415.91,78,Furniture,Central
2023-03-15,Designer Jeans,5,437.9,179,Apparel,South
2023-03-15,Multivitamins,3,70.66,383,Health,Central
2023-03-16,Laptop Pro,1,1162.23,87,Electronics,Central
2023-03-16,Ergonomic Chair,6,1374.82,56,Furniture,East
2023-03-16,SmartPhone X,5,4165.34,114,Electronics,Central
2023-03-16,Office Desk,4,1393.98,45,Furniture,West
2023-03-16,Coffee Table,6,1037.58,50,Furniture,North
2023-03-16,Designer Jeans,2,162.11,203,Apparel,East
2023-03-16,Coffee Table,5,824.81,49,Furniture,South
2023-03-16,Wireless Earbuds,7,1095.19,196,Electronics,North
2023-03-16,Office Desk,6,2042.8,57,Furniture,Central
2023-03-16,Wireless Earbuds,7,1065.6,194,Electronics,East
2023-03-16,Running Shoes,12,1487.29,138,Apparel,North
2023-03-16,Designer Jeans,5,480.61,192,Apparel,East
2023-03-16,Running Shoes,14,1827.98,154,Apparel,East
2023-03-16,Protein Powder,4,159.66,284,Health,South
2023-03-16,Laptop Pro,7,8387.52,75,Electronics,East
2023-03-16,Ergonomic Chair,4,1067.65,61,Furniture,South
2023-03-16,Ergonomic Chair,7,1875.93,72,Furniture,East
2023-03-16,Protein Powder,5,207.94,295,Health,East
2023-03-17,Wireless Earbuds,6,845.36,191,Electronics,South
2023-03-17,Wireless Earbuds,0,0.0,193,Electronics,Central
2023-03-17,Winter Jacket,7,1122.89,95,Apparel,North
2023-03-17,Winter Jacket,4,605.42,88,Apparel,South
2023-03-17,SmartPhone X,6,4677.29,127,Electronics,North
2023-03-17,Ergonomic Chair,4,926.33,78,Furniture,South
2023-03-17,Ergonomic Chair,4,955.73,82,Furniture,North
2023-03-17,Protein Powder,2,74.93,269,Health,West
2023-03-17,Wireless Earbuds,4,612.46,180,Electronics,West
2023-03-17,SmartPhone X,6,4856.42,130,Electronics,West
2023-03-17,Running Shoes,14,1775.98,131,Apparel,Central
2023-03-17,Protein Powder,2,86.3,279,Health,North
2023-03-17,Coffee Table,0,0.0,55,Furniture,West
2023-03-17,Designer Jeans,4,336.61,199,Apparel,Central
2023-03-17,Protein Powder,7,266.15,288,Health,South
2023-03-17,Protein Powder,3,113.99,289,Health,Central
2023-03-17,Yoga Mat,3,94.51,110,Health,South
2023-03-17,Yoga Mat,1,31.87,120,Health,South
2023-03-17,SmartPhone X,0,0.0,101,Electronics,East
2023-03-17,Office Desk,0,0.0,52,Furniture,North
2023-03-17,Designer Jeans,6,538.5,192,Apparel,East
2023-03-17,Ergonomic Chair,5,1197.87,62,Furniture,Central
2023-03-17,Office Desk,5,1577.25,63,Furniture,North
2023-03-18,Coffee Table,5,897.71,44,Furniture,Central
2023-03-18,Running Shoes,0,0.0,141,Apparel,North
2023-03-18,Coffee Table,1,176.32,56,Furniture,East
2023-03-18,Office Desk,1,326.95,56,Furniture,South
2023-03-18,Multivitamins,4,90.91,377,Health,East
2023-03-18,Winter Jacket,6,907.53,96,Apparel,West
2023-03-18,Multivitamins,7,173.89,372,Health,North
2023-03-18,Coffee Table,4,655.23,46,Furniture,West
2023-03-18,Protein Powder,0,0.0,276,Health,East
2023-03-18,Running Shoes,8,1055.31,140,Apparel,North
2023-03-18,Coffee Table,2,378.27,42,Furniture,West
2023-03-18,Running Shoes,14,1624.9,140,Apparel,North
2023-03-18,Winter Jacket,0,0.0,106,Apparel,South
2023-03-18,Designer Jeans,7,590.83,201,Apparel,West
2023-03-18,Coffee Table,0,0.0,36,Furniture,West
2023-03-18,Multivitamins,2,52.51,371,Health,Central
2023-03-18,Designer Jeans,0,0.0,200,Apparel,West
2023-03-18,Protein Powder,4,162.11,290,Health,North
2023-03-19,Coffee Table,4,700.69,32,Furniture,North
2023-03-19,Wireless Earbuds,4,629.93,193,Electronics,West
2023-03-19,Ergonomic Chair,4,917.51,70,Furniture,East
2023-03-19,Coffee Table,2,354.14,50,Furniture,Central
2023-03-19,Protein Powder,0,0.0,269,Health,East
2023-03-19,Wireless Earbuds,6,977.98,202,Electronics,East
2023-03-19,Protein Powder,0,0.0,291,Health,South
2023-03-19,Laptop Pro,4,4603.83,69,Electronics,North
2023-03-19,Multivitamins,5,127.49,380,Health,North
2023-03-19,Wireless Earbuds,3,436.54,191,Electronics,West
2023-03-19,Winter Jacket,3,524.48,101,Apparel,East
2023-03-19,Protein Powder,0,0.0,290,Health,West
2023-03-19,SmartPhone X,2,1539.8,103,Electronics,Central
2023-03-19,Coffee Table,6,1039.64,54,Furniture,East
2023-03-19,Protein Powder,0,0.0,283,Health,South
2023-03-19,Office Desk,6,2117.22,47,Furniture,West
2023-03-19,Office Desk,6,2284.38,53,Furniture,West
2023-03-20,Running Shoes,8,875.87,137,Apparel,Central
2023-03-20,Coffee Table,6,1100.57,50,Furniture,West
2023-03-20,Multivitamins,5,136.7,384,Health,North
2023-03-20,Multivitamins,1,23.45,383,Health,East
2023-03-20,Ergonomic Chair,4,1032.38,79,Furniture,Central
2023-03-20,Yoga Mat,3,110.33,110,Health,North
2023-03-20,Running Shoes,4,518.82,133,Apparel,North
2023-03-20,Laptop Pro,2,2523.38,79,Electronics,Central
2023-03-20,Laptop Pro,0,0.0,75,Electronics,West
2023-03-20,Office Desk,7,2530.13,61,Furniture,South
2023-03-20,Coffee Table,1,192.82,44,Furniture,East
2023-03-20,Multivitamins,3,78.86,363,Health,Central
2023-03-20,Multivitamins,5,119.97,375,Health,Central
2023-03-20,Ergonomic Chair,0,0.0,55,Furniture,Central
2023-03-20,Multivitamins,2,48.42,384,Health,East
2023-03-20,Winter Jacket,3,511.77,103,Apparel,East
2023-03-20,Designer Jeans,4,376.91,175,Apparel,West
2023-03-20,Ergonomic Chair,3,718.19,68,Furniture,South
2023-03-21,Multivitamins,3,78.51,384,Health,East
2023-03-21,Ergonomic Chair,4,1016.72,79,Furniture,East
2023-03-21,SmartPhone X,4,3107.28,111,Electronics,Central
2023-03-21,Wireless Earbuds,5,773.8,192,Electronics,Central
2023-03-21,Coffee Table,4,766.22,48,Furniture,South
2023-03-21,Designer Jeans,6,556.96,177,Apparel,Central
2023-03-21,Running Shoes,12,1411.06,152,Apparel,Central
2023-03-21,Wireless Earbuds,3,405.97,197,Electronics,South
2023-03-21,Ergonomic Chair,4,919.75,74,Furniture,North
2023-03-21,Winter Jacket,5,777.85,108,Apparel,South
2023-03-21,Wireless Earbuds,4,565.76,183,Electronics,South
2023-03-21,Laptop Pro,1,1257.33,91,Electronics,West
2023-03-21,Office Desk,2,722.22,63,Furniture,South
2023-03-21,Ergonomic Chair,5,1168.13,80,Furniture,Central
2023-03-21,Winter Jacket,6,920.9,110,Apparel,South
2023-03-21,Ergonomic Chair,4,984.71,83,Furniture,East
2023-03-21,Designer Jeans,7,571.0,200,Apparel,Central
2023-03-21,Wireless Earbuds,4,568.81,176,Electronics,Central
2023-03-21,Multivitamins,5,115.39,384,Health,East
2023-03-21,Laptop Pro,0,0.0,71,Electronics,South
2023-03-21,Ergonomic Chair,4,1022.79,54,Furniture,South
2023-03-21,Multivitamins,7,177.72,381,Health,West
2023-03-21,Yoga Mat,4,146.87,122,Health,Central
2023-03-21,Multivitamins,4,107.92,375,Health,South
2023-03-22,Running Shoes,0,0.0,153,Apparel,South
2023-03-22,Ergonomic Chair,0,0.0,69,Furniture,South
2023-03-22,SmartPhone X,4,3242.04,113,Electronics,Central
2023-03-22,Laptop Pro,6,7644.1,84,Electronics,West
2023-03-22,Designer Jeans,0,0.0,197,Apparel,South
2023-03-22,Wireless Earbuds,2,271.01,178,Electronics,North
2023-03-22,Office Desk,4,1281.44,58,Furniture,East
2023-03-22,Winter Jacket,7,1142.78,96,Apparel,Central
2023-03-22,SmartPhone X,4,3079.55,105,Electronics,Central
2023-03-22,Laptop Pro,4,4947.99,80,Electronics,East
2023-03-22,Ergonomic Chair,1,241.61,78,Furniture,North
2023-03-22,Laptop Pro,5,5901.2,85,Electronics,East
2023-03-22,Designer Jeans,2,189.85,188,Apparel,North
2023-03-22,Protein Powder,2,73.23,285,Health,West
2023-03-22,Wireless Earbuds,3,454.56,199,Electronics,West
2023-03-22,Coffee Table,6,1041.04,54,Furniture,South
2023-03-22,Designer Jeans,0,0.0,191,Apparel,South
2023-03-22,Designer Jeans,0,0.0,177,Apparel,North
2023-03-22,Wireless Earbuds,4,621.1,187,Electronics,Central
2023-03-22,Running Shoes,8,877.46,142,Apparel,Central
2023-03-22,Protein Powder,3,121.35,282,Health,Central
2023-03-22,Laptop Pro,3,3541.81,90,Electronics,East
2023-03-23,Designer Jeans,1,91.03,195,Apparel,West
2023-03-23,Yoga Mat,6,210.1,110,Health,West
2023-03-23,Winter Jacket,7,1078.12,83,Apparel,East
2023-03-23,Winter Jacket,6,873.64,93,Apparel,North
2023-03-23,SmartPhone X,2,1561.48,128,Electronics,Central
2023-03-23,Coffee Table,7,1206.0,55,Furniture,Central
2023-03-23,Laptop Pro,4,4830.04,67,Electronics,North
2023-03-23,Laptop Pro,4,4731.32,90,Electronics,South
2023-03-23,Laptop Pro,1,1277.87,75,Electronics,West
2023-03-23,Laptop Pro,5,6399.52,68,Electronics,East
2023-03-23,Multivitamins,6,160.34,372,Health,West
2023-03-23,Yoga Mat,3,110.63,105,Health,East
2023-03-23,Designer Jeans,1,85.49,199,Apparel,Central
2023-03-23,Ergonomic Chair,7,1682.96,73,Furniture,West
2023-03-23,Protein Powder,4,154.41,293,Health,North
2023-03-23,Laptop Pro,2,2557.67,73,Electronics,North
2023-03-23,SmartPhone X,0,0.0,103,Electronics,South
2023-03-23,Protein Powder,0,0.0,271,Health,North
2023-03-23,Running Shoes,8,1021.52,130,Apparel,North
2023-03-23,Ergonomic Chair,4,926.48,75,Furniture,North
2023-03-23,Designer Jeans,5,428.93,200,Apparel,West
2023-03-23,Winter Jacket,2,351.85,93,Apparel,West
2023-03-23,Laptop Pro,5,5951.58,80,Electronics,Central
2023-03-23,Laptop Pro,0,0.0,71,Electronics,West
2023-03-23,Office Desk,5,1597.99,64,Furniture,North
2023-03-23,Yoga Mat,4,134.6,122,Health,Central
2023-03-23,Laptop Pro,7,7829.18,75,Electronics,East
2023-03-24,Multivitamins,7,185.4,368,Health,North
2023-03-24,Designer Jeans,7,653.99,203,Apparel,Central
2023-03-24,Coffee Table,5,954.89,50,Furniture,Central
2023-03-24,Coffee Table,2,367.38,27,Furniture,East
2023-03-24,Wireless Earbuds,2,284.1,194,Electronics,Central
2023-03-24,Coffee Table,4,784.55,32,Furniture,South
2023-03-24,Office Desk,5,1667.58,65,Furniture,Central
2023-03-24,SmartPhone X,1,868.23,109,Electronics,Central
2023-03-24,Office Desk,1,318.54,46,Furniture,North
2023-03-24,Wireless Earbuds,0,0.0,176,Electronics,East
2023-03-24,Laptop Pro,4,5021.91,78,Electronics,East
2023-03-24,Office Desk,4,1478.85,46,Furniture,Central
2023-03-24,SmartPhone X,3,2627.42,101,Electronics,North
2023-03-24,Running Shoes,12,1556.42,142,Apparel,East
2023-03-24,Wireless Earbuds,5,757.48,181,Electronics,East
2023-03-24,Ergonomic Chair,0,0.0,70,Furniture,North
2023-03-24,Protein Powder,6,228.45,273,Health,West
2023-03-24,Multivitamins,4,91.8,362,Health,East
2023-03-24,Laptop Pro,4,4643.96,74,Electronics,North
2023-03-24,Coffee Table,4,660.03,41,Furniture,West
2023-03-24,Yoga Mat,5,159.3,127,Health,North
2023-03-24,Ergonomic Chair,4,1045.51,68,Furniture,Central
2023-03-25,Multivitamins,3,69.92,367,Health,North
2023-03-25,Office Desk,4,1485.52,62,Furniture,East
2023-03-25,Office Desk,5,1628.86,55,Furniture,Central
2023-03-25,SmartPhone X,7,5340.36,103,Electronics,West
2023-03-25,Winter Jacket,1,157.07,97,Apparel,West
2023-03-25,Running Shoes,2,218.72,131,Apparel,North
2023-03-25,Running Shoes,4,498.93,140,Apparel,East
2023-03-25,Wireless Earbuds,4,571.18,195,Electronics,West
2023-03-25,Running Shoes,6,776.98,131,Apparel,South
2023-03-25,Laptop Pro,7,7946.39,81,Electronics,East
2023-03-25,SmartPhone X,4,3033.94,114,Electronics,West
2023-03-25,Wireless Earbuds,7,974.63,177,Electronics,North
2023-03-25,Protein Powder,1,39.18,285,Health,Central
2023-03-26,Wireless Earbuds,4,549.84,177,Electronics,East
2023-03-26,SmartPhone X,1,724.8,108,Electronics,West
2023-03-26,Coffee Table,5,831.11,35,Furniture,Central
2023-03-26,Wireless Earbuds,2,304.67,202,Electronics,Central
2023-03-26,Office Desk,2,767.92,37,Furniture,North
2023-03-26,Laptop Pro,3,3561.44,64,Electronics,West
2023-03-26,Winter Jacket,6,972.33,97,Apparel,Central
2023-03-26,Laptop Pro,5,6521.32,73,Electronics,South
2023-03-26,Designer Jeans,6,574.91,196,Apparel,South
2023-03-26,SmartPhone X,4,3378.89,125,Electronics,South
2023-03-26,Protein Powder,1,38.03,282,Health,North
2023-03-26,Laptop Pro,0,0.0,63,Electronics,Central
2023-03-26,Running Shoes,8,1010.95,129,Apparel,Central
2023-03-26,Office Desk,6,2104.89,54,Furniture,West
2023-03-26,Multivitamins,6,137.8,368,Health,South
2023-03-26,Multivitamins,2,48.24,367,Health,South
2023-03-27,Winter Jacket,0,0.0,98,Apparel,North
2023-03-27,SmartPhone X,1,812.06,129,Electronics,East
2023-03-27,Multivitamins,3,71.64,382,Health,Central
2023-03-27,Winter Jacket,6,926.17,105,Apparel,South
2023-03-27,Winter Jacket,7,1154.1,96,Apparel,South
2023-03-27,Ergonomic Chair,4,1030.09,66,Furniture,West
2023-03-27,Ergonomic Chair,4,924.4,71,Furniture,West
2023-03-27,Protein Powder,7,307.83,291,Health,South
2023-03-27,Office Desk,7,2660.14,43,Furniture,Central
2023-03-27,Ergonomic Chair,7,1737.87,62,Furniture,East
2023-03-27,Laptop Pro,7,7994.43,82,Electronics,North
2023-03-27,Coffee Table,5,923.65,26,Furniture,East
2023-03-27,Coffee Table,2,363.47,49,Furniture,East
2023-03-27,Running Shoes,8,920.82,152,Apparel,Central
2023-03-27,Ergonomic Chair,1,227.52,65,Furniture,North
2023-03-27,Protein Powder,4,162.46,294,Health,North
2023-03-27,Winter Jacket,5,800.04,91,Apparel,North
2023-03-27,Multivitamins,4,102.02,371,Health,South
2023-03-27,Coffee Table,1,195.02,37,Furniture,Central
2023-03-27,Winter Jacket,4,594.34,85,Apparel,West
2023-03-27,Multivitamins,3,78.4,373,Health,South
2023-03-27,Office Desk,3,1072.15,36,Furniture,West
2023-03-27,Running Shoes,6,736.49,133,Apparel,South
2023-03-27,Ergonomic Chair,2,475.36,66,Furniture,West
2023-03-27,SmartPhone X,4,3303.57,107,Electronics,Central
2023-03-28,Yoga Mat,5,158.07,105,Health,West
2023-03-28,Designer Jeans,0,0.0,186,Apparel,South
2023-03-28,SmartPhone X,5,3701.02,114,Electronics,West
2023-03-28,Office Desk,0,0.0,49,Furniture,North
2023-03-28,Multivitamins,1,24.09,383,Health,South
2023-03-28,Multivitamins,3,77.17,383,Health,East
2023-03-28,Wireless Earbuds,0,0.0,175,Electronics,Central
2023-03-28,Multivitamins,0,0.0,370,Health,West
2023-03-28,Coffee Table,4,661.26,33,Furniture,Central
2023-03-28,Multivitamins,3,75.99,365,Health,North
2023-03-28,Multivitamins,4,106.25,378,Health,North
2023-03-28,Wireless Earbuds,1,153.21,200,Electronics,South
2023-03-28,Wireless Earbuds,7,1026.88,173,Electronics,North
2023-03-28,Yoga Mat,3,97.4,110,Health,North
2023-03-28,Ergonomic Chair,5,1371.83,77,Furniture,South
2023-03-28,Laptop Pro,4,5158.67,65,Electronics,North
2023-03-28,Wireless Earbuds,3,457.44,173,Electronics,North
2023-03-29,Laptop Pro,4,4613.51,79,Electronics,North
2023-03-29,Multivitamins,1,25.86,362,Health,Central
2023-03-29,SmartPhone X,6,4622.63,118,Electronics,Central
2023-03-29,Yoga Mat,0,0.0,102,Health,South
2023-03-29,Wireless Earbuds,4,609.42,184,Electronics,East
2023-03-29,Protein Powder,3,124.81,273,Health,West
2023-03-29,Office Desk,5,1880.5,56,Furniture,West
2023-03-29,Laptop Pro,2,2510.52,75,Electronics,South
2023-03-29,Ergonomic Chair,7,1674.59,73,Furniture,West
2023-03-29,Office Desk,4,1483.02,45,Furniture,North
2023-03-29,Protein Powder,2,75.62,272,Health,East
2023-03-29,Winter Jacket,2,318.62,91,Apparel,North
2023-03-29,Laptop Pro,7,7704.53,81,Electronics,West
2023-03-29,Laptop Pro,5,6570.57,77,Electronics,East
2023-03-29,Protein Powder,5,189.35,290,Health,West
2023-03-29,Laptop Pro,4,4822.28,81,Electronics,South
2023-03-29,Winter Jacket,4,608.3,86,Apparel,Central
2023-03-29,Protein Powder,0,0.0,265,Health,East
2023-03-29,Designer Jeans,2,191.16,199,Apparel,North
2023-03-29,Yoga Mat,3,109.83,123,Health,North
2023-03-29,Coffee Table,5,925.37,54,Furniture,East
2023-03-29,Coffee Table,3,506.51,51,Furniture,East
2023-03-29,Designer Jeans,4,364.07,183,Apparel,East
2023-03-29,Coffee Table,2,389.62,39,Furniture,South
2023-03-29,Protein Powder,4,154.1,289,Health,Central
2023-03-29,Ergonomic Chair,7,1866.62,75,Furniture,North
2023-03-29,Ergonomic Chair,7,1913.29,57,Furniture,East
2023-03-29,Office Desk,0,0.0,60,Furniture,East
2023-03-29,Designer Jeans,4,363.63,185,Apparel,East
2023-03-30,SmartPhone X,1,813.53,114,Electronics,Central
2023-03-30,SmartPhone X,7,5463.18,121,Electronics,Central
2023-03-30,Winter Jacket,2,292.91,94,Apparel,West
2023-03-30,Office Desk,2,722.13,51,Furniture,East
2023-03-30,SmartPhone X,2,1584.56,129,Electronics,Central
2023-03-30,Multivitamins,3,73.51,370,Health,North
2023-03-30,Coffee Table,6,1184.93,31,Furniture,East
2023-03-30,Protein Powder,4,158.15,284,Health,North
2023-03-30,Ergonomic Chair,4,991.08,78,Furniture,South
2023-03-30,Wireless Earbuds,5,772.31,190,Electronics,North
2023-03-30,Running Shoes,0,0.0,136,Apparel,North
2023-03-30,Laptop Pro,7,8571.04,91,Electronics,South
2023-03-30,Running Shoes,2,235.27,146,Apparel,South
2023-03-30,Laptop Pro,0,0.0,83,Electronics,South
2023-03-30,Designer Jeans,1,81.69,176,Apparel,North
2023-03-30,Multivitamins,4,91.17,356,Health,East
2023-03-30,Multivitamins,5,127.38,364,Health,Central
2023-03-30,Multivitamins,2,46.16,379,Health,North
2023-03-30,Yoga Mat,2,67.14,119,Health,Central
2023-03-30,SmartPhone X,7,5483.87,127,Electronics,North
2023-03-30,Office Desk,2,651.2,61,Furniture,North
2023-03-31,SmartPhone X,3,2454.91,105,Electronics,West
2023-03-31,Running Shoes,10,1200.6,156,Apparel,North
2023-03-31,Ergonomic Chair,4,995.37,65,Furniture,South
2023-03-31,Laptop Pro,3,3804.1,83,Electronics,West
2023-03-31,Protein Powder,5,207.14,289,Health,North
2023-03-31,Wireless Earbuds,5,723.85,178,Electronics,Central
2023-03-31,Designer Jeans,4,367.44,196,Apparel,West
2023-03-31,Running Shoes,8,954.15,144,Apparel,East
2023-03-31,Multivitamins,4,90.21,365,Health,North
2023-03-31,Ergonomic Chair,0,0.0,65,Furniture,North
2023-03-31,Coffee Table,4,736.98,32,Furniture,East
2023-03-31,Running Shoes,14,1805.62,138,Apparel,Central
2023-03-31,Yoga Mat,5,165.43,109,Health,South
2023-03-31,SmartPhone X,4,3161.51,118,Electronics,East
2023-03-31,Coffee Table,5,878.57,47,Furniture,East
2023-03-31,Designer Jeans,1,91.79,183,Apparel,West
2023-03-31,Designer Jeans,1,87.9,177,Apparel,Central
2023-03-31,Yoga Mat,0,0.0,124,Health,South
2023-03-31,Running Shoes,6,676.72,130,Apparel,East
2023-03-31,Yoga Mat,0,0.0,122,Health,East
2023-03-31,Office Desk,4,1321.09,40,Furniture,South
2023-03-31,Multivitamins,7,173.09,376,Health,West
2023-03-31,Office Desk,5,1661.59,48,Furniture,Central
2023-03-31,Yoga Mat,5,178.68,126,Health,East
2023-03-31,Multivitamins,2,51.26,364,Health,West
2023-03-31,Wireless Earbuds,4,547.15,195,Electronics,East
2023-03-31,Multivitamins,4,105.27,382,Health,North
2023-03-31,Office Desk,5,1705.83,41,Furniture,South
2023-03-31,SmartPhone X,2,1499.03,126,Electronics,Central
2023-04-01,Designer Jeans,6,527.59,178,Apparel,Central
2023-04-01,Multivitamins,3,80.75,363,Health,East
2023-04-01,SmartPhone X,7,5257.46,113,Electronics,Central
2023-04-01,Multivitamins,4,90.15,358,Health,Central
2023-04-01,Yoga Mat,8,284.14,111,Health,West
2023-04-01,Laptop Pro,3,3872.18,90,Electronics,West
2023-04-01,SmartPhone X,5,3638.96,113,Electronics,South
2023-04-01,Yoga Mat,7,222.66,107,Health,East
2023-04-01,Running Shoes,12,1451.89,131,Apparel,Central
2023-04-01,Running Shoes,2,231.86,142,Apparel,West
2023-04-01,Winter Jacket,8,1227.93,105,Apparel,South
2023-04-01,Wireless Earbuds,2,280.19,189,Electronics,East
2023-04-02,Wireless Earbuds,9,1259.84,194,Electronics,South
2023-04-02,SmartPhone X,6,4976.94,109,Electronics,Central
2023-04-02,Winter Jacket,9,1337.06,93,Apparel,South
2023-04-02,Laptop Pro,2,2482.75,87,Electronics,Central
2023-04-02,Designer Jeans,3,260.88,186,Apparel,South
2023-04-02,Protein Powder,9,353.91,283,Health,East
2023-04-02,Running Shoes,2,217.07,151,Apparel,South
2023-04-02,Yoga Mat,2,63.58,124,Health,South
2023-04-02,Wireless Earbuds,8,1211.97,195,Electronics,North
2023-04-02,Running Shoes,14,1644.1,139,Apparel,North
2023-04-02,Running Shoes,10,1103.27,148,Apparel,East
2023-04-02,Coffee Table,2,381.42,27,Furniture,West
2023-04-02,Laptop Pro,7,7748.77,77,Electronics,South
2023-04-02,Protein Powder,2,82.04,286,Health,West
2023-04-02,Protein Powder,3,131.82,284,Health,North
2023-04-02,Ergonomic Chair,6,1569.07,77,Furniture,North
2023-04-02,Laptop Pro,9,11082.35,73,Electronics,South
2023-04-02,Laptop Pro,7,8588.62,86,Electronics,Central
2023-04-02,Multivitamins,6,140.84,366,Health,North
2023-04-03,Yoga Mat,1,37.33,125,Health,South
2023-04-03,Office Desk,4,1502.6,51,Furniture,North
2023-04-03,Ergonomic Chair,5,1298.01,54,Furniture,West
2023-04-03,Multivitamins,3,74.39,360,Health,East
2023-04-03,Yoga Mat,7,248.36,120,Health,South
2023-04-03,SmartPhone X,3,2350.08,112,Electronics,South
2023-04-03,Winter Jacket,8,1192.64,103,Apparel,Central
2023-04-03,Protein Powder,6,258.22,271,Health,South
2023-04-03,Wireless Earbuds,5,823.73,172,Electronics,South
2023-04-03,Ergonomic Chair,6,1456.63,75,Furniture,East
2023-04-03,Winter Jacket,7,1139.94,93,Apparel,North
2023-04-03,Multivitamins,2,50.76,355,Health,West
2023-04-03,Laptop Pro,5,5966.09,85,Electronics,South
2023-04-03,Winter Jacket,2,292.43,95,Apparel,North
2023-04-03,Winter Jacket,8,1217.16,87,Apparel,East
2023-04-03,Ergonomic Chair,2,454.33,79,Furniture,South
2023-04-03,Protein Powder,6,231.87,284,Health,East
2023-04-03,Winter Jacket,9,1525.32,106,Apparel,North
2023-04-03,Ergonomic Chair,8,2044.04,65,Furniture,North
2023-04-03,SmartPhone X,1,741.31,103,Electronics,East
2023-04-03,Coffee Table,6,1062.53,42,Furniture,South
2023-04-04,Designer Jeans,9,758.61,197,Apparel,South
2023-04-04,Winter Jacket,2,314.59,91,Apparel,Central
2023-04-04,Coffee Table,9,1536.6,31,Furniture,East
2023-04-04,Laptop Pro,2,2611.91,85,Electronics,South
2023-04-04,Coffee Table,5,894.9,49,Furniture,West
2023-04-04,Laptop Pro,3,3690.49,79,Electronics,East
2023-04-04,Winter Jacket,4,628.14,93,Apparel,West
2023-04-04,Designer Jeans,3,291.42,175,Apparel,North
2023-04-04,Yoga Mat,9,284.92,126,Health,North
2023-04-04,Coffee Table,2,388.13,27,Furniture,West
2023-04-04,Yoga Mat,3,111.48,123,Health,Central
2023-04-04,Wireless Earbuds,6,974.35,172,Electronics,North
2023-04-04,Protein Powder,3,111.95,278,Health,South
2023-04-04,Laptop Pro,8,9113.97,64,Electronics,North
2023-04-04,Multivitamins,9,227.48,360,Health,Central
2023-04-04,Laptop Pro,5,5911.8,71,Electronics,Central
2023-04-04,Multivitamins,7,182.81,364,Health,East
2023-04-04,Multivitamins,9,212.13,382,Health,North
2023-04-04,Office Desk,8,2744.18,43,Furniture,West
2023-04-04,Multivitamins,4,102.99,363,Health,East
2023-04-04,Wireless Earbuds,9,1294.25,188,Electronics,North
2023-04-04,Multivitamins,3,75.86,359,Health,East
2023-04-04,Winter Jacket,7,1156.42,95,Apparel,South
2023-04-04,Ergonomic Chair,2,538.59,81,Furniture,Central
2023-04-04,Running Shoes,8,1055.41,135,Apparel,East
2023-04-04,Multivitamins,9,242.09,370,Health,South
2023-04-05,Designer Jeans,9,751.3,182,Apparel,Central
2023-04-05,Winter Jacket,3,518.71,90,Apparel,North
2023-04-05,Laptop Pro,4,4800.06,73,Electronics,South
2023-04-05,Winter Jacket,5,758.25,104,Apparel,Central
2023-04-05,SmartPhone X,9,7574.41,100,Electronics,North
2023-04-05,Laptop Pro,6,7071.38,84,Electronics,North
2023-04-05,Office Desk,7,2683.51,41,Furniture,South
2023-04-05,Coffee Table,5,978.22,39,Furniture,West
2023-04-05,Running Shoes,6,775.63,150,Apparel,West
2023-04-05,Multivitamins,2,48.29,376,Health,Central
2023-04-05,Protein Powder,1,37.46,287,Health,South
2023-04-05,Yoga Mat,7,251.47,121,Health,North
2023-04-05,Office Desk,6,2044.12,37,Furniture,Central
2023-04-05,Winter Jacket,2,301.22,100,Apparel,South
2023-04-05,Wireless Earbuds,5,709.83,198,Electronics,West
2023-04-05,SmartPhone X,3,2411.24,128,Electronics,North
2023-04-05,Designer Jeans,8,766.83,186,Apparel,North
2023-04-05,Designer Jeans,9,781.44,174,Apparel,Central
2023-04-05,SmartPhone X,7,5200.34,117,Electronics,North
2023-04-05,Designer Jeans,6,555.29,201,Apparel,Central
2023-04-05,Wireless Earbuds,3,475.92,187,Electronics,South
2023-04-05,Ergonomic Chair,6,1382.7,60,Furniture,South
2023-04-05,Winter Jacket,2,308.28,100,Apparel,Central
2023-04-05,Protein Powder,3,129.01,275,Health,North
2023-04-05,Running Shoes,14,1800.03,127,Apparel,East
2023-04-05,Winter Jacket,4,594.78,104,Apparel,South
2023-04-05,Wireless Earbuds,2,326.7,200,Electronics,West
2023-04-05,Designer Jeans,9,737.71,185,Apparel,Central
2023-04-05,Multivitamins,8,189.25,372,Health,West
2023-04-06,Winter Jacket,2,292.08,91,Apparel,South
2023-04-06,Office Desk,6,1892.16,53,Furniture,Central
2023-04-06,Coffee Table,5,932.88,32,Furniture,West
2023-04-06,Laptop Pro,8,10312.8,77,Electronics,South
2023-04-06,Designer Jeans,6,578.72,180,Apparel,East
2023-04-06,Laptop Pro,1,1223.48,69,Electronics,East
2023-04-06,Yoga Mat,8,288.22,101,Health,West
2023-04-06,Wireless Earbuds,3,420.2,179,Electronics,South
2023-04-06,Office Desk,7,2556.56,61,Furniture,South
2023-04-06,Laptop Pro,6,6606.94,84,Electronics,Central
2023-04-06,Coffee Table,9,1723.86,35,Furniture,North
2023-04-06,Protein Powder,5,205.44,266,Health,East
2023-04-06,Running Shoes,10,1202.67,142,Apparel,Central
2023-04-06,Wireless Earbuds,3,476.38,187,Electronics,Central
2023-04-06,Laptop Pro,3,3750.76,91,Electronics,West
2023-04-06,Protein Powder,3,128.13,278,Health,Central
2023-04-06,Wireless Earbuds,1,144.13,191,Electronics,North
2023-04-06,Multivitamins,7,178.92,375,Health,South
2023-04-06,Ergonomic Chair,2,454.72,58,Furniture,East
2023-04-06,Ergonomic Chair,2,513.14,60,Furniture,South
2023-04-06,Designer Jeans,3,277.0,184,Apparel,North
2023-04-06,Multivitamins,9,208.45,361,Health,East
2023-04-06,Protein Powder,4,161.42,263,Health,North
2023-04-06,Ergonomic Chair,2,486.91,64,Furniture,North
2023-04-06,Wireless Earbuds,9,1261.33,189,Electronics,West
2023-04-06,Laptop Pro,6,7146.13,84,Electronics,East
2023-04-06,Designer Jeans,9,751.42,179,Apparel,Central
2023-04-06,Protein Powder,6,238.75,267,Health,North
2023-04-07,Protein Powder,9,366.87,290,Health,Central
2023-04-07,Running Shoes,8,945.06,146,Apparel,East
2023-04-07,SmartPhone X,6,4507.88,114,Electronics,North
2023-04-07,Protein Powder,2,82.38,278,Health,North
2023-04-07,SmartPhone X,1,764.3,121,Electronics,North
2023-04-07,Yoga Mat,2,76.03,105,Health,East
2023-04-07,Winter Jacket,2,335.77,96,Apparel,West
2023-04-07,Winter Jacket,7,1197.43,84,Apparel,Central
2023-04-07,Laptop Pro,4,4321.58,80,Electronics,East
2023-04-07,Yoga Mat,9,319.46,107,Health,Central
2023-04-07,SmartPhone X,5,4289.66,100,Electronics,West
2023-04-07,Wireless Earbuds,9,1364.53,192,Electronics,North
2023-04-07,Yoga Mat,6,220.18,121,Health,South
2023-04-07,Protein Powder,6,251.18,262,Health,East
2023-04-07,Coffee Table,2,376.04,26,Furniture,Central
2023-04-07,Winter Jacket,1,147.81,83,Apparel,South
2023-04-07,Winter Jacket,2,292.67,106,Apparel,West
2023-04-07,Multivitamins,1,26.09,361,Health,East
2023-04-07,Running Shoes,14,1523.96,131,Apparel,West
2023-04-07,Wireless Earbuds,2,273.23,180,Electronics,East
2023-04-07,Multivitamins,8,181.56,365,Health,Central
2023-04-07,Yoga Mat,8,296.93,111,Health,East
2023-04-07,Ergonomic Chair,1,247.21,59,Furniture,West
2023-04-07,Ergonomic Chair,1,268.07,75,Furniture,South
2023-04-07,Winter Jacket,6,865.9,105,Apparel,Central
2023-04-07,Running Shoes,4,476.23,128,Apparel,West
2023-04-07,Office Desk,7,2441.78,44,Furniture,South
2023-04-07,Ergonomic Chair,7,1839.1,74,Furniture,West
2023-04-08,Wireless Earbuds,1,161.6,187,Electronics,South
2023-04-08,Laptop Pro,4,5148.41,90,Electronics,East
2023-04-08,Yoga Mat,5,176.21,107,Health,Central
2023-04-08,Ergonomic Chair,3,693.28,58,Furniture,South
2023-04-08,Multivitamins,4,106.55,358,Health,West
2023-04-08,SmartPhone X,8,6154.01,115,Electronics,East
2023-04-08,Office Desk,1,331.35,49,Furniture,East
2023-04-08,Laptop Pro,7,7874.37,86,Electronics,South
2023-04-08,Wireless Earbuds,7,992.02,200,Electronics,East
2023-04-08,Running Shoes,12,1577.52,155,Apparel,West
2023-04-08,Ergonomic Chair,3,724.52,54,Furniture,South
2023-04-08,Wireless Earbuds,1,163.6,186,Electronics,West
2023-04-08,Laptop Pro,2,2302.87,78,Electronics,West
2023-04-08,Laptop Pro,6,6941.38,86,Electronics,Central
2023-04-08,Wireless Earbuds,8,1109.4,194,Electronics,North
2023-04-08,SmartPhone X,7,5178.71,110,Electronics,East
2023-04-08,Multivitamins,2,54.09,381,Health,West
2023-04-08,Protein Powder,1,42.57,290,Health,North
2023-04-08,Running Shoes,12,1318.42,144,Apparel,West
2023-04-09,Laptop Pro,5,6431.57,73,Electronics,South
2023-04-09,Yoga Mat,6,189.56,113,Health,North
2023-04-09,SmartPhone X,1,853.83,108,Electronics,South
2023-04-09,SmartPhone X,1,851.14,120,Electronics,Central
2023-04-09,Multivitamins,7,164.47,359,Health,Central
2023-04-09,Winter Jacket,2,312.13,83,Apparel,Central
2023-04-09,Running Shoes,14,1710.99,127,Apparel,East
2023-04-09,Winter Jacket,2,307.86,84,Apparel,South
2023-04-09,Wireless Earbuds,6,927.85,179,Electronics,West
2023-04-09,Yoga Mat,4,144.57,112,Health,South
2023-04-10,Protein Powder,6,254.07,267,Health,South
2023-04-10,Winter Jacket,1,145.27,105,Apparel,South
2023-04-10,SmartPhone X,7,5332.23,124,Electronics,Central
2023-04-10,Protein Powder,1,36.34,274,Health,Central
2023-04-10,Ergonomic Chair,7,1712.28,77,Furniture,West
2023-04-10,Running Shoes,10,1113.89,148,Apparel,Central
2023-04-10,Winter Jacket,1,160.26,85,Apparel,Central
2023-04-10,Ergonomic Chair,7,1742.21,81,Furniture,Central
2023-04-10,SmartPhone X,3,2461.28,120,Electronics,West
2023-04-10,Ergonomic Chair,2,495.03,61,Furniture,North
2023-04-10,Laptop Pro,7,8812.81,87,Electronics,West
2023-04-10,Running Shoes,4,520.71,134,Apparel,West
2023-04-10,Wireless Earbuds,1,151.86,190,Electronics,West
2023-04-10,Office Desk,6,2039.5,41,Furniture,Central
2023-04-10,Designer Jeans,2,186.8,191,Apparel,West
2023-04-10,Multivitamins,1,24.63,370,Health,Central
2023-04-10,Multivitamins,3,77.14,375,Health,East
2023-04-10,Running Shoes,18,2171.27,155,Apparel,North
2023-04-10,Wireless Earbuds,1,140.79,197,Electronics,Central
2023-04-11,Coffee Table,2,351.23,43,Furniture,South
2023-04-11,SmartPhone X,7,5502.68,122,Electronics,East
2023-04-11,Running Shoes,14,1650.56,150,Apparel,Central
2023-04-11,SmartPhone X,1,856.58,122,Electronics,East
2023-04-11,Designer Jeans,5,437.44,191,Apparel,South
2023-04-11,Protein Powder,6,225.7,284,Health,North
2023-04-11,SmartPhone X,8,6025.03,98,Electronics,South
2023-04-11,Designer Jeans,1,85.17,195,Apparel,South
2023-04-11,Designer Jeans,2,176.3,198,Apparel,North
2023-04-11,Ergonomic Chair,8,1923.07,69,Furniture,North
2023-04-11,Ergonomic Chair,1,233.08,68,Furniture,North
2023-04-11,Office Desk,8,2920.23,55,Furniture,South
2023-04-11,Coffee Table,5,889.88,54,Furniture,East
2023-04-11,Multivitamins,8,183.24,368,Health,East
2023-04-11,Protein Powder,2,83.66,280,Health,North
2023-04-11,Multivitamins,5,127.48,368,Health,Central
2023-04-12,Yoga Mat,1,32.3,101,Health,South
2023-04-12,SmartPhone X,2,1600.64,121,Electronics,North
2023-04-12,Running Shoes,16,1950.32,136,Apparel,South
2023-04-12,Laptop Pro,9,10398.33,88,Electronics,South
2023-04-12,Wireless Earbuds,5,805.89,196,Electronics,South
2023-04-12,Laptop Pro,4,4787.89,87,Electronics,West
2023-04-12,Coffee Table,1,178.01,46,Furniture,North
2023-04-12,Winter Jacket,3,465.76,89,Apparel,South
2023-04-12,Designer Jeans,3,273.72,171,Apparel,West
2023-04-12,Ergonomic Chair,1,240.61,55,Furniture,East
2023-04-12,Designer Jeans,1,96.27,173,Apparel,South
2023-04-12,Wireless Earbuds,8,1270.54,191,Electronics,West
2023-04-12,Winter Jacket,6,983.66,93,Apparel,West
2023-04-12,Office Desk,4,1485.43,63,Furniture,East
2023-04-12,SmartPhone X,6,4699.25,114,Electronics,East
2023-04-12,Protein Powder,9,352.94,276,Health,East
2023-04-12,Running Shoes,16,2015.6,152,Apparel,Central
2023-04-12,Laptop Pro,6,7394.03,77,Electronics,North
2023-04-12,Wireless Earbuds,7,1102.37,181,Electronics,South
2023-04-12,Laptop Pro,7,8374.28,86,Electronics,East
2023-04-12,Protein Powder,4,150.91,280,Health,South
2023-04-12,Laptop Pro,4,5006.52,72,Electronics,Central
2023-04-12,Designer Jeans,2,177.38,200,Apparel,Central
2023-04-13,Protein Powder,1,41.66,284,Health,South
2023-04-13,Designer Jeans,2,186.0,190,Apparel,West
2023-04-13,Multivitamins,4,91.08,360,Health,West
2023-04-13,Designer Jeans,9,786.99,182,Apparel,Central
2023-04-13,Coffee Table,7,1231.7,41,Furniture,South
2023-04-13,Coffee Table,2,335.03,52,Furniture,West
2023-04-13,Coffee Table,3,539.18,33,Furniture,South
2023-04-13,Laptop Pro,2,2570.66,75,Electronics,North
2023-04-13,Winter Jacket,3,464.8,108,Apparel,West
2023-04-13,Protein Powder,6,239.87,264,Health,East
2023-04-13,Yoga Mat,6,193.54,117,Health,Central
2023-04-13,Ergonomic Chair,6,1529.19,71,Furniture,Central
2023-04-13,Protein Powder,8,318.3,276,Health,North
2023-04-13,Winter Jacket,3,464.64,106,Apparel,South
2023-04-13,Ergonomic Chair,5,1147.03,68,Furniture,South
2023-04-14,Protein Powder,5,187.27,263,Health,East
2023-04-14,Multivitamins,5,130.17,355,Health,Central
2023-04-14,SmartPhone X,9,7394.87,126,Electronics,West
2023-04-14,Multivitamins,6,141.35,371,Health,North
2023-04-14,Yoga Mat,8,270.04,108,Health,South
2023-04-14,Ergonomic Chair,6,1607.38,76,Furniture,West
2023-04-14,Multivitamins,3,72.09,373,Health,South
2023-04-14,SmartPhone X,6,4826.48,111,Electronics,East
2023-04-14,Coffee Table,2,327.8,51,Furniture,West
2023-04-14,Coffee Table,1,166.37,55,Furniture,West
2023-04-14,Ergonomic Chair,3,747.34,59,Furniture,Central
2023-04-14,Running Shoes,8,897.52,126,Apparel,West
2023-04-14,Office Desk,5,1791.02,38,Furniture,South
2023-04-14,Ergonomic Chair,2,522.76,54,Furniture,West
2023-04-14,Coffee Table,1,187.96,31,Furniture,North
2023-04-14,Office Desk,8,2703.9,45,Furniture,Central
2023-04-14,Yoga Mat,9,321.46,106,Health,South
2023-04-14,Multivitamins,2,50.29,361,Health,South
2023-04-14,Yoga Mat,5,182.98,118,Health,North
2023-04-14,Yoga Mat,4,133.21,101,Health,West
2023-04-14,Winter Jacket,6,1007.99,101,Apparel,North
2023-04-15,Coffee Table,2,329.02,45,Furniture,West
2023-04-15,Office Desk,8,2737.19,43,Furniture,West
2023-04-15,Multivitamins,1,26.12,355,Health,East
2023-04-15,Office Desk,6,2252.25,56,Furniture,North
2023-04-15,Winter Jacket,7,1017.17,85,Apparel,Central
2023-04-15,Designer Jeans,1,92.22,175,Apparel,East
2023-04-15,Winter Jacket,8,1235.1,103,Apparel,North
2023-04-15,Protein Powder,8,309.59,265,Health,Central
2023-04-15,Yoga Mat,5,167.35,104,Health,West
2023-04-15,Office Desk,8,2786.22,52,Furniture,South
2023-04-15,Office Desk,8,2940.09,54,Furniture,East
2023-04-15,Wireless Earbuds,9,1422.56,179,Electronics,Central
2023-04-15,Running Shoes,18,1995.5,126,Apparel,East
2023-04-15,Protein Powder,9,327.8,289,Health,West
2023-04-16,Office Desk,7,2419.57,55,Furniture,East
2023-04-16,Wireless Earbuds,2,285.74,170,Electronics,West
2023-04-16,Running Shoes,10,1089.58,127,Apparel,West
2023-04-16,Office Desk,3,1066.3,56,Furniture,East
2023-04-16,SmartPhone X,2,1546.38,121,Electronics,East
2023-04-16,Running Shoes,16,1768.94,136,Apparel,West
2023-04-16,Wireless Earbuds,5,689.92,189,Electronics,West
2023-04-16,Coffee Table,1,196.79,51,Furniture,North
2023-04-16,Wireless Earbuds,4,602.0,182,Electronics,North
2023-04-16,Multivitamins,8,200.69,359,Health,South
2023-04-16,Multivitamins,3,77.78,379,Health,South
2023-04-16,Laptop Pro,3,3385.05,88,Electronics,North
2023-04-16,Coffee Table,6,1008.67,37,Furniture,East
2023-04-16,Office Desk,8,2754.72,59,Furniture,East
2023-04-16,Coffee Table,8,1345.51,41,Furniture,North
2023-04-16,Coffee Table,5,839.63,47,Furniture,West
2023-04-17,Office Desk,3,1017.09,60,Furniture,West
2023-04-17,Designer Jeans,8,728.53,195,Apparel,South
2023-04-17,Designer Jeans,2,162.58,197,Apparel,South
2023-04-17,Designer Jeans,2,175.57,191,Apparel,North
2023-04-17,Winter Jacket,2,288.68,86,Apparel,West
2023-04-17,Coffee Table,8,1395.61,48,Furniture,North
2023-04-17,Coffee Table,8,1510.9,34,Furniture,Central
2023-04-17,Winter Jacket,5,805.97,90,Apparel,Central
2023-04-17,Wireless Earbuds,4,614.82,190,Electronics,West
2023-04-17,Multivitamins,2,53.45,373,Health,North
2023-04-17,Wireless Earbuds,7,1104.68,172,Electronics,Central
2023-04-17,Laptop Pro,4,5046.19,62,Electronics,East
2023-04-17,Coffee Table,4,680.51,51,Furniture,West
2023-04-17,Winter Jacket,5,879.28,100,Apparel,North
2023-04-17,Laptop Pro,1,1316.32,69,Electronics,East
2023-04-17,Ergonomic Chair,7,1908.23,82,Furniture,South
2023-04-17,Wireless Earbuds,4,640.63,190,Electronics,North
2023-04-17,Wireless Earbuds,9,1217.37,195,Electronics,South
2023-04-17,Winter Jacket,5,768.29,80,Apparel,North
2023-04-17,Office Desk,9,3174.17,56,Furniture,North
2023-04-17,Ergonomic Chair,4,977.59,76,Furniture,South
2023-04-17,Designer Jeans,3,250.22,183,Apparel,North
2023-04-17,Yoga Mat,2,73.52,107,Health,North
2023-04-17,Multivitamins,6,143.27,350,Health,North
2023-04-17,Laptop Pro,7,8737.36,69,Electronics,South
2023-04-17,Running Shoes,10,1303.06,134,Apparel,Central
2023-04-17,Coffee Table,9,1534.33,40,Furniture,East
2023-04-18,Designer Jeans,3,256.08,178,Apparel,South
2023-04-18,Wireless Earbuds,6,986.93,186,Electronics,South
2023-04-18,Wireless Earbuds,8,1161.32,191,Electronics,South
2023-04-18,Designer Jeans,2,190.87,171,Apparel,West
2023-04-18,Office Desk,9,3382.81,51,Furniture,East
2023-04-18,Winter Jacket,3,484.09,103,Apparel,Central
2023-04-18,SmartPhone X,7,5346.87,110,Electronics,West
2023-04-18,Multivitamins,4,99.78,361,Health,North
2023-04-18,Ergonomic Chair,2,524.24,61,Furniture,South
2023-04-18,Running Shoes,8,921.59,133,Apparel,South
2023-04-18,Running Shoes,2,224.06,149,Apparel,North
2023-04-18,Multivitamins,1,24.5,375,Health,South
2023-04-18,Multivitamins,8,203.33,358,Health,Central
2023-04-18,Coffee Table,6,1004.78,41,Furniture,East
2023-04-18,Winter Jacket,6,1016.77,82,Apparel,North
2023-04-18,Ergonomic Chair,1,239.12,55,Furniture,East
2023-04-18,Designer Jeans,7,599.31,185,Apparel,South
2023-04-18,Laptop Pro,8,8891.63,90,Electronics,West
2023-04-18,Designer Jeans,8,692.74,179,Apparel,North
2023-04-19,Yoga Mat,7,265.09,124,Health,West
2023-04-19,SmartPhone X,9,7628.84,111,Electronics,Central
2023-04-19,Office Desk,4,1522.89,63,Furniture,Central
2023-04-19,SmartPhone X,4,3364.43,113,Electronics,East
2023-04-19,Laptop Pro,6,7723.64,78,Electronics,West
2023-04-19,Ergonomic Chair,7,1724.4,63,Furniture,East
2023-04-19,Running Shoes,14,1522.22,127,Apparel,Central
2023-04-19,Ergonomic Chair,7,1630.46,71,Furniture,North
2023-04-19,SmartPhone X,7,6128.47,101,Electronics,North
2023-04-19,Laptop Pro,5,5749.05,78,Electronics,South
2023-04-19,Multivitamins,5,133.95,378,Health,West
2023-04-19,SmartPhone X,2,1496.22,100,Electronics,West
2023-04-19,Designer Jeans,4,375.51,187,Apparel,South
2023-04-19,Designer Jeans,7,568.2,189,Apparel,South
2023-04-19,Ergonomic Chair,4,975.17,53,Furniture,West
2023-04-19,Protein Powder,5,180.29,268,Health,Central
2023-04-20,Wireless Earbuds,7,1132.14,178,Electronics,Central
2023-04-20,Protein Powder,6,232.89,277,Health,Central
2023-04-20,Running Shoes,10,1103.21,151,Apparel,West
2023-04-20,Yoga Mat,1,33.47,117,Health,East
2023-04-20,Ergonomic Chair,5,1144.8,68,Furniture,North
2023-04-20,Laptop Pro,5,5423.34,90,Electronics,North
2023-04-20,Protein Powder,4,163.39,264,Health,South
2023-04-20,Ergonomic Chair,3,792.53,52,Furniture,Central
2023-04-20,Laptop Pro,8,10355.14,89,Electronics,North
2023-04-20,SmartPhone X,1,877.87,108,Electronics,North
2023-04-20,Protein Powder,6,259.63,265,Health,North
2023-04-20,Office Desk,5,1905.88,49,Furniture,East
2023-04-20,Protein Powder,8,347.58,278,Health,East
2023-04-20,Wireless Earbuds,4,605.68,193,Electronics,Central
2023-04-20,SmartPhone X,5,3714.25,114,Electronics,West
2023-04-20,Office Desk,6,2289.9,52,Furniture,North
2023-04-20,Wireless Earbuds,1,164.96,171,Electronics,West
2023-04-20,Wireless Earbuds,5,733.84,176,Electronics,West
2023-04-20,SmartPhone X,3,2510.4,109,Electronics,West
2023-04-20,Wireless Earbuds,6,821.5,188,Electronics,East
2023-04-20,Multivitamins,4,92.31,350,Health,East
2023-04-20,Multivitamins,5,124.31,364,Health,South
2023-04-20,Laptop Pro,7,8220.09,81,Electronics,East
2023-04-21,Laptop Pro,1,1298.3,77,Electronics,West
2023-04-21,Protein Powder,2,87.0,282,Health,North
2023-04-21,Ergonomic Chair,7,1774.56,61,Furniture,Central
2023-04-21,Office Desk,4,1480.7,60,Furniture,North
2023-04-21,Coffee Table,2,356.4,28,Furniture,North
2023-04-21,Running Shoes,6,753.58,130,Apparel,East
2023-04-21,SmartPhone X,2,1532.0,123,Electronics,Central
2023-04-21,Designer Jeans,7,634.2,172,Apparel,North
2023-04-21,Office Desk,8,2614.73,39,Furniture,West
2023-04-21,Protein Powder,9,385.44,270,Health,North
2023-04-21,SmartPhone X,4,3266.08,105,Electronics,East
2023-04-21,Office Desk,4,1412.26,47,Furniture,South
2023-04-21,Multivitamins,5,125.38,372,Health,Central
2023-04-21,Coffee Table,3,552.02,41,Furniture,Central
2023-04-21,Office Desk,8,2977.63,56,Furniture,Central
2023-04-21,Protein Powder,1,43.17,286,Health,East
2023-04-21,Yoga Mat,9,332.75,120,Health,East
2023-04-21,Coffee Table,3,548.26,43,Furniture,South
2023-04-21,SmartPhone X,4,3032.51,113,Electronics,North
2023-04-21,Laptop Pro,1,1136.64,87,Electronics,East
2023-04-21,Multivitamins,7,175.39,365,Health,North
2023-04-21,Designer Jeans,2,185.56,185,Apparel,South
2023-04-21,Designer Jeans,2,193.25,190,Apparel,East
2023-04-21,Ergonomic Chair,2,487.2,69,Furniture,South
2023-04-21,Wireless Earbuds,6,857.25,177,Electronics,West
2023-04-21,Coffee Table,9,1537.05,43,Furniture,North
2023-04-21,Running Shoes,6,727.25,137,Apparel,West
2023-04-22,Multivitamins,7,191.33,372,Health,South
2023-04-22,Coffee Table,2,361.88,46,Furniture,East
2023-04-22,Winter Jacket,7,1034.77,107,Apparel,Central
2023-04-22,Protein Powder,6,221.11,272,Health,North
2023-04-22,Multivitamins,8,185.56,354,Health,South
2023-04-22,Wireless Earbuds,9,1227.94,178,Electronics,Central
2023-04-22,SmartPhone X,5,4168.93,106,Electronics,Central
2023-04-22,Winter Jacket,6,1010.66,85,Apparel,West
2023-04-22,SmartPhone X,2,1689.4,111,Electronics,South
2023-04-22,Multivitamins,1,23.71,377,Health,West
2023-04-22,Multivitamins,9,234.72,375,Health,South
2023-04-22,Yoga Mat,7,244.81,98,Health,North
2023-04-22,Running Shoes,12,1437.72,136,Apparel,West
2023-04-23,Multivitamins,3,70.66,358,Health,South
2023-04-23,Designer Jeans,6,577.13,185,Apparel,Central
2023-04-23,Winter Jacket,3,522.03,100,Apparel,Central
2023-04-23,Office Desk,3,960.26,45,Furniture,North
2023-04-23,Designer Jeans,1,92.16,191,Apparel,East
2023-04-23,Multivitamins,2,46.26,353,Health,East
2023-04-23,Wireless Earbuds,8,1137.3,173,Electronics,East
2023-04-23,Laptop Pro,3,3536.02,70,Electronics,North
2023-04-23,Laptop Pro,9,10189.7,79,Electronics,Central
2023-04-23,Office Desk,5,1711.82,37,Furniture,East
2023-04-23,Ergonomic Chair,8,2181.87,54,Furniture,South
2023-04-23,Protein Powder,4,151.73,265,Health,Central
2023-04-23,Designer Jeans,6,524.74,191,Apparel,East
2023-04-23,Protein Powder,9,380.0,261,Health,North
2023-04-23,Running Shoes,12,1493.92,131,Apparel,North
2023-04-23,Wireless Earbuds,1,136.83,176,Electronics,North
2023-04-23,Running Shoes,4,432.94,143,Apparel,West
2023-04-23,Yoga Mat,2,67.61,107,Health,Central
2023-04-23,Designer Jeans,6,518.84,190,Apparel,Central
2023-04-24,Yoga Mat,3,111.64,108,Health,South
2023-04-24,Protein Powder,8,346.22,264,Health,South
2023-04-24,Coffee Table,7,1147.25,49,Furniture,North
2023-04-24,SmartPhone X,5,4055.19,109,Electronics,Central
2023-04-24,Coffee Table,8,1427.89,49,Furniture,North
2023-04-24,Protein Powder,8,315.6,270,Health,Central
2023-04-24,Coffee Table,3,537.24,29,Furniture,South
2023-04-24,Designer Jeans,7,588.94,177,Apparel,West
2023-04-24,Designer Jeans,4,361.35,175,Apparel,Central
2023-04-24,Office Desk,7,2350.26,39,Furniture,East
2023-04-24,Ergonomic Chair,9,2081.08,71,Furniture,South
2023-04-24,Ergonomic Chair,9,2048.72,67,Furniture,West
2023-04-24,Multivitamins,9,227.43,353,Health,South
2023-04-24,Yoga Mat,1,34.69,102,Health,North
2023-04-24,Winter Jacket,7,1031.79,84,Apparel,North
2023-04-24,Office Desk,6,2229.34,55,Furniture,South
2023-04-24,Ergonomic Chair,4,922.79,79,Furniture,Central
2023-04-25,Office Desk,8,2843.32,53,Furniture,Central
2023-04-25,Office Desk,1,347.09,48,Furniture,West
2023-04-25,Protein Powder,5,181.38,262,Health,Central
2023-04-25,Office Desk,6,1924.21,63,Furniture,East
2023-04-25,Winter Jacket,3,460.09,88,Apparel,East
2023-04-25,Wireless Earbuds,2,283.22,183,Electronics,North
2023-04-25,Wireless Earbuds,6,915.31,169,Electronics,East
2023-04-25,Winter Jacket,2,321.8,87,Apparel,West
2023-04-25,Yoga Mat,5,180.23,117,Health,East
2023-04-25,Multivitamins,7,186.49,370,Health,West
2023-04-25,Yoga Mat,7,227.15,117,Health,West
2023-04-25,Wireless Earbuds,6,879.61,195,Electronics,West
2023-04-25,Designer Jeans,2,196.9,193,Apparel,South
2023-04-25,Designer Jeans,3,282.74,196,Apparel,East
2023-04-25,Winter Jacket,6,986.71,97,Apparel,West
2023-04-26,Protein Powder,4,158.85,280,Health,East
2023-04-26,Wireless Earbuds,4,618.51,173,Electronics,West
2023-04-26,Multivitamins,1,26.68,351,Health,West
2023-04-26,Multivitamins,2,45.65,356,Health,Central
2023-04-26,Protein Powder,2,86.07,259,Health,South
2023-04-26,Ergonomic Chair,3,772.53,58,Furniture,North
2023-04-26,Yoga Mat,1,37.88,102,Health,East
2023-04-26,Coffee Table,4,653.75,43,Furniture,East
2023-04-26,Wireless Earbuds,2,319.58,179,Electronics,North
2023-04-26,Wireless Earbuds,5,803.75,169,Electronics,West
2023-04-26,Multivitamins,6,162.86,355,Health,North
2023-04-26,Multivitamins,2,48.12,367,Health,South
2023-04-26,Coffee Table,5,821.89,30,Furniture,East
2023-04-26,Winter Jacket,1,175.39,83,Apparel,South
2023-04-26,Yoga Mat,5,180.68,102,Health,East
2023-04-26,Yoga Mat,8,271.21,111,Health,East
2023-04-26,SmartPhone X,1,721.91,99,Electronics,West
2023-04-26,Coffee Table,4,751.07,37,Furniture,Central
2023-04-26,Designer Jeans,8,789.56,178,Apparel,West
2023-04-26,Multivitamins,5,134.23,372,Health,East
2023-04-26,Wireless Earbuds,6,900.19,197,Electronics,East
2023-04-27,Running Shoes,12,1537.59,133,Apparel,North
2023-04-27,Designer Jeans,8,683.02,188,Apparel,North
2023-04-27,Running Shoes,14,1576.68,143,Apparel,South
2023-04-27,Ergonomic Chair,8,2164.45,72,Furniture,East
2023-04-27,Multivitamins,8,181.95,371,Health,South
2023-04-27,Running Shoes,4,464.87,138,Apparel,South
2023-04-27,SmartPhone X,9,6611.55,121,Electronics,East
2023-04-27,SmartPhone X,6,4499.13,115,Electronics,East
2023-04-27,Running Shoes,12,1411.53,129,Apparel,North
2023-04-27,Running Shoes,14,1645.25,151,Apparel,East
2023-04-27,Winter Jacket,6,873.41,84,Apparel,South
2023-04-27,Designer Jeans,5,434.41,176,Apparel,East
2023-04-27,Yoga Mat,9,321.07,119,Health,South
2023-04-27,Multivitamins,3,71.41,373,Health,Central
2023-04-27,Running Shoes,16,2012.81,127,Apparel,East
2023-04-27,Running Shoes,14,1743.64,131,Apparel,Central
2023-04-27,Ergonomic Chair,2,517.62,72,Furniture,East
2023-04-27,Laptop Pro,1,1098.58,70,Electronics,Central
2023-04-27,Multivitamins,4,96.87,374,Health,West
2023-04-27,Yoga Mat,3,107.15,121,Health,Central
2023-04-27,Designer Jeans,6,569.9,193,Apparel,Central
2023-04-27,Laptop Pro,2,2560.54,72,Electronics,East
2023-04-27,Wireless Earbuds,6,944.55,174,Electronics,Central
2023-04-27,Winter Jacket,8,1225.25,79,Apparel,Central
2023-04-27,Protein Powder,1,38.51,257,Health,South
2023-04-28,Yoga Mat,4,152.71,104,Health,Central
2023-04-28,SmartPhone X,3,2501.87,106,Electronics,South
2023-04-28,Wireless Earbuds,8,1136.49,179,Electronics,Central
2023-04-28,Running Shoes,2,216.7,132,Apparel,Central
2023-04-28,Winter Jacket,3,525.7,82,Apparel,Central
2023-04-28,Multivitamins,8,185.86,362,Health,South
2023-04-28,SmartPhone X,3,2271.78,111,Electronics,North
2023-04-28,Wireless Earbuds,9,1309.71,168,Electronics,North
2023-04-28,Wireless Earbuds,3,487.05,172,Electronics,West
2023-04-28,Yoga Mat,3,97.97,106,Health,South
2023-04-28,Running Shoes,4,526.46,131,Apparel,East
2023-04-28,Coffee Table,2,364.65,51,Furniture,West
2023-04-28,Winter Jacket,7,1213.02,85,Apparel,North
2023-04-28,Yoga Mat,1,37.77,100,Health,West
2023-04-28,Protein Powder,2,86.51,263,Health,West
2023-04-28,Ergonomic Chair,4,1009.13,72,Furniture,South
2023-04-28,Winter Jacket,4,600.35,91,Apparel,West
2023-04-28,Winter Jacket,1,159.01,81,Apparel,Central
2023-04-28,Wireless Earbuds,6,870.42,190,Electronics,East
2023-04-29,Ergonomic Chair,3,794.34,70,Furniture,South
2023-04-29,Office Desk,6,2079.99,46,Furniture,North
2023-04-29,Winter Jacket,4,683.52,81,Apparel,North
2023-04-29,Yoga Mat,4,128.43,115,Health,Central
2023-04-29,SmartPhone X,5,3731.95,111,Electronics,Central
2023-04-29,Wireless Earbuds,9,1313.79,168,Electronics,West
2023-04-29,Multivitamins,5,117.96,356,Health,Central
2023-04-29,Protein Powder,7,252.99,284,Health,East
2023-04-29,Winter Jacket,6,897.06,94,Apparel,Central
2023-04-29,Designer Jeans,3,287.95,180,Apparel,Central
2023-04-29,Laptop Pro,1,1119.27,80,Electronics,West
2023-04-29,SmartPhone X,1,877.7,102,Electronics,East
2023-04-29,Laptop Pro,3,3814.96,79,Electronics,North
2023-04-29,Winter Jacket,9,1520.84,82,Apparel,West
2023-04-29,Coffee Table,2,351.56,36,Furniture,South
2023-04-29,Coffee Table,7,1188.87,36,Furniture,North
2023-04-29,Multivitamins,3,76.1,370,Health,South
2023-04-29,Office Desk,1,381.7,43,Furniture,North
2023-04-30,Protein Powder,1,38.02,259,Health,South
2023-04-30,Office Desk,2,667.52,58,Furniture,West
2023-04-30,Multivitamins,2,52.21,359,Health,West
2023-04-30,Running Shoes,12,1503.18,151,Apparel,Central
2023-04-30,Designer Jeans,4,369.13,191,Apparel,East
2023-04-30,Wireless Earbuds,1,159.69,182,Electronics,East
2023-04-30,Yoga Mat,3,103.01,125,Health,West
2023-04-30,Coffee Table,6,975.65,42,Furniture,South
2023-04-30,Designer Jeans,4,383.02,191,Apparel,West
2023-04-30,Running Shoes,18,2035.34,126,Apparel,West
2023-04-30,Yoga Mat,7,252.98,123,Health,West
2023-04-30,Coffee Table,4,779.88,36,Furniture,North
2023-04-30,Winter Jacket,2,338.89,99,Apparel,South
2023-04-30,Coffee Table,5,985.94,33,Furniture,North
2023-04-30,Multivitamins,1,24.0,374,Health,North
2023-04-30,Multivitamins,2,47.72,347,Health,North
2023-04-30,Office Desk,9,2999.22,42,Furniture,South
2023-04-30,Laptop Pro,2,2631.06,74,Electronics,West
2023-05-01,SmartPhone X,9,7500.91,102,Electronics,West
2023-05-01,Laptop Pro,3,3831.01,68,Electronics,Central
2023-05-01,Wireless Earbuds,2,274.2,175,Electronics,West
2023-05-01,Running Shoes,4,455.4,135,Apparel,East
2023-05-01,Office Desk,5,1731.06,45,Furniture,South
2023-05-01,Designer Jeans,8,673.05,191,Apparel,East
2023-05-01,Designer Jeans,2,184.94,173,Apparel,North
2023-05-01,Multivitamins,6,152.47,346,Health,Central
2023-05-01,Office Desk,3,1044.65,63,Furniture,West
2023-05-01,Protein Powder,8,315.65,266,Health,West
2023-05-01,Laptop Pro,1,1292.78,76,Electronics,South
2023-05-01,Running Shoes,8,980.03,129,Apparel,South
2023-05-01,Running Shoes,4,472.07,143,Apparel,Central
2023-05-01,SmartPhone X,4,2939.88,109,Electronics,North
2023-05-01,Winter Jacket,6,917.21,107,Apparel,Central
2023-05-01,Ergonomic Chair,2,484.53,80,Furniture,West
2023-05-01,Multivitamins,8,215.28,358,Health,South
2023-05-01,Yoga Mat,9,295.62,103,Health,West
2023-05-02,Ergonomic Chair,3,736.02,66,Furniture,Central
2023-05-02,Designer Jeans,8,747.33,193,Apparel,South
2023-05-02,Designer Jeans,8,739.03,193,Apparel,North
2023-05-02,Running Shoes,6,722.59,131,Apparel,South
2023-05-02,Yoga Mat,7,257.07,96,Health,Central
2023-05-02,Office Desk,3,1129.38,34,Furniture,South
2023-05-02,Laptop Pro,7,8203.28,71,Electronics,South
2023-05-02,Designer Jeans,8,682.09,194,Apparel,South
2023-05-02,Office Desk,5,1865.48,59,Furniture,North
2023-05-02,Yoga Mat,5,166.54,108,Health,North
2023-05-02,Office Desk,1,352.89,34,Furniture,North
2023-05-02,Yoga Mat,2,65.86,125,Health,South
2023-05-02,Ergonomic Chair,7,1752.59,67,Furniture,West
2023-05-02,Protein Powder,1,37.05,256,Health,North
2023-05-02,Protein Powder,1,42.95,272,Health,South
2023-05-02,Ergonomic Chair,6,1350.22,69,Furniture,North
2023-05-02,Running Shoes,18,2156.7,131,Apparel,West
2023-05-02,SmartPhone X,1,794.23,124,Electronics,South
2023-05-02,Coffee Table,6,1151.65,46,Furniture,North
2023-05-02,Winter Jacket,6,957.47,89,Apparel,South
2023-05-02,Office Desk,3,1078.79,52,Furniture,East
2023-05-02,Yoga Mat,7,242.87,103,Health,East
2023-05-02,Laptop Pro,2,2606.37,80,Electronics,Central
2023-05-03,Running Shoes,10,1152.57,130,Apparel,North
2023-05-03,Yoga Mat,4,137.38,108,Health,East
2023-05-03,Winter Jacket,2,333.47,79,Apparel,West
2023-05-03,SmartPhone X,3,2408.29,105,Electronics,South
2023-05-03,Yoga Mat,8,299.89,118,Health,South
2023-05-03,Wireless Earbuds,1,156.45,184,Electronics,West
2023-05-03,Winter Jacket,7,1076.64,89,Apparel,East
2023-05-03,SmartPhone X,5,4371.59,120,Electronics,South
2023-05-03,Running Shoes,8,1013.15,148,Apparel,West
2023-05-03,Ergonomic Chair,2,460.05,59,Furniture,East
2023-05-03,Office Desk,2,633.45,49,Furniture,South
2023-05-03,Laptop Pro,8,9387.63,63,Electronics,South
2023-05-03,Multivitamins,7,185.52,372,Health,South
2023-05-03,SmartPhone X,3,2464.93,110,Electronics,Central
2023-05-03,Yoga Mat,9,284.74,105,Health,Central
2023-05-03,Multivitamins,1,27.33,362,Health,Central
2023-05-03,Yoga Mat,2,66.76,97,Health,North
2023-05-03,Protein Powder,6,257.19,262,Health,East
2023-05-03,SmartPhone X,3,2472.05,120,Electronics,Central
2023-05-03,SmartPhone X,1,739.46,117,Electronics,South
2023-05-03,Multivitamins,2,48.69,366,Health,East
2023-05-03,SmartPhone X,5,4248.75,116,Electronics,West
2023-05-03,Designer Jeans,6,542.19,178,Apparel,West
2023-05-04,Yoga Mat,1,37.85,103,Health,West
2023-05-04,SmartPhone X,4,3017.99,102,Electronics,East
2023-05-04,Coffee Table,2,338.47,46,Furniture,South
2023-05-04,Laptop Pro,7,8988.22,68,Electronics,Central
2023-05-04,Protein Powder,5,218.09,257,Health,East
2023-05-04,Ergonomic Chair,1,243.85,51,Furniture,North
2023-05-04,Winter Jacket,7,1152.51,82,Apparel,North
2023-05-04,Wireless Earbuds,3,491.43,176,Electronics,Central
2023-05-04,Winter Jacket,7,1065.74,85,Apparel,West
2023-05-04,SmartPhone X,9,6500.7,97,Electronics,South
2023-05-04,Laptop Pro,7,8566.92,85,Electronics,Central
2023-05-04,Designer Jeans,5,490.8,186,Apparel,East
2023-05-04,Multivitamins,4,99.98,348,Health,South
2023-05-04,Wireless Earbuds,4,622.13,167,Electronics,West
2023-05-04,Ergonomic Chair,9,2369.32,56,Furniture,South
2023-05-04,Designer Jeans,9,753.2,166,Apparel,West
2023-05-04,Wireless Earbuds,1,140.17,178,Electronics,East
2023-05-04,Laptop Pro,3,3681.44,84,Electronics,West
2023-05-05,Winter Jacket,3,493.73,107,Apparel,South
2023-05-05,Office Desk,5,1779.73,40,Furniture,North
2023-05-05,Multivitamins,9,238.67,345,Health,North
2023-05-05,Laptop Pro,5,6521.3,64,Electronics,West
2023-05-05,Coffee Table,8,1507.69,25,Furniture,West
2023-05-05,Running Shoes,16,1928.02,141,Apparel,West
2023-05-05,Yoga Mat,2,66.65,108,Health,South
2023-05-05,Multivitamins,7,191.21,372,Health,South
2023-05-05,Winter Jacket,8,1172.24,89,Apparel,North
2023-05-05,Wireless Earbuds,9,1242.51,188,Electronics,West
2023-05-05,Protein Powder,2,81.97,281,Health,South
2023-05-05,Laptop Pro,2,2494.44,76,Electronics,South
2023-05-05,Coffee Table,5,852.42,33,Furniture,South
2023-05-05,Multivitamins,8,212.09,360,Health,West
2023-05-05,Coffee Table,7,1239.31,29,Furniture,East
2023-05-05,SmartPhone X,7,5518.85,121,Electronics,South
2023-05-05,Office Desk,2,693.46,54,Furniture,East
2023-05-05,Protein Powder,1,36.63,275,Health,North
2023-05-05,Laptop Pro,1,1193.89,70,Electronics,East
2023-05-05,Winter Jacket,1,155.48,106,Apparel,West
2023-05-05,Multivitamins,4,101.69,363,Health,South
2023-05-05,Protein Powder,7,271.09,272,Health,South
2023-05-05,Wireless Earbuds,7,1016.11,166,Electronics,South
2023-05-06,Protein Powder,8,313.83,254,Health,Central
2023-05-06,Office Desk,6,2130.56,60,Furniture,East
2023-05-06,Designer Jeans,6,571.75,170,Apparel,Central
2023-05-06,Office Desk,2,676.77,37,Furniture,South
2023-05-06,Multivitamins,8,217.97,369,Health,South
2023-05-06,Coffee Table,1,163.27,40,Furniture,West
2023-05-06,Coffee Table,3,544.76,32,Furniture,North
2023-05-06,Yoga Mat,3,103.89,112,Health,Central
2023-05-06,Protein Powder,4,152.9,262,Health,West
2023-05-06,Multivitamins,6,148.73,362,Health,South
2023-05-06,Winter Jacket,9,1355.32,105,Apparel,North
2023-05-06,Yoga Mat,5,158.24,97,Health,West
2023-05-06,Winter Jacket,4,675.31,78,Apparel,East
2023-05-06,Yoga Mat,7,248.12,100,Health,South
2023-05-06,Multivitamins,2,50.83,355,Health,North
2023-05-06,Running Shoes,18,2029.62,143,Apparel,East
2023-05-07,SmartPhone X,8,6001.9,123,Electronics,East
2023-05-07,Winter Jacket,1,160.61,81,Apparel,Central
2023-05-07,Winter Jacket,8,1393.6,99,Apparel,South
2023-05-07,SmartPhone X,9,6943.01,114,Electronics,Central
2023-05-07,Protein Powder,2,74.04,258,Health,East
2023-05-07,Wireless Earbuds,9,1392.9,173,Electronics,West
2023-05-07,Protein Powder,4,167.32,275,Health,North
2023-05-07,Protein Powder,3,112.85,281,Health,West
2023-05-07,Designer Jeans,3,263.7,176,Apparel,West
2023-05-07,Running Shoes,2,253.76,125,Apparel,West
2023-05-07,SmartPhone X,7,5168.97,109,Electronics,Central
2023-05-07,Protein Powder,5,188.03,282,Health,North
2023-05-07,Winter Jacket,2,300.48,89,Apparel,Central
2023-05-07,SmartPhone X,2,1638.58,114,Electronics,Central
2023-05-07,Designer Jeans,4,374.36,171,Apparel,East
2023-05-07,Yoga Mat,7,262.12,113,Health,North
2023-05-08,SmartPhone X,8,7015.8,102,Electronics,South
2023-05-08,Office Desk,5,1839.79,63,Furniture,West
2023-05-08,SmartPhone X,2,1448.79,104,Electronics,West
2023-05-08,Ergonomic Chair,3,824.04,61,Furniture,North
2023-05-08,Protein Powder,3,109.21,267,Health,South
2023-05-08,Protein Powder,8,299.99,260,Health,Central
2023-05-08,Laptop Pro,9,11325.64,70,Electronics,West
2023-05-08,Coffee Table,3,557.89,45,Furniture,South
2023-05-08,Designer Jeans,4,345.68,183,Apparel,Central
2023-05-08,Office Desk,7,2387.43,37,Furniture,North
2023-05-08,Laptop Pro,8,9422.22,78,Electronics,Central
2023-05-08,Laptop Pro,3,3280.27,85,Electronics,Central
2023-05-08,SmartPhone X,2,1456.9,113,Electronics,West
2023-05-08,Laptop Pro,1,1093.08,70,Electronics,East
2023-05-08,Running Shoes,4,517.01,135,Apparel,West
2023-05-08,Laptop Pro,3,3875.33,71,Electronics,Central
2023-05-08,Office Desk,2,674.63,56,Furniture,South
2023-05-08,Coffee Table,1,179.97,54,Furniture,Central
2023-05-08,Wireless Earbuds,1,135.47,171,Electronics,Central
2023-05-08,Running Shoes,6,660.93,148,Apparel,South
2023-05-08,Winter Jacket,2,293.92,101,Apparel,East
2023-05-08,Office Desk,8,2631.45,41,Furniture,North
2023-05-08,Wireless Earbuds,6,838.05,166,Electronics,North
2023-05-08,SmartPhone X,2,1709.5,119,Electronics,North
2023-05-08,Winter Jacket,8,1332.04,100,Apparel,East
2023-05-09,Office Desk,2,703.04,42,Furniture,North
2023-05-09,Laptop Pro,3,3792.44,69,Electronics,West
2023-05-09,Yoga Mat,2,67.42,122,Health,Central
2023-05-09,Winter Jacket,8,1326.54,98,Apparel,East
2023-05-09,Yoga Mat,5,171.53,121,Health,Central
2023-05-09,SmartPhone X,4,3374.62,111,Electronics,South
2023-05-09,Coffee Table,2,335.05,31,Furniture,West
2023-05-09,Yoga Mat,9,332.68,101,Health,Central
2023-05-09,Designer Jeans,8,675.41,194,Apparel,North
2023-05-09,Designer Jeans,7,580.33,178,Apparel,North
2023-05-09,SmartPhone X,5,3697.1,98,Electronics,North
2023-05-09,Winter Jacket,2,310.72,101,Apparel,North
2023-05-09,Protein Powder,7,279.62,257,Health,West
2023-05-09,Wireless Earbuds,3,450.1,179,Electronics,West
2023-05-09,SmartPhone X,4,2981.86,122,Electronics,Central
2023-05-09,Protein Powder,8,343.48,259,Health,South
2023-05-09,Yoga Mat,7,265.57,108,Health,West
2023-05-09,Wireless Earbuds,2,302.65,190,Electronics,West
2023-05-09,Running Shoes,18,2270.99,138,Apparel,North
2023-05-10,Yoga Mat,9,328.87,106,Health,West
2023-05-10,Designer Jeans,9,804.14,187,Apparel,North
2023-05-10,Protein Powder,8,295.4,256,Health,North
2023-05-10,Running Shoes,6,653.36,148,Apparel,South
2023-05-10,Designer Jeans,5,465.58,178,Apparel,North
2023-05-10,Running Shoes,2,258.38,139,Apparel,West
2023-05-10,Office Desk,6,1955.78,41,Furniture,West
2023-05-10,Wireless Earbuds,2,320.55,166,Electronics,North
2023-05-10,Office Desk,6,2252.69,59,Furniture,North
2023-05-10,Laptop Pro,8,10367.06,86,Electronics,North
2023-05-10,Multivitamins,2,54.28,342,Health,Central
2023-05-10,Ergonomic Chair,1,266.78,62,Furniture,South
2023-05-10,SmartPhone X,7,5908.09,116,Electronics,Central
2023-05-10,Ergonomic Chair,1,267.18,62,Furniture,Central
2023-05-10,Protein Powder,8,339.45,279,Health,West
2023-05-10,SmartPhone X,1,834.18,95,Electronics,West
2023-05-10,Ergonomic Chair,8,1856.65,67,Furniture,North
2023-05-10,Office Desk,8,3061.29,34,Furniture,South
2023-05-10,Yoga Mat,9,292.5,97,Health,North
2023-05-10,Coffee Table,2,392.52,45,Furniture,North
2023-05-10,Protein Powder,6,257.67,277,Health,East
2023-05-10,Running Shoes,6,698.43,143,Apparel,Central
2023-05-10,Office Desk,8,2728.17,54,Furniture,East
2023-05-11,Coffee Table,8,1302.25,27,Furniture,Central
2023-05-11,Multivitamins,1,23.32,348,Health,South
2023-05-11,Office Desk,6,2101.64,60,Furniture,West
2023-05-11,Winter Jacket,8,1244.89,91,Apparel,East
2023-05-11,Coffee Table,1,193.99,38,Furniture,West
2023-05-11,SmartPhone X,4,3346.19,123,Electronics,East
2023-05-11,SmartPhone X,9,6972.75,111,Electronics,South
2023-05-11,Protein Powder,5,192.58,257,Health,West
2023-05-11,Protein Powder,6,245.67,277,Health,West
2023-05-11,Running Shoes,2,219.68,135,Apparel,East
2023-05-11,Multivitamins,8,187.73,357,Health,North
2023-05-11,Winter Jacket,9,1413.71,88,Apparel,Central
2023-05-11,Laptop Pro,9,10232.97,84,Electronics,South
2023-05-11,Yoga Mat,6,200.22,115,Health,South
2023-05-11,Winter Jacket,7,1036.16,77,Apparel,Central
2023-05-11,SmartPhone X,8,6735.93,123,Electronics,West
2023-05-11,Yoga Mat,8,257.89,114,Health,West
2023-05-11,Protein Powder,6,255.58,256,Health,West
2023-05-11,Multivitamins,4,91.46,362,Health,East
2023-05-11,Laptop Pro,8,9784.82,88,Electronics,North
2023-05-11,Wireless Earbuds,7,1053.82,191,Electronics,Central
2023-05-11,Multivitamins,7,184.66,370,Health,East
2023-05-11,Ergonomic Chair,8,2182.01,52,Furniture,East
2023-05-11,SmartPhone X,7,5274.15,119,Electronics,Central
2023-05-11,Multivitamins,8,216.24,342,Health,East
2023-05-12,Coffee Table,2,365.91,51,Furniture,Central
2023-05-12,Designer Jeans,8,720.54,184,Apparel,Central
2023-05-12,Multivitamins,5,120.96,347,Health,West
2023-05-12,Winter Jacket,9,1307.35,97,Apparel,East
2023-05-12,Coffee Table,5,984.22,35,Furniture,West
2023-05-12,Yoga Mat,6,214.22,122,Health,North
2023-05-12,Multivitamins,9,231.55,354,Health,East
2023-05-12,SmartPhone X,7,5860.82,97,Electronics,South
2023-05-12,Multivitamins,7,167.29,357,Health,Central
2023-05-12,Wireless Earbuds,6,825.87,181,Electronics,Central
2023-05-12,Ergonomic Chair,4,1050.03,64,Furniture,West
2023-05-12,Ergonomic Chair,1,274.53,66,Furniture,East
2023-05-12,SmartPhone X,8,6323.97,104,Electronics,Central
2023-05-12,Wireless Earbuds,1,151.46,194,Electronics,East
2023-05-12,Running Shoes,4,515.84,137,Apparel,North
2023-05-12,Designer Jeans,3,271.23,172,Apparel,Central
2023-05-12,SmartPhone X,6,4717.18,123,Electronics,North
2023-05-12,SmartPhone X,9,7557.27,106,Electronics,South
2023-05-12,Designer Jeans,7,616.9,173,Apparel,West
2023-05-12,Designer Jeans,7,620.52,176,Apparel,West
2023-05-12,Ergonomic Chair,9,2355.86,65,Furniture,South
2023-05-12,SmartPhone X,6,5268.84,105,Electronics,West
2023-05-12,Multivitamins,4,91.16,345,Health,South
2023-05-12,Protein Powder,8,315.91,282,Health,South
2023-05-12,Yoga Mat,5,190.66,102,Health,Central
2023-05-12,Winter Jacket,9,1373.27,102,Apparel,East
2023-05-12,Multivitamins,4,104.43,350,Health,South
2023-05-13,Winter Jacket,8,1277.65,97,Apparel,Central
2023-05-13,Yoga Mat,6,212.61,99,Health,Central
2023-05-13,Designer Jeans,7,581.46,191,Apparel,North
2023-05-13,Office Desk,6,2002.92,40,Furniture,North
2023-05-13,Multivitamins,4,90.65,346,Health,North
2023-05-13,Office Desk,5,1763.72,43,Furniture,East
2023-05-13,Multivitamins,6,149.53,366,Health,North
2023-05-13,Designer Jeans,6,551.22,182,Apparel,East
2023-05-13,Wireless Earbuds,7,964.88,186,Electronics,East
2023-05-13,SmartPhone X,7,6055.45,101,Electronics,South
2023-05-13,Protein Powder,6,245.54,254,Health,South
2023-05-13,Yoga Mat,6,217.78,111,Health,North
2023-05-13,Protein Powder,1,43.59,254,Health,Central
2023-05-13,Protein Powder,4,166.47,264,Health,South
2023-05-13,Office Desk,1,368.64,55,Furniture,East
2023-05-13,Wireless Earbuds,6,953.36,173,Electronics,South
2023-05-13,Ergonomic Chair,2,525.38,67,Furniture,South
2023-05-13,SmartPhone X,8,6451.3,106,Electronics,West
2023-05-13,Office Desk,5,1829.65,35,Furniture,West
2023-05-14,Laptop Pro,5,6147.09,78,Electronics,South
2023-05-14,Office Desk,6,1937.2,48,Furniture,South
2023-05-14,Protein Powder,2,79.88,262,Health,East
2023-05-14,Ergonomic Chair,7,1632.29,67,Furniture,North
2023-05-14,Designer Jeans,7,618.76,165,Apparel,Central
2023-05-14,Designer Jeans,1,98.39,169,Apparel,North
2023-05-14,Winter Jacket,4,623.6,101,Apparel,West
2023-05-14,Office Desk,7,2313.67,49,Furniture,South
2023-05-14,Ergonomic Chair,7,1603.02,76,Furniture,South
2023-05-14,Multivitamins,8,180.4,351,Health,South
2023-05-14,Ergonomic Chair,3,796.14,54,Furniture,North
2023-05-15,Multivitamins,9,215.07,357,Health,South
2023-05-15,Designer Jeans,5,409.71,179,Apparel,North
2023-05-15,Coffee Table,1,192.44,30,Furniture,South
2023-05-15,SmartPhone X,2,1507.01,118,Electronics,West
2023-05-15,Multivitamins,2,47.26,349,Health,South
2023-05-15,Wireless Earbuds,2,327.59,170,Electronics,North
2023-05-15,Multivitamins,5,137.46,350,Health,North
2023-05-15,Multivitamins,3,68.7,346,Health,South
2023-05-15,Ergonomic Chair,5,1263.66,80,Furniture,Central
2023-05-15,Ergonomic Chair,8,1930.44,76,Furniture,Central
2023-05-15,Office Desk,7,2658.39,51,Furniture,East
2023-05-15,Multivitamins,6,149.99,349,Health,South
2023-05-15,Winter Jacket,7,1168.06,80,Apparel,Central
2023-05-15,Ergonomic Chair,6,1591.49,55,Furniture,South
2023-05-15,Yoga Mat,7,268.48,94,Health,North
2023-05-15,Running Shoes,2,240.13,138,Apparel,North
2023-05-15,Protein Powder,1,38.54,256,Health,Central
2023-05-15,Laptop Pro,4,4602.82,61,Electronics,East
2023-05-15,Laptop Pro,2,2172.43,85,Electronics,East
2023-05-15,Protein Powder,1,36.42,280,Health,South
2023-05-15,Protein Powder,4,174.57,272,Health,South
2023-05-15,Designer Jeans,1,86.82,188,Apparel,Central
2023-05-15,SmartPhone X,2,1624.62,98,Electronics,South
2023-05-15,Designer Jeans,4,349.65,183,Apparel,East
2023-05-15,Laptop Pro,5,6072.14,63,Electronics,North
2023-05-15,Coffee Table,7,1239.9,46,Furniture,Central
2023-05-16,Protein Powder,4,158.48,275,Health,Central
2023-05-16,Laptop Pro,4,4931.35,72,Electronics,East
2023-05-16,Protein Powder,8,305.32,279,Health,West
2023-05-16,Coffee Table,8,1459.85,48,Furniture,East
2023-05-16,Protein Powder,3,130.61,266,Health,Central
2023-05-16,Running Shoes,12,1320.95,138,Apparel,South
2023-05-16,Protein Powder,6,235.69,278,Health,South
2023-05-16,Ergonomic Chair,1,239.35,63,Furniture,East
2023-05-16,SmartPhone X,9,7133.7,117,Electronics,East
2023-05-16,Wireless Earbuds,3,439.56,180,Electronics,North
2023-05-16,Running Shoes,6,687.21,134,Apparel,East
2023-05-16,Office Desk,1,346.24,53,Furniture,Central
2023-05-16,Yoga Mat,9,343.0,104,Health,North
2023-05-16,Designer Jeans,9,813.77,173,Apparel,East
2023-05-16,Yoga Mat,6,226.78,105,Health,Central
2023-05-16,Protein Powder,7,300.69,277,Health,West
2023-05-16,Designer Jeans,9,769.15,169,Apparel,South
2023-05-16,Running Shoes,2,220.89,142,Apparel,South
2023-05-16,Yoga Mat,9,296.08,122,Health,East
2023-05-16,Laptop Pro,8,10032.9,74,Electronics,South
2023-05-16,Laptop Pro,6,7065.17,80,Electronics,North
2023-05-17,SmartPhone X,1,850.94,97,Electronics,West
2023-05-17,Laptop Pro,6,7477.74,68,Electronics,North
2023-05-17,Multivitamins,2,52.0,348,Health,South
2023-05-17,Laptop Pro,4,4452.86,59,Electronics,Central
2023-05-17,Laptop Pro,2,2614.97,82,Electronics,North
2023-05-17,SmartPhone X,8,6344.21,116,Electronics,East
2023-05-17,Protein Powder,9,353.31,252,Health,West
2023-05-17,Winter Jacket,6,907.53,87,Apparel,South
2023-05-17,Winter Jacket,6,1035.79,87,Apparel,North
2023-05-17,Wireless Earbuds,4,626.93,169,Electronics,Central
2023-05-17,Yoga Mat,9,337.62,100,Health,North
2023-05-17,Protein Powder,2,79.01,259,Health,East
2023-05-17,Coffee Table,8,1419.53,43,Furniture,South
2023-05-17,Running Shoes,4,482.03,126,Apparel,South
2023-05-17,Wireless Earbuds,6,821.8,168,Electronics,East
2023-05-17,Designer Jeans,1,91.3,164,Apparel,East
2023-05-17,Designer Jeans,3,261.72,183,Apparel,East
2023-05-18,SmartPhone X,7,5382.45,97,Electronics,South
2023-05-18,Winter Jacket,6,939.75,77,Apparel,South
2023-05-18,Office Desk,1,360.25,36,Furniture,West
2023-05-18,SmartPhone X,5,3633.32,121,Electronics,South
2023-05-18,Running Shoes,14,1800.54,143,Apparel,West
2023-05-18,Designer Jeans,8,773.92,165,Apparel,West
2023-05-18,Laptop Pro,6,7423.83,75,Electronics,Central
2023-05-18,Yoga Mat,3,94.87,122,Health,South
2023-05-18,Winter Jacket,5,804.73,98,Apparel,West
2023-05-18,Coffee Table,7,1208.94,52,Furniture,Central
2023-05-18,Running Shoes,6,658.47,146,Apparel,East
2023-05-18,Yoga Mat,3,102.04,122,Health,South
2023-05-18,Coffee Table,2,345.93,47,Furniture,South
2023-05-18,Multivitamins,7,157.64,364,Health,West
2023-05-18,SmartPhone X,9,7065.23,107,Electronics,North
2023-05-18,Coffee Table,1,190.75,43,Furniture,North
2023-05-18,Multivitamins,5,118.61,365,Health,West
2023-05-18,SmartPhone X,8,6194.22,102,Electronics,Central
2023-05-18,Laptop Pro,9,10667.52,76,Electronics,South
2023-05-18,Laptop Pro,7,8257.38,77,Electronics,East
2023-05-18,SmartPhone X,7,5564.83,109,Electronics,East
2023-05-18,Wireless Earbuds,1,161.61,170,Electronics,West
2023-05-18,Office Desk,3,1101.6,61,Furniture,Central
2023-05-18,Office Desk,1,355.25,54,Furniture,Central
2023-05-18,Protein Powder,8,293.74,251,Health,West
2023-05-18,SmartPhone X,2,1698.32,113,Electronics,Central
2023-05-18,Protein Powder,2,72.18,260,Health,West
2023-05-19,Ergonomic Chair,8,1864.39,53,Furniture,Central
2023-05-19,Multivitamins,9,210.5,366,Health,East
2023-05-19,Designer Jeans,8,783.14,164,Apparel,North
2023-05-19,Wireless Earbuds,3,476.1,166,Electronics,East
2023-05-19,SmartPhone X,9,7708.99,103,Electronics,East
2023-05-19,SmartPhone X,1,861.15,102,Electronics,North
2023-05-19,Wireless Earbuds,3,441.71,172,Electronics,East
2023-05-19,Office Desk,6,2107.69,55,Furniture,West
2023-05-19,Wireless Earbuds,7,981.58,175,Electronics,South
2023-05-19,Yoga Mat,9,294.56,99,Health,North
2023-05-19,SmartPhone X,7,6064.99,102,Electronics,South
2023-05-19,Designer Jeans,1,91.77,191,Apparel,South
2023-05-19,Laptop Pro,6,6572.88,60,Electronics,West
2023-05-19,Running Shoes,18,2179.02,145,Apparel,West
2023-05-19,Running Shoes,8,908.6,134,Apparel,North
2023-05-19,Multivitamins,8,193.13,353,Health,Central
2023-05-19,Yoga Mat,5,187.95,123,Health,East
2023-05-19,Designer Jeans,6,551.17,182,Apparel,East
2023-05-19,Protein Powder,8,298.04,255,Health,West
2023-05-19,Laptop Pro,2,2442.31,65,Electronics,North
2023-05-19,Multivitamins,2,49.26,358,Health,West
2023-05-19,SmartPhone X,1,815.82,121,Electronics,Central
2023-05-20,Ergonomic Chair,7,1903.55,77,Furniture,West
2023-05-20,Laptop Pro,1,1212.13,87,Electronics,South
2023-05-20,Coffee Table,6,998.99,36,Furniture,North
2023-05-20,Multivitamins,1,25.94,351,Health,Central
2023-05-20,Yoga Mat,1,33.28,116,Health,South
2023-05-20,Running Shoes,2,241.29,132,Apparel,West
2023-05-20,Wireless Earbuds,3,453.19,179,Electronics,East
2023-05-20,Designer Jeans,9,798.06,183,Apparel,North
2023-05-20,SmartPhone X,2,1687.68,123,Electronics,South
2023-05-20,Wireless Earbuds,1,155.0,178,Electronics,South
2023-05-20,Running Shoes,18,2163.75,120,Apparel,Central
2023-05-20,Laptop Pro,4,4834.05,84,Electronics,West
2023-05-20,Ergonomic Chair,9,2293.93,71,Furniture,North
2023-05-21,Designer Jeans,2,197.11,192,Apparel,West
2023-05-21,Coffee Table,6,1018.5,25,Furniture,West
2023-05-21,SmartPhone X,2,1605.63,109,Electronics,North
2023-05-21,Multivitamins,1,24.53,352,Health,East
2023-05-21,Ergonomic Chair,2,458.9,70,Furniture,North
2023-05-21,SmartPhone X,8,6957.0,98,Electronics,East
2023-05-21,Protein Powder,2,78.24,255,Health,North
2023-05-21,Yoga Mat,5,167.61,113,Health,South
2023-05-21,Wireless Earbuds,5,763.7,180,Electronics,North
2023-05-21,Wireless Earbuds,2,275.12,171,Electronics,East
2023-05-21,Winter Jacket,3,512.4,98,Apparel,Central
2023-05-21,Winter Jacket,4,640.96,81,Apparel,West
2023-05-21,Ergonomic Chair,4,945.35,65,Furniture,East
2023-05-21,Protein Powder,7,302.87,278,Health,East
2023-05-21,Multivitamins,3,67.79,365,Health,Central
2023-05-21,SmartPhone X,9,7789.8,100,Electronics,West
2023-05-22,Multivitamins,8,216.36,355,Health,West
2023-05-22,Wireless Earbuds,9,1269.17,177,Electronics,South
2023-05-22,Protein Powder,9,336.93,265,Health,East
2023-05-22,Designer Jeans,9,884.19,165,Apparel,Central
2023-05-22,Designer Jeans,9,742.43,183,Apparel,Central
2023-05-22,Designer Jeans,6,521.49,189,Apparel,South
2023-05-22,Winter Jacket,9,1433.75,81,Apparel,West
2023-05-22,Coffee Table,6,1138.05,51,Furniture,East
2023-05-22,Running Shoes,10,1264.14,128,Apparel,South
2023-05-22,Wireless Earbuds,7,1057.49,192,Electronics,West
2023-05-22,Running Shoes,12,1326.61,136,Apparel,South
2023-05-22,Office Desk,3,1052.1,61,Furniture,East
2023-05-22,SmartPhone X,9,7777.09,111,Electronics,West
2023-05-22,Designer Jeans,4,351.62,164,Apparel,North
2023-05-22,Laptop Pro,1,1295.1,84,Electronics,East
2023-05-22,Running Shoes,16,1729.4,137,Apparel,Central
2023-05-22,Multivitamins,9,212.84,355,Health,West
2023-05-22,Multivitamins,8,181.51,339,Health,Central
2023-05-22,SmartPhone X,3,2527.33,115,Electronics,South
2023-05-22,Winter Jacket,1,152.77,89,Apparel,East
2023-05-22,Office Desk,3,1024.21,62,Furniture,South
2023-05-22,Coffee Table,5,822.54,34,Furniture,West
2023-05-22,Running Shoes,8,905.35,134,Apparel,Central
2023-05-22,Wireless Earbuds,4,585.52,189,Electronics,Central
2023-05-23,Wireless Earbuds,8,1103.73,192,Electronics,North
2023-05-23,Yoga Mat,5,187.27,121,Health,East
2023-05-23,Yoga Mat,4,141.38,122,Health,South
2023-05-23,Wireless Earbuds,9,1318.2,171,Electronics,Central
2023-05-23,Laptop Pro,6,7421.87,65,Electronics,West
2023-05-23,Ergonomic Chair,3,683.02,66,Furniture,Central
2023-05-23,Running Shoes,10,1171.86,149,Apparel,South
2023-05-23,SmartPhone X,6,4613.42,102,Electronics,Central
2023-05-23,SmartPhone X,1,806.03,109,Electronics,West
2023-05-23,Designer Jeans,4,329.21,163,Apparel,Central
2023-05-23,Office Desk,1,376.76,62,Furniture,Central
2023-05-23,Multivitamins,2,47.43,346,Health,South
2023-05-23,Coffee Table,8,1322.81,52,Furniture,North
2023-05-23,Running Shoes,8,933.09,135,Apparel,Central
2023-05-23,Protein Powder,5,191.71,279,Health,South
2023-05-23,Multivitamins,1,25.16,336,Health,North
2023-05-23,Running Shoes,4,460.62,149,Apparel,East
2023-05-23,Yoga Mat,7,261.79,94,Health,Central
2023-05-23,Coffee Table,7,1162.32,33,Furniture,South
2023-05-23,Multivitamins,6,154.28,360,Health,West
2023-05-23,SmartPhone X,6,4600.81,122,Electronics,West
2023-05-23,Running Shoes,18,2096.74,143,Apparel,North
2023-05-23,Yoga Mat,9,325.85,115,Health,East
2023-05-23,Ergonomic Chair,4,1044.22,74,Furniture,South
2023-05-23,Yoga Mat,9,336.58,116,Health,North
2023-05-23,Ergonomic Chair,5,1232.36,74,Furniture,West
2023-05-24,Ergonomic Chair,6,1359.32,69,Furniture,North
2023-05-24,Laptop Pro,1,1137.59,64,Electronics,North
2023-05-24,Running Shoes,12,1563.41,136,Apparel,North
2023-05-24,Protein Powder,9,356.81,258,Health,West
2023-05-24,Laptop Pro,1,1277.0,59,Electronics,South
2023-05-24,Designer Jeans,9,759.26,179,Apparel,South
2023-05-24,Running Shoes,10,1264.02,143,Apparel,Central
2023-05-24,Protein Powder,8,312.12,251,Health,Central
2023-05-24,Wireless Earbuds,5,690.19,192,Electronics,East
2023-05-24,Winter Jacket,4,607.84,84,Apparel,South
2023-05-24,Protein Powder,9,344.14,250,Health,South
2023-05-24,Winter Jacket,7,1120.96,96,Apparel,Central
2023-05-24,Laptop Pro,9,11669.49,85,Electronics,South
2023-05-24,Running Shoes,6,776.76,135,Apparel,West
2023-05-24,Winter Jacket,6,1006.08,93,Apparel,South
2023-05-24,Ergonomic Chair,3,793.9,57,Furniture,Central
2023-05-24,Multivitamins,7,174.77,346,Health,North
2023-05-24,Running Shoes,8,937.63,122,Apparel,Central
2023-05-24,Yoga Mat,3,108.5,102,Health,West
2023-05-24,Wireless Earbuds,4,610.29,171,Electronics,East
2023-05-24,Protein Powder,2,87.95,264,Health,West
2023-05-24,SmartPhone X,5,4290.37,117,Electronics,North
2023-05-25,Office Desk,5,1713.18,41,Furniture,North
2023-05-25,Laptop Pro,2,2607.67,83,Electronics,South
2023-05-25,Running Shoes,6,753.05,135,Apparel,Central
2023-05-25,Winter Jacket,1,148.34,102,Apparel,West
2023-05-25,Office Desk,8,2984.48,41,Furniture,South
2023-05-25,Running Shoes,6,715.36,127,Apparel,South
2023-05-25,Winter Jacket,6,953.0,91,Apparel,West
2023-05-25,Coffee Table,1,178.38,37,Furniture,West
2023-05-25,Ergonomic Chair,1,245.2,74,Furniture,West
2023-05-25,Designer Jeans,8,712.81,176,Apparel,East
2023-05-25,Yoga Mat,3,102.65,94,Health,West
2023-05-25,Laptop Pro,3,3615.66,66,Electronics,East
2023-05-25,SmartPhone X,7,5737.95,113,Electronics,North
2023-05-25,Coffee Table,1,164.1,24,Furniture,North
2023-05-25,Ergonomic Chair,1,253.55,56,Furniture,North
2023-05-25,Office Desk,7,2331.33,52,Furniture,North
2023-05-25,Winter Jacket,2,329.48,99,Apparel,South
2023-05-25,Office Desk,8,2813.53,54,Furniture,Central
2023-05-25,Winter Jacket,9,1582.44,84,Apparel,Central
2023-05-25,Laptop Pro,4,5045.76,59,Electronics,South
2023-05-25,Ergonomic Chair,1,227.16,59,Furniture,North
2023-05-25,Winter Jacket,5,853.69,93,Apparel,South
2023-05-25,Office Desk,6,2005.68,38,Furniture,West
2023-05-25,Laptop Pro,8,9257.36,72,Electronics,South
2023-05-25,Coffee Table,7,1288.58,43,Furniture,South
2023-05-25,Running Shoes,14,1521.47,128,Apparel,West
2023-05-26,Office Desk,7,2559.75,37,Furniture,East
2023-05-26,Running Shoes,14,1547.31,129,Apparel,Central
2023-05-26,Designer Jeans,5,451.54,185,Apparel,South
2023-05-26,Wireless Earbuds,4,579.23,168,Electronics,East
2023-05-26,Winter Jacket,7,1211.27,104,Apparel,East
2023-05-26,Coffee Table,8,1449.8,47,Furniture,East
2023-05-26,SmartPhone X,3,2356.81,122,Electronics,North
2023-05-26,Laptop Pro,1,1096.91,75,Electronics,West
2023-05-26,Coffee Table,9,1563.14,34,Furniture,North
2023-05-26,Running Shoes,4,459.14,144,Apparel,East
2023-05-26,Protein Powder,8,330.96,255,Health,North
2023-05-26,Wireless Earbuds,7,1047.15,171,Electronics,East
2023-05-26,Wireless Earbuds,9,1268.31,168,Electronics,North
2023-05-26,SmartPhone X,9,6661.85,95,Electronics,Central
2023-05-26,Running Shoes,6,667.09,138,Apparel,Central
2023-05-26,Ergonomic Chair,2,543.36,52,Furniture,West
2023-05-26,Office Desk,8,3019.07,62,Furniture,South
2023-05-26,Office Desk,5,1791.23,52,Furniture,Central
2023-05-26,SmartPhone X,3,2209.9,113,Electronics,North
2023-05-26,Protein Powder,6,255.38,263,Health,South
2023-05-26,SmartPhone X,3,2408.8,107,Electronics,Central
2023-05-26,Office Desk,6,2022.06,37,Furniture,South
2023-05-26,Designer Jeans,4,376.55,187,Apparel,Central
2023-05-26,Wireless Earbuds,2,307.75,184,Electronics,West
2023-05-27,Laptop Pro,9,11039.81,79,Electronics,East
2023-05-27,Wireless Earbuds,8,1111.69,175,Electronics,South
2023-05-27,Winter Jacket,8,1383.67,86,Apparel,West
2023-05-27,Yoga Mat,3,102.45,119,Health,Central
2023-05-27,Laptop Pro,3,3312.68,71,Electronics,West
2023-05-27,Designer Jeans,8,713.68,165,Apparel,East
2023-05-27,Office Desk,1,383.7,45,Furniture,East
2023-05-27,Coffee Table,4,680.85,26,Furniture,West
2023-05-27,SmartPhone X,2,1561.58,109,Electronics,East
2023-05-27,Wireless Earbuds,6,918.91,164,Electronics,West
2023-05-27,Designer Jeans,9,851.7,162,Apparel,West
2023-05-27,SmartPhone X,7,6033.01,96,Electronics,West
2023-05-28,Coffee Table,5,947.91,31,Furniture,West
2023-05-28,Coffee Table,6,1176.62,47,Furniture,East
2023-05-28,Ergonomic Chair,7,1756.44,63,Furniture,Central
2023-05-28,Coffee Table,1,195.62,53,Furniture,West
2023-05-28,Protein Powder,5,190.11,254,Health,Central
2023-05-28,Yoga Mat,3,102.55,118,Health,West
2023-05-28,Multivitamins,7,173.47,358,Health,West
2023-05-28,Winter Jacket,7,1067.86,83,Apparel,East
2023-05-28,Running Shoes,12,1338.47,122,Apparel,North
2023-05-28,Yoga Mat,5,182.51,112,Health,South
2023-05-28,Multivitamins,7,189.43,358,Health,South
2023-05-28,Winter Jacket,6,912.99,104,Apparel,West
2023-05-28,Winter Jacket,9,1453.36,92,Apparel,North
2023-05-28,Multivitamins,8,196.93,349,Health,West
2023-05-28,Yoga Mat,1,34.6,120,Health,South
2023-05-28,Running Shoes,18,2327.45,146,Apparel,East
2023-05-28,Wireless Earbuds,9,1380.56,184,Electronics,South
2023-05-28,Winter Jacket,9,1421.01,99,Apparel,East
2023-05-29,Winter Jacket,7,1142.37,99,Apparel,South
2023-05-29,SmartPhone X,5,3637.65,119,Electronics,East
2023-05-29,Laptop Pro,7,9009.45,83,Electronics,South
2023-05-29,Yoga Mat,1,37.19,121,Health,Central
2023-05-29,Yoga Mat,9,341.1,110,Health,Central
2023-05-29,Winter Jacket,6,984.66,102,Apparel,Central
2023-05-29,Multivitamins,1,22.75,348,Health,South
2023-05-29,Wireless Earbuds,5,741.67,172,Electronics,North
2023-05-29,Multivitamins,6,159.51,339,Health,Central
2023-05-29,SmartPhone X,6,5093.66,114,Electronics,South
2023-05-29,Designer Jeans,5,422.23,179,Apparel,South
2023-05-29,Designer Jeans,4,358.91,176,Apparel,North
2023-05-29,SmartPhone X,5,3700.92,94,Electronics,South
2023-05-29,Multivitamins,7,158.54,343,Health,South
2023-05-29,Yoga Mat,2,72.24,113,Health,North
2023-05-29,Multivitamins,1,27.46,334,Health,East
2023-05-29,Ergonomic Chair,6,1365.14,62,Furniture,East
2023-05-29,Running Shoes,2,241.32,127,Apparel,East
2023-05-29,SmartPhone X,9,7264.63,100,Electronics,North
2023-05-29,Office Desk,1,381.39,33,Furniture,South
2023-05-29,Multivitamins,5,136.55,339,Health,Central
2023-05-29,Ergonomic Chair,9,2053.91,50,Furniture,East
2023-05-29,Multivitamins,3,69.88,361,Health,North
2023-05-29,Designer Jeans,2,185.02,185,Apparel,East
2023-05-29,Office Desk,1,345.12,36,Furniture,East
2023-05-29,Winter Jacket,1,165.44,103,Apparel,South
2023-05-29,Laptop Pro,4,4566.41,68,Electronics,East
2023-05-29,Laptop Pro,9,10756.84,74,Electronics,East
2023-05-30,Wireless Earbuds,5,820.03,176,Electronics,Central
2023-05-30,Laptop Pro,1,1152.79,80,Electronics,South
2023-05-30,Wireless Earbuds,4,547.97,190,Electronics,East
2023-05-30,SmartPhone X,6,4902.55,94,Electronics,Central
2023-05-30,Running Shoes,2,231.4,127,Apparel,Central
2023-05-30,Laptop Pro,6,6814.9,87,Electronics,East
2023-05-30,Yoga Mat,9,308.87,107,Health,North
2023-05-30,Protein Powder,3,112.65,257,Health,Central
2023-05-30,Designer Jeans,9,759.52,164,Apparel,North
2023-05-30,Yoga Mat,5,160.32,113,Health,West
2023-05-30,Running Shoes,14,1821.79,138,Apparel,West
2023-05-30,Designer Jeans,7,688.03,172,Apparel,West
2023-05-30,Laptop Pro,4,4700.43,79,Electronics,North
2023-05-30,Ergonomic Chair,7,1746.26,62,Furniture,Central
2023-05-30,Designer Jeans,3,267.57,183,Apparel,North
2023-05-30,Designer Jeans,5,468.6,180,Apparel,South
2023-05-31,Winter Jacket,5,823.32,77,Apparel,Central
2023-05-31,Winter Jacket,4,596.76,95,Apparel,East
2023-05-31,Ergonomic Chair,9,2367.21,75,Furniture,Central
2023-05-31,Ergonomic Chair,1,272.29,71,Furniture,West
2023-05-31,Ergonomic Chair,7,1881.38,73,Furniture,East
2023-05-31,Laptop Pro,1,1237.14,68,Electronics,East
2023-05-31,Winter Jacket,5,751.13,82,Apparel,South
2023-05-31,Yoga Mat,6,195.47,101,Health,Central
2023-05-31,Coffee Table,2,361.38,31,Furniture,South
2023-05-31,Winter Jacket,9,1371.75,98,Apparel,West
2023-05-31,Ergonomic Chair,3,729.42,62,Furniture,North
2023-05-31,Laptop Pro,3,3732.07,76,Electronics,Central
2023-05-31,SmartPhone X,6,4487.8,110,Electronics,East
2023-05-31,Running Shoes,14,1706.8,135,Apparel,East
2023-05-31,SmartPhone X,1,863.18,103,Electronics,South
2023-05-31,Multivitamins,1,24.24,339,Health,Central
2023-05-31,Running Shoes,10,1094.79,136,Apparel,East
2023-05-31,Running Shoes,2,258.96,123,Apparel,South
2023-05-31,Ergonomic Chair,1,240.07,66,Furniture,South
2023-05-31,Laptop Pro,7,8347.99,87,Electronics,East
2023-05-31,Multivitamins,5,127.13,359,Health,Central
2023-05-31,Office Desk,4,1398.79,55,Furniture,West
2023-05-31,Wireless Earbuds,7,959.95,167,Electronics,West
2023-05-31,Winter Jacket,4,633.18,86,Apparel,East
2023-05-31,Winter Jacket,1,170.4,95,Apparel,East
2023-06-01,Office Desk,2,750.95,34,Furniture,Central
2023-06-01,Protein Powder,1,36.69,256,Health,East
2023-06-01,Coffee Table,8,1423.83,27,Furniture,North
2023-06-01,Running Shoes,5,557.82,138,Apparel,West
2023-06-01,Ergonomic Chair,4,1005.43,61,Furniture,Central
2023-06-01,Running Shoes,3,327.97,127,Apparel,South
2023-06-01,Protein Powder,8,332.99,247,Health,East
2023-06-01,Coffee Table,3,505.81,49,Furniture,Central
2023-06-01,Office Desk,1,377.77,36,Furniture,South
2023-06-01,Coffee Table,3,510.57,24,Furniture,Central
2023-06-01,Designer Jeans,4,333.17,186,Apparel,East
2023-06-01,Coffee Table,4,712.9,41,Furniture,Central
2023-06-01,SmartPhone X,1,774.35,95,Electronics,North
2023-06-01,Office Desk,7,2478.14,54,Furniture,North
2023-06-01,Multivitamins,4,103.02,343,Health,Central
2023-06-01,Designer Jeans,5,485.34,186,Apparel,North
2023-06-01,Running Shoes,3,372.74,128,Apparel,Central
2023-06-01,Office Desk,9,2894.21,54,Furniture,South
2023-06-02,SmartPhone X,3,2354.26,120,Electronics,Central
2023-06-02,Yoga Mat,6,199.8,108,Health,East
2023-06-02,Designer Jeans,6,525.67,185,Apparel,East
2023-06-02,Office Desk,1,341.85,48,Furniture,South
2023-06-02,Winter Jacket,7,1194.59,81,Apparel,East
2023-06-02,Laptop Pro,1,1149.94,62,Electronics,North
2023-06-02,Winter Jacket,6,923.23,99,Apparel,South
2023-06-02,Ergonomic Chair,1,249.86,59,Furniture,South
2023-06-02,Ergonomic Chair,8,1805.11,62,Furniture,East
2023-06-02,Designer Jeans,3,248.14,180,Apparel,East
2023-06-02,Ergonomic Chair,2,522.55,68,Furniture,Central
2023-06-02,Coffee Table,7,1314.55,36,Furniture,West
2023-06-02,Winter Jacket,1,172.09,98,Apparel,South
2023-06-02,Coffee Table,5,982.41,52,Furniture,East
2023-06-02,Yoga Mat,7,225.86,113,Health,Central
2023-06-02,SmartPhone X,7,5677.82,109,Electronics,West
2023-06-02,Designer Jeans,8,734.92,161,Apparel,South
2023-06-02,Winter Jacket,5,858.73,103,Apparel,East
2023-06-02,Ergonomic Chair,8,1961.94,53,Furniture,North
2023-06-02,Winter Jacket,2,350.18,99,Apparel,East
2023-06-02,Wireless Earbuds,5,793.86,186,Electronics,West
2023-06-02,Laptop Pro,1,1179.6,79,Electronics,West
2023-06-02,Winter Jacket,1,173.77,94,Apparel,East
2023-06-02,Protein Powder,5,199.75,270,Health,Central
2023-06-02,Wireless Earbuds,7,1047.55,180,Electronics,East
2023-06-02,Coffee Table,1,190.33,26,Furniture,Central
2023-06-03,Yoga Mat,9,324.94,107,Health,West
2023-06-03,Yoga Mat,8,304.14,120,Health,East
2023-06-03,Multivitamins,3,78.35,349,Health,East
2023-06-03,Yoga Mat,8,299.37,93,Health,North
2023-06-03,Ergonomic Chair,7,1670.28,69,Furniture,Central
2023-06-03,Wireless Earbuds,3,480.23,182,Electronics,North
2023-06-03,Laptop Pro,1,1281.71,78,Electronics,West
2023-06-03,Yoga Mat,7,230.09,99,Health,East
2023-06-03,Office Desk,5,1712.79,56,Furniture,North
2023-06-03,Coffee Table,1,164.2,37,Furniture,West
2023-06-03,Wireless Earbuds,4,658.71,170,Electronics,North
2023-06-03,Protein Powder,6,238.03,270,Health,North
2023-06-04,Coffee Table,4,767.47,26,Furniture,West
2023-06-04,Wireless Earbuds,7,1143.59,186,Electronics,West
2023-06-04,Ergonomic Chair,8,2064.79,56,Furniture,South
2023-06-04,Coffee Table,1,184.7,36,Furniture,North
2023-06-04,Running Shoes,9,1012.74,130,Apparel,Central
2023-06-04,Winter Jacket,4,643.66,100,Apparel,East
2023-06-04,Yoga Mat,8,253.6,96,Health,North
2023-06-04,Coffee Table,7,1315.6,46,Furniture,West
2023-06-04,Winter Jacket,8,1365.05,99,Apparel,North
2023-06-04,Ergonomic Chair,6,1569.95,50,Furniture,Central
2023-06-04,Winter Jacket,3,523.33,98,Apparel,Central
2023-06-04,Protein Powder,1,41.97,275,Health,North
2023-06-04,Ergonomic Chair,4,1016.16,77,Furniture,East
2023-06-04,Laptop Pro,4,5024.9,76,Electronics,North
2023-06-04,Laptop Pro,5,6264.12,66,Electronics,West
2023-06-05,Multivitamins,1,24.95,343,Health,East
2023-06-05,Running Shoes,8,906.64,146,Apparel,Central
2023-06-05,Winter Jacket,1,146.37,80,Apparel,East
2023-06-05,Winter Jacket,9,1537.92,101,Apparel,North
2023-06-05,Ergonomic Chair,2,549.76,49,Furniture,East
2023-06-05,Multivitamins,3,79.66,338,Health,South
2023-06-05,Multivitamins,3,70.97,356,Health,South
2023-06-05,Yoga Mat,5,168.16,110,Health,Central
2023-06-05,Winter Jacket,2,338.34,75,Apparel,South
2023-06-05,Protein Powder,2,85.45,252,Health,North
2023-06-05,Winter Jacket,6,1018.7,88,Apparel,East
2023-06-05,Protein Powder,5,187.15,270,Health,South
2023-06-05,Running Shoes,6,716.09,133,Apparel,North
2023-06-05,Protein Powder,4,164.43,257,Health,West
2023-06-05,Running Shoes,1,130.23,144,Apparel,South
2023-06-05,Running Shoes,9,1012.93,141,Apparel,Central
2023-06-05,Designer Jeans,5,413.3,162,Apparel,North
2023-06-05,Designer Jeans,3,261.75,181,Apparel,West
2023-06-05,Winter Jacket,2,311.86,83,Apparel,Central
2023-06-05,Yoga Mat,9,309.08,120,Health,East
2023-06-05,Winter Jacket,7,1137.22,87,Apparel,South
2023-06-05,Running Shoes,1,120.66,131,Apparel,Central
2023-06-05,Yoga Mat,3,112.1,94,Health,Central
2023-06-06,Wireless Earbuds,7,1013.59,172,Electronics,South
2023-06-06,Yoga Mat,7,247.79,101,Health,North
2023-06-06,Laptop Pro,9,11824.59,66,Electronics,South
2023-06-06,Yoga Mat,2,67.98,96,Health,North
2023-06-06,Running Shoes,6,747.24,140,Apparel,East
2023-06-06,Ergonomic Chair,6,1410.05,57,Furniture,Central
2023-06-06,Office Desk,4,1425.71,55,Furniture,East
2023-06-06,Yoga Mat,2,65.06,113,Health,North
2023-06-06,Wireless Earbuds,8,1260.58,176,Electronics,Central
2023-06-06,Designer Jeans,4,331.93,188,Apparel,East
2023-06-06,Running Shoes,9,1110.73,124,Apparel,East
2023-06-06,Multivitamins,7,179.25,335,Health,South
2023-06-06,Protein Powder,5,200.01,254,Health,East
2023-06-06,Running Shoes,6,687.95,133,Apparel,Central
2023-06-06,Yoga Mat,5,181.75,107,Health,South
2023-06-06,SmartPhone X,5,3873.87,104,Electronics,East
2023-06-06,Yoga Mat,8,281.56,115,Health,West
2023-06-06,Office Desk,4,1421.81,32,Furniture,South
2023-06-06,Ergonomic Chair,5,1143.39,71,Furniture,North
2023-06-06,Coffee Table,8,1566.01,30,Furniture,East
2023-06-06,SmartPhone X,4,3273.54,99,Electronics,Central
2023-06-07,Office Desk,7,2338.42,42,Furniture,South
2023-06-07,Wireless Earbuds,1,153.62,167,Electronics,East
2023-06-07,Wireless Earbuds,1,152.09,187,Electronics,South
2023-06-07,Wireless Earbuds,9,1253.21,162,Electronics,East
2023-06-07,Protein Powder,4,162.64,245,Health,West
2023-06-07,Office Desk,9,3126.01,44,Furniture,East
2023-06-07,Running Shoes,4,457.41,129,Apparel,Central
2023-06-07,Yoga Mat,1,32.2,105,Health,North
2023-06-07,Protein Powder,7,271.9,248,Health,South
2023-06-07,Designer Jeans,7,570.91,174,Apparel,North
2023-06-07,Wireless Earbuds,6,947.17,178,Electronics,North
2023-06-07,Running Shoes,9,979.22,130,Apparel,North
2023-06-07,Yoga Mat,7,232.12,113,Health,East
2023-06-07,Ergonomic Chair,5,1161.14,54,Furniture,West
2023-06-07,Multivitamins,2,49.26,343,Health,South
2023-06-07,Yoga Mat,3,106.14,110,Health,North
2023-06-07,Protein Powder,1,36.04,266,Health,Central
2023-06-08,Laptop Pro,2,2227.07,73,Electronics,West
2023-06-08,Coffee Table,7,1240.99,46,Furniture,Central
2023-06-08,Multivitamins,3,75.64,337,Health,South
2023-06-08,Coffee Table,6,1002.48,31,Furniture,South
2023-06-08,Yoga Mat,9,334.54,107,Health,East
2023-06-08,Designer Jeans,6,546.9,185,Apparel,East
2023-06-08,Yoga Mat,3,108.47,105,Health,North
2023-06-08,Multivitamins,8,204.15,334,Health,South
2023-06-08,Multivitamins,8,209.44,353,Health,North
2023-06-08,Winter Jacket,3,476.49,83,Apparel,South
2023-06-08,Laptop Pro,2,2242.21,69,Electronics,West
2023-06-08,Multivitamins,2,54.21,333,Health,North
2023-06-08,Ergonomic Chair,9,2225.6,52,Furniture,East
2023-06-08,Ergonomic Chair,9,2425.19,54,Furniture,Central
2023-06-08,Coffee Table,1,182.34,37,Furniture,West
2023-06-08,Protein Powder,6,262.15,262,Health,Central
2023-06-08,Protein Powder,6,242.85,260,Health,West
2023-06-08,Protein Powder,8,324.94,255,Health,North
2023-06-08,Running Shoes,9,1184.24,134,Apparel,North
2023-06-08,Winter Jacket,6,936.58,99,Apparel,North
2023-06-08,Wireless Earbuds,7,1050.82,188,Electronics,South
2023-06-08,Multivitamins,6,142.47,345,Health,South
2023-06-08,SmartPhone X,5,3867.37,114,Electronics,Central
2023-06-08,Laptop Pro,3,3694.0,71,Electronics,West
2023-06-08,Running Shoes,3,355.49,126,Apparel,West
2023-06-08,Yoga Mat,2,71.85,95,Health,Central
2023-06-08,Office Desk,9,3237.23,46,Furniture,Central
2023-06-09,Office Desk,7,2444.72,50,Furniture,Central
2023-06-09,Multivitamins,6,150.01,350,Health,West
2023-06-09,Designer Jeans,1,88.06,188,Apparel,East
2023-06-09,Ergonomic Chair,1,246.44,51,Furniture,South
2023-06-09,Multivitamins,4,94.07,357,Health,South
2023-06-09,Protein Powder,6,257.08,269,Health,North
2023-06-09,Ergonomic Chair,7,1667.22,64,Furniture,South
2023-06-09,Running Shoes,8,951.14,126,Apparel,North
2023-06-09,Designer Jeans,5,414.63,187,Apparel,South
2023-06-09,Coffee Table,2,342.5,26,Furniture,South
2023-06-09,Multivitamins,9,221.18,348,Health,North
2023-06-09,Protein Powder,2,78.9,268,Health,South
2023-06-09,Protein Powder,5,203.47,246,Health,North
2023-06-09,Coffee Table,1,185.52,34,Furniture,West
2023-06-09,Winter Jacket,2,312.39,81,Apparel,East
2023-06-09,SmartPhone X,7,5854.89,112,Electronics,Central
2023-06-09,Laptop Pro,3,3856.85,60,Electronics,West
2023-06-09,Office Desk,9,3082.2,47,Furniture,Central
2023-06-09,Ergonomic Chair,4,982.69,52,Furniture,Central
2023-06-09,Yoga Mat,6,225.82,106,Health,Central
2023-06-09,Winter Jacket,1,150.64,96,Apparel,East
2023-06-09,SmartPhone X,1,795.37,100,Electronics,North
2023-06-10,Designer Jeans,3,250.11,182,Apparel,East
2023-06-10,Protein Powder,3,128.79,261,Health,West
2023-06-10,Designer Jeans,7,682.01,167,Apparel,South
2023-06-10,Running Shoes,9,1026.02,144,Apparel,Central
2023-06-10,Winter Jacket,8,1283.15,78,Apparel,East
2023-06-10,Protein Powder,2,81.14,266,Health,South
2023-06-10,Laptop Pro,8,8901.83,67,Electronics,West
2023-06-10,Winter Jacket,7,1020.39,89,Apparel,Central
2023-06-10,Ergonomic Chair,8,2050.9,54,Furniture,North
2023-06-10,Yoga Mat,2,67.84,99,Health,Central
2023-06-10,Protein Powder,7,285.58,254,Health,South
2023-06-10,Laptop Pro,7,9139.5,59,Electronics,East
2023-06-11,Multivitamins,2,53.71,357,Health,West
2023-06-11,Office Desk,2,691.0,53,Furniture,North
2023-06-11,Designer Jeans,4,351.98,164,Apparel,West
2023-06-11,Protein Powder,6,251.84,269,Health,South
2023-06-11,Winter Jacket,1,160.4,76,Apparel,South
2023-06-11,Multivitamins,6,156.96,343,Health,North
2023-06-11,Wireless Earbuds,2,289.0,174,Electronics,Central
2023-06-11,Protein Powder,1,40.03,266,Health,Central
2023-06-11,Running Shoes,3,355.79,138,Apparel,West
2023-06-11,Ergonomic Chair,3,802.32,77,Furniture,South
2023-06-12,Wireless Earbuds,9,1322.76,179,Electronics,North
2023-06-12,Wireless Earbuds,4,588.96,159,Electronics,South
2023-06-12,Office Desk,3,1109.15,54,Furniture,West
2023-06-12,Ergonomic Chair,1,274.6,72,Furniture,East
2023-06-12,Designer Jeans,9,860.4,186,Apparel,Central
2023-06-12,Multivitamins,8,196.52,331,Health,West
2023-06-12,Protein Powder,1,41.44,260,Health,East
2023-06-12,Coffee Table,9,1678.51,45,Furniture,North
2023-06-12,Designer Jeans,4,331.78,165,Apparel,North
2023-06-12,Running Shoes,6,659.46,135,Apparel,East
2023-06-12,Yoga Mat,1,33.32,91,Health,West
2023-06-12,Multivitamins,2,53.63,343,Health,East
2023-06-12,Designer Jeans,8,672.31,172,Apparel,Central
2023-06-12,Yoga Mat,4,147.54,103,Health,South
2023-06-12,Yoga Mat,8,254.09,91,Health,East
2023-06-12,Laptop Pro,7,7750.07,69,Electronics,North
2023-06-12,Protein Powder,6,258.66,267,Health,West
2023-06-12,Coffee Table,7,1275.94,44,Furniture,South
2023-06-12,Wireless Earbuds,9,1271.57,175,Electronics,South
2023-06-12,Running Shoes,1,129.71,129,Apparel,North
2023-06-13,Designer Jeans,7,650.6,160,Apparel,Central
2023-06-13,Protein Powder,4,149.48,269,Health,East
2023-06-13,Protein Powder,8,338.22,249,Health,East
2023-06-13,SmartPhone X,2,1721.58,97,Electronics,North
2023-06-13,Running Shoes,7,854.53,140,Apparel,South
2023-06-13,SmartPhone X,4,3508.42,119,Electronics,East
2023-06-13,Office Desk,5,1584.16,61,Furniture,Central
2023-06-13,Laptop Pro,3,3884.47,83,Electronics,North
2023-06-13,SmartPhone X,3,2284.42,93,Electronics,West
2023-06-13,Protein Powder,7,260.61,268,Health,South
2023-06-13,Winter Jacket,9,1514.15,83,Apparel,West
2023-06-13,Office Desk,6,1974.14,60,Furniture,East
2023-06-13,Office Desk,3,1089.54,39,Furniture,East
2023-06-13,Laptop Pro,4,4783.5,69,Electronics,North
2023-06-13,Wireless Earbuds,3,431.79,166,Electronics,Central
2023-06-13,Running Shoes,9,1120.36,137,Apparel,East
2023-06-13,SmartPhone X,2,1619.15,92,Electronics,North
2023-06-13,Wireless Earbuds,2,307.64,177,Electronics,Central
2023-06-13,Office Desk,4,1341.87,49,Furniture,North
2023-06-13,Winter Jacket,4,670.14,91,Apparel,East
2023-06-13,SmartPhone X,1,867.61,115,Electronics,South
2023-06-13,Laptop Pro,7,8171.06,72,Electronics,East
2023-06-13,Office Desk,4,1332.06,55,Furniture,North
2023-06-13,Protein Powder,2,85.43,247,Health,East
2023-06-13,Multivitamins,1,25.68,330,Health,East
2023-06-13,Coffee Table,6,1058.73,30,Furniture,Central
2023-06-13,Laptop Pro,2,2545.57,78,Electronics,North
2023-06-13,Multivitamins,5,117.65,350,Health,Central
2023-06-14,Ergonomic Chair,4,1017.83,57,Furniture,East
2023-06-14,Yoga Mat,4,146.86,92,Health,Central
2023-06-14,Yoga Mat,5,157.87,119,Health,Central
2023-06-14,Ergonomic Chair,8,2128.66,59,Furniture,Central
2023-06-14,SmartPhone X,2,1561.03,115,Electronics,East
2023-06-14,Laptop Pro,9,11435.87,70,Electronics,Central
2023-06-14,Designer Jeans,3,257.65,173,Apparel,North
2023-06-14,Yoga Mat,6,203.55,102,Health,South
2023-06-14,Office Desk,7,2685.07,57,Furniture,South
2023-06-14,Designer Jeans,2,193.96,177,Apparel,North
2023-06-14,Winter Jacket,1,147.22,88,Apparel,East
2023-06-14,Protein Powder,3,119.32,254,Health,East
2023-06-14,Winter Jacket,6,888.44,98,Apparel,South
2023-06-14,Winter Jacket,9,1572.56,85,Apparel,East
2023-06-14,Office Desk,1,340.09,39,Furniture,South
2023-06-14,Office Desk,4,1439.98,53,Furniture,North
2023-06-14,Coffee Table,7,1293.21,42,Furniture,North
2023-06-15,Laptop Pro,5,6558.78,65,Electronics,Central
2023-06-15,Office Desk,2,697.36,48,Furniture,South
2023-06-15,Designer Jeans,1,84.77,181,Apparel,South
2023-06-15,Yoga Mat,2,64.82,91,Health,West
2023-06-15,Laptop Pro,2,2489.22,79,Electronics,Central
2023-06-15,Wireless Earbuds,9,1282.49,160,Electronics,North
2023-06-15,Wireless Earbuds,9,1299.72,175,Electronics,West
2023-06-15,Coffee Table,9,1697.37,31,Furniture,Central
2023-06-15,Laptop Pro,4,4954.3,57,Electronics,East
2023-06-15,Yoga Mat,7,256.25,100,Health,West
2023-06-15,Coffee Table,4,682.52,35,Furniture,South
2023-06-15,Winter Jacket,4,650.99,79,Apparel,Central
2023-06-15,Coffee Table,8,1556.73,42,Furniture,South
2023-06-15,Yoga Mat,1,33.23,116,Health,East
2023-06-15,Multivitamins,9,204.63,331,Health,Central
2023-06-15,Wireless Earbuds,7,1147.08,183,Electronics,North
2023-06-15,Protein Powder,4,167.75,263,Health,Central
2023-06-15,SmartPhone X,2,1599.88,106,Electronics,North
2023-06-16,Multivitamins,1,24.91,330,Health,West
2023-06-16,Protein Powder,3,125.77,251,Health,East
2023-06-16,Office Desk,3,981.06,56,Furniture,Central
2023-06-16,Designer Jeans,2,197.62,178,Apparel,West
2023-06-16,Yoga Mat,7,252.59,115,Health,East
2023-06-16,Wireless Earbuds,9,1449.19,176,Electronics,Central
2023-06-16,Coffee Table,2,380.04,24,Furniture,North
2023-06-16,Protein Powder,6,262.6,247,Health,North
2023-06-16,SmartPhone X,4,3316.13,95,Electronics,West
2023-06-16,SmartPhone X,4,3274.06,119,Electronics,Central
2023-06-16,Ergonomic Chair,6,1471.24,64,Furniture,Central
2023-06-16,Protein Powder,3,108.87,272,Health,East
2023-06-16,Protein Powder,1,41.67,248,Health,Central
2023-06-16,Coffee Table,8,1521.0,37,Furniture,South
2023-06-16,Protein Powder,9,341.4,260,Health,North
2023-06-16,Winter Jacket,4,589.2,89,Apparel,West
2023-06-16,Wireless Earbuds,8,1249.57,160,Electronics,West
2023-06-16,Coffee Table,2,351.72,33,Furniture,West
2023-06-16,Ergonomic Chair,5,1245.02,73,Furniture,North
2023-06-16,Protein Powder,1,39.85,257,Health,West
2023-06-17,Winter Jacket,6,874.04,92,Apparel,Central
2023-06-17,Winter Jacket,3,526.72,74,Apparel,West
2023-06-17,Coffee Table,4,741.72,48,Furniture,North
2023-06-17,Multivitamins,8,189.61,349,Health,South
2023-06-17,Laptop Pro,9,10342.41,64,Electronics,Central
2023-06-17,Yoga Mat,1,36.61,111,Health,Central
2023-06-17,Multivitamins,8,183.79,349,Health,South
2023-06-17,Coffee Table,9,1458.59,51,Furniture,South
2023-06-17,SmartPhone X,5,3872.35,102,Electronics,East
2023-06-17,Office Desk,1,351.65,48,Furniture,South
2023-06-17,Ergonomic Chair,6,1468.5,53,Furniture,Central
2023-06-17,Wireless Earbuds,2,282.44,174,Electronics,East
2023-06-17,Designer Jeans,6,520.2,181,Apparel,West
2023-06-17,Wireless Earbuds,8,1216.08,163,Electronics,South
2023-06-17,Winter Jacket,3,521.37,78,Apparel,North
2023-06-17,Coffee Table,5,948.79,39,Furniture,East
2023-06-18,Coffee Table,9,1556.95,32,Furniture,South
2023-06-18,Designer Jeans,4,394.63,173,Apparel,South
2023-06-18,Laptop Pro,5,6477.75,68,Electronics,West
2023-06-18,Multivitamins,1,24.33,351,Health,Central
2023-06-18,Coffee Table,3,519.84,34,Furniture,North
2023-06-18,Yoga Mat,5,183.17,116,Health,West
2023-06-18,SmartPhone X,6,4476.59,103,Electronics,West
2023-06-18,Yoga Mat,3,101.68,116,Health,South
2023-06-18,Multivitamins,3,76.22,352,Health,West
2023-06-18,Office Desk,6,2067.82,51,Furniture,East
2023-06-19,Wireless Earbuds,8,1188.45,182,Electronics,North
2023-06-19,Protein Powder,5,208.11,246,Health,North
2023-06-19,Yoga Mat,4,127.38,92,Health,East
2023-06-19,Yoga Mat,1,33.8,113,Health,North
2023-06-19,Running Shoes,8,1004.24,145,Apparel,South
2023-06-19,Ergonomic Chair,6,1555.3,50,Furniture,South
2023-06-19,Ergonomic Chair,5,1291.95,50,Furniture,Central
2023-06-19,Yoga Mat,3,111.25,117,Health,West
2023-06-19,SmartPhone X,2,1505.36,93,Electronics,North
2023-06-19,Running Shoes,1,131.91,131,Apparel,South
2023-06-19,Designer Jeans,8,674.02,164,Apparel,Central
2023-06-19,Running Shoes,9,1042.77,136,Apparel,East
2023-06-19,Coffee Table,8,1439.33,49,Furniture,East
2023-06-19,Multivitamins,3,67.71,332,Health,East
2023-06-19,Office Desk,4,1394.44,40,Furniture,North
2023-06-19,Winter Jacket,7,1022.05,99,Apparel,South
2023-06-19,Office Desk,7,2270.54,60,Furniture,South
2023-06-19,Laptop Pro,9,11122.33,66,Electronics,West
2023-06-19,Laptop Pro,3,3264.23,73,Electronics,West
2023-06-19,Office Desk,9,3218.54,33,Furniture,Central
2023-06-19,Protein Powder,8,350.47,257,Health,South
2023-06-19,Office Desk,3,1014.17,49,Furniture,Central
2023-06-19,SmartPhone X,3,2566.7,101,Electronics,West
2023-06-19,Winter Jacket,5,875.11,91,Apparel,North
2023-06-19,Office Desk,4,1279.86,36,Furniture,North
2023-06-19,Coffee Table,5,948.84,34,Furniture,South
2023-06-19,Running Shoes,3,392.84,137,Apparel,Central
2023-06-19,Winter Jacket,2,301.3,86,Apparel,East
2023-06-19,Laptop Pro,7,8365.42,86,Electronics,South
2023-06-20,Office Desk,5,1589.12,43,Furniture,Central
2023-06-20,Ergonomic Chair,6,1403.59,66,Furniture,South
2023-06-20,Coffee Table,3,540.92,32,Furniture,North
2023-06-20,SmartPhone X,2,1644.79,115,Electronics,East
2023-06-20,Designer Jeans,2,196.05,185,Apparel,East
2023-06-20,Coffee Table,7,1230.12,47,Furniture,South
2023-06-20,Yoga Mat,4,129.67,119,Health,Central
2023-06-20,Protein Powder,8,301.19,255,Health,North
2023-06-20,Yoga Mat,5,159.78,108,Health,East
2023-06-20,Running Shoes,5,555.11,127,Apparel,West
2023-06-20,Designer Jeans,5,482.78,164,Apparel,East
2023-06-20,Yoga Mat,6,207.0,110,Health,West
2023-06-20,Designer Jeans,2,176.34,161,Apparel,East
2023-06-20,Laptop Pro,8,8966.38,73,Electronics,Central
2023-06-20,Multivitamins,2,51.08,351,Health,West
2023-06-20,Yoga Mat,7,221.11,90,Health,Central
2023-06-20,Designer Jeans,6,489.55,164,Apparel,West
2023-06-20,Running Shoes,2,247.04,129,Apparel,South
2023-06-20,Coffee Table,4,770.75,39,Furniture,West
2023-06-20,Winter Jacket,6,930.82,82,Apparel,East
2023-06-21,Office Desk,6,2111.68,55,Furniture,West
2023-06-21,Coffee Table,8,1334.19,42,Furniture,Central
2023-06-21,Wireless Earbuds,6,922.71,160,Electronics,East
2023-06-21,Yoga Mat,2,72.11,98,Health,South
2023-06-21,Running Shoes,1,122.84,136,Apparel,South
2023-06-21,Running Shoes,3,335.26,134,Apparel,Central
2023-06-21,Protein Powder,9,377.54,243,Health,West
2023-06-21,Yoga Mat,2,68.43,99,Health,North
2023-06-21,Protein Powder,8,324.83,248,Health,East
2023-06-21,Laptop Pro,3,3610.75,69,Electronics,South
2023-06-21,Protein Powder,8,330.43,252,Health,East
2023-06-21,Office Desk,1,333.06,58,Furniture,South
2023-06-21,Multivitamins,6,164.27,337,Health,North
2023-06-21,SmartPhone X,9,7157.34,103,Electronics,South
2023-06-21,Ergonomic Chair,7,1843.35,71,Furniture,East
2023-06-21,Protein Powder,3,125.91,259,Health,East
2023-06-21,Multivitamins,9,205.4,328,Health,West
2023-06-21,Protein Powder,6,233.18,269,Health,East
2023-06-21,Designer Jeans,8,764.24,161,Apparel,Central
2023-06-22,Protein Powder,6,260.71,253,Health,North
2023-06-22,Protein Powder,7,298.62,246,Health,West
2023-06-22,Protein Powder,7,275.74,258,Health,North
2023-06-22,Running Shoes,7,756.27,141,Apparel,North
2023-06-22,Office Desk,1,339.09,42,Furniture,East
2023-06-22,SmartPhone X,3,2377.05,117,Electronics,Central
2023-06-22,Office Desk,4,1508.56,38,Furniture,East
2023-06-22,Wireless Earbuds,9,1255.46,161,Electronics,South
2023-06-22,Running Shoes,4,456.35,140,Apparel,West
2023-06-22,Protein Powder,6,222.26,244,Health,East
2023-06-22,Protein Powder,8,295.48,245,Health,South
2023-06-22,Multivitamins,1,22.65,346,Health,West
2023-06-22,Winter Jacket,5,730.25,80,Apparel,West
2023-06-22,Multivitamins,8,196.8,337,Health,East
2023-06-22,Ergonomic Chair,3,725.07,74,Furniture,North
2023-06-22,SmartPhone X,4,3144.91,119,Electronics,North
2023-06-22,Multivitamins,5,113.83,352,Health,South
2023-06-22,Multivitamins,9,214.2,336,Health,South
2023-06-22,Yoga Mat,1,35.46,97,Health,North
2023-06-23,SmartPhone X,1,845.71,96,Electronics,Central
2023-06-23,Ergonomic Chair,8,2054.49,66,Furniture,South
2023-06-23,Ergonomic Chair,7,1896.3,71,Furniture,West
2023-06-23,Multivitamins,8,209.56,350,Health,East
2023-06-23,Ergonomic Chair,3,801.51,63,Furniture,Central
2023-06-23,Running Shoes,8,1006.64,127,Apparel,Central
2023-06-23,Laptop Pro,8,9159.14,79,Electronics,East
2023-06-23,Laptop Pro,5,5703.2,63,Electronics,West
2023-06-23,Multivitamins,3,67.73,325,Health,Central
2023-06-23,Ergonomic Chair,2,455.57,67,Furniture,South
2023-06-23,Ergonomic Chair,8,2088.5,77,Furniture,West
2023-06-23,Winter Jacket,6,988.82,93,Apparel,South
2023-06-23,Protein Powder,7,305.55,262,Health,South
2023-06-23,Laptop Pro,9,10626.15,60,Electronics,North
2023-06-23,Laptop Pro,5,5509.78,61,Electronics,Central
2023-06-23,Yoga Mat,9,298.09,101,Health,West
2023-06-23,Wireless Earbuds,4,637.24,164,Electronics,East
2023-06-23,Running Shoes,1,119.25,143,Apparel,West
2023-06-23,Yoga Mat,1,38.35,93,Health,North
2023-06-23,Running Shoes,8,970.68,121,Apparel,Central
2023-06-23,Winter Jacket,1,154.12,84,Apparel,West
2023-06-23,Laptop Pro,3,3462.71,78,Electronics,East
2023-06-23,Office Desk,6,1954.41,57,Furniture,North
2023-06-23,Coffee Table,6,972.09,43,Furniture,Central
2023-06-23,Office Desk,6,2296.65,47,Furniture,South
2023-06-23,Ergonomic Chair,5,1346.02,58,Furniture,Central
2023-06-23,Running Shoes,8,1028.58,121,Apparel,South
2023-06-23,Yoga Mat,5,162.7,118,Health,Central
2023-06-24,Laptop Pro,5,6507.96,75,Electronics,West
2023-06-24,Designer Jeans,5,419.65,168,Apparel,North
2023-06-24,Running Shoes,7,782.34,120,Apparel,North
2023-06-24,Running Shoes,7,846.29,130,Apparel,Central
2023-06-24,Winter Jacket,8,1265.69,76,Apparel,West
2023-06-24,Winter Jacket,5,828.81,80,Apparel,West
2023-06-24,Multivitamins,9,243.43,344,Health,South
2023-06-24,Designer Jeans,3,273.08,165,Apparel,North
2023-06-24,Office Desk,5,1764.47,45,Furniture,East
2023-06-24,Protein Powder,4,174.59,242,Health,West
2023-06-24,Wireless Earbuds,1,152.58,161,Electronics,West
2023-06-24,Designer Jeans,6,572.86,167,Apparel,Central
2023-06-24,Coffee Table,8,1410.64,28,Furniture,West
2023-06-24,Running Shoes,4,509.05,137,Apparel,East
2023-06-24,Protein Powder,1,39.31,254,Health,East
2023-06-24,Coffee Table,4,759.17,51,Furniture,Central
2023-06-24,Multivitamins,9,210.17,332,Health,South
2023-06-24,Running Shoes,5,622.06,134,Apparel,North
2023-06-25,SmartPhone X,5,4335.23,94,Electronics,South
2023-06-25,Protein Powder,5,197.93,248,Health,Central
2023-06-25,Yoga Mat,9,307.93,93,Health,South
2023-06-25,Wireless Earbuds,2,286.84,174,Electronics,Central
2023-06-25,Office Desk,5,1668.8,51,Furniture,North
2023-06-25,Yoga Mat,2,72.23,98,Health,West
2023-06-25,Running Shoes,4,452.72,132,Apparel,North
2023-06-25,Protein Powder,3,115.5,243,Health,South
2023-06-25,Running Shoes,1,127.31,137,Apparel,South
2023-06-25,Designer Jeans,7,664.77,165,Apparel,East
2023-06-25,Protein Powder,5,201.52,242,Health,West
2023-06-25,Yoga Mat,3,97.55,95,Health,North
2023-06-25,Office Desk,4,1428.39,43,Furniture,South
2023-06-25,Running Shoes,5,547.95,131,Apparel,East
2023-06-25,Yoga Mat,6,205.91,104,Health,East
2023-06-25,Running Shoes,5,625.7,137,Apparel,North
2023-06-26,Multivitamins,8,198.06,344,Health,North
2023-06-26,Protein Powder,9,359.14,249,Health,South
2023-06-26,Designer Jeans,4,350.61,178,Apparel,North
2023-06-26,Running Shoes,5,590.82,116,Apparel,South
2023-06-26,Winter Jacket,3,454.37,80,Apparel,North
2023-06-26,Yoga Mat,6,229.25,116,Health,West
2023-06-26,Wireless Earbuds,5,690.33,183,Electronics,South
2023-06-26,Running Shoes,9,1184.99,132,Apparel,Central
2023-06-26,Laptop Pro,4,5120.75,84,Electronics,Central
2023-06-26,SmartPhone X,9,7721.76,96,Electronics,West
2023-06-26,Protein Powder,8,331.95,254,Health,South
2023-06-26,SmartPhone X,6,5178.81,95,Electronics,North
2023-06-26,Laptop Pro,3,3822.46,58,Electronics,East
2023-06-26,SmartPhone X,3,2379.37,104,Electronics,Central
2023-06-26,Yoga Mat,8,275.8,94,Health,North
2023-06-26,Wireless Earbuds,4,571.8,180,Electronics,North
2023-06-26,SmartPhone X,1,791.86,94,Electronics,West
2023-06-26,Laptop Pro,7,8548.82,81,Electronics,North
2023-06-26,Running Shoes,5,563.63,133,Apparel,North
2023-06-26,SmartPhone X,2,1558.87,118,Electronics,North
2023-06-26,Running Shoes,4,483.57,137,Apparel,North
2023-06-26,Winter Jacket,2,315.76,78,Apparel,South
2023-06-26,Wireless Earbuds,3,408.21,175,Electronics,Central
2023-06-26,Wireless Earbuds,3,454.88,165,Electronics,West
2023-06-26,Coffee Table,3,562.36,37,Furniture,West
2023-06-26,Multivitamins,7,166.33,336,Health,West
2023-06-26,Laptop Pro,3,3921.96,65,Electronics,East
2023-06-26,Protein Powder,4,161.47,242,Health,Central
2023-06-27,Office Desk,7,2364.5,40,Furniture,North
2023-06-27,Running Shoes,3,375.12,142,Apparel,North
2023-06-27,Protein Powder,3,111.45,259,Health,South
2023-06-27,Wireless Earbuds,1,145.11,183,Electronics,East
2023-06-27,SmartPhone X,3,2311.51,111,Electronics,North
2023-06-27,Wireless Earbuds,7,991.82,157,Electronics,South
2023-06-27,Laptop Pro,1,1182.72,63,Electronics,North
2023-06-27,Multivitamins,1,23.82,349,Health,East
2023-06-27,Multivitamins,6,153.17,325,Health,Central
2023-06-27,Ergonomic Chair,7,1781.31,67,Furniture,Central
2023-06-27,Running Shoes,3,357.08,123,Apparel,Central
2023-06-27,Coffee Table,6,1041.76,47,Furniture,South
2023-06-27,Coffee Table,1,171.45,27,Furniture,South
2023-06-27,Coffee Table,6,986.64,30,Furniture,West
2023-06-27,Designer Jeans,5,477.54,183,Apparel,West
2023-06-27,Running Shoes,2,247.88,135,Apparel,Central
2023-06-27,Coffee Table,3,582.02,30,Furniture,Central
2023-06-27,Wireless Earbuds,7,1055.34,184,Electronics,North
2023-06-27,Multivitamins,5,135.02,326,Health,Central
2023-06-27,Winter Jacket,1,165.85,74,Apparel,Central
2023-06-27,Coffee Table,1,195.93,34,Furniture,West
2023-06-28,Laptop Pro,3,3530.74,75,Electronics,North
2023-06-28,SmartPhone X,8,6215.64,116,Electronics,East
2023-06-28,Running Shoes,8,1018.83,121,Apparel,West
2023-06-28,Multivitamins,4,97.72,329,Health,Central
2023-06-28,Yoga Mat,2,64.12,96,Health,West
2023-06-28,Office Desk,5,1675.64,33,Furniture,East
2023-06-28,Multivitamins,7,167.38,337,Health,West
2023-06-28,Ergonomic Chair,2,523.41,59,Furniture,Central
2023-06-28,Running Shoes,9,1004.3,116,Apparel,West
2023-06-28,Wireless Earbuds,5,693.54,170,Electronics,South
2023-06-28,Wireless Earbuds,3,459.87,160,Electronics,North
2023-06-28,Yoga Mat,6,221.65,116,Health,East
2023-06-28,Protein Powder,6,257.02,242,Health,Central
2023-06-28,Laptop Pro,6,6951.7,80,Electronics,West
2023-06-28,Running Shoes,6,718.83,128,Apparel,West
2023-06-28,Protein Powder,5,212.24,263,Health,East
2023-06-28,Office Desk,4,1306.03,52,Furniture,South
2023-06-28,Coffee Table,5,952.55,35,Furniture,South
2023-06-28,Coffee Table,5,881.74,39,Furniture,Central
2023-06-28,Multivitamins,5,133.66,349,Health,East
2023-06-28,Laptop Pro,6,6533.35,78,Electronics,South
2023-06-28,Designer Jeans,6,499.65,181,Apparel,North
2023-06-28,Designer Jeans,5,425.76,163,Apparel,Central
2023-06-28,SmartPhone X,4,3084.49,109,Electronics,North
2023-06-28,Yoga Mat,3,104.0,111,Health,North
2023-06-28,Running Shoes,5,554.05,134,Apparel,Central
2023-06-29,Laptop Pro,5,6557.55,61,Electronics,West
2023-06-29,Yoga Mat,4,135.06,112,Health,South
2023-06-29,Designer Jeans,2,180.01,173,Apparel,East
2023-06-29,Winter Jacket,1,149.05,101,Apparel,South
2023-06-29,SmartPhone X,3,2396.48,94,Electronics,East
2023-06-29,Designer Jeans,7,691.99,169,Apparel,East
2023-06-29,Office Desk,8,2991.16,52,Furniture,North
2023-06-29,Multivitamins,5,125.55,323,Health,South
2023-06-29,Designer Jeans,7,617.65,182,Apparel,Central
2023-06-29,SmartPhone X,1,767.09,108,Electronics,Central
2023-06-29,SmartPhone X,5,4207.54,95,Electronics,West
2023-06-29,Coffee Table,3,511.58,46,Furniture,West
2023-06-29,Winter Jacket,6,921.89,96,Apparel,East
2023-06-29,Multivitamins,8,208.12,327,Health,West
2023-06-29,Laptop Pro,6,7692.38,76,Electronics,Central
2023-06-29,Laptop Pro,3,3535.7,82,Electronics,Central
2023-06-29,Office Desk,6,2104.85,43,Furniture,West
2023-06-30,Office Desk,7,2348.3,38,Furniture,East
2023-06-30,Laptop Pro,5,5458.99,75,Electronics,East
2023-06-30,Protein Powder,2,80.96,267,Health,Central
2023-06-30,Laptop Pro,9,9898.56,59,Electronics,Central
2023-06-30,SmartPhone X,2,1499.33,98,Electronics,North
2023-06-30,Running Shoes,2,263.63,134,Apparel,North
2023-06-30,Wireless Earbuds,5,753.84,168,Electronics,East
2023-06-30,Coffee Table,7,1170.33,46,Furniture,West
2023-06-30,SmartPhone X,8,6034.27,107,Electronics,North
2023-06-30,Designer Jeans,9,802.58,182,Apparel,South
2023-06-30,Yoga Mat,8,295.9,116,Health,Central
2023-06-30,Protein Powder,5,196.72,241,Health,North
2023-06-30,Coffee Table,7,1294.62,35,Furniture,Central
2023-06-30,Winter Jacket,2,288.28,83,Apparel,South
2023-06-30,Laptop Pro,1,1303.97,80,Electronics,South
2023-06-30,Coffee Table,1,194.91,37,Furniture,East
2023-06-30,Coffee Table,8,1504.76,34,Furniture,West
2023-06-30,Designer Jeans,9,779.38,179,Apparel,South
2023-06-30,Office Desk,4,1370.73,57,Furniture,South
2023-06-30,Yoga Mat,8,279.66,95,Health,East
2023-06-30,Ergonomic Chair,4,928.01,56,Furniture,West
2023-07-01,Protein Powder,1,36.6,261,Health,Central
2023-07-01,Winter Jacket,9,1341.54,102,Apparel,Central
2023-07-01,Ergonomic Chair,4,1051.09,66,Furniture,Central
2023-07-01,Designer Jeans,8,664.07,161,Apparel,West
2023-07-01,Laptop Pro,2,2511.5,63,Electronics,North
2023-07-01,Yoga Mat,8,300.86,98,Health,Central
2023-07-01,Protein Powder,8,341.16,255,Health,North
2023-07-01,Office Desk,9,3449.05,42,Furniture,West
2023-07-01,Wireless Earbuds,1,157.05,167,Electronics,South
2023-07-01,Multivitamins,9,204.22,326,Health,South
2023-07-01,Coffee Table,9,1726.29,28,Furniture,East
2023-07-01,Wireless Earbuds,1,135.18,169,Electronics,West
2023-07-01,Laptop Pro,6,7700.26,85,Electronics,South
2023-07-01,Ergonomic Chair,4,1045.42,53,Furniture,East
2023-07-01,Protein Powder,6,245.25,268,Health,Central
2023-07-01,Protein Powder,4,146.82,267,Health,East
2023-07-01,Running Shoes,8,938.74,115,Apparel,South
2023-07-02,Protein Powder,9,386.18,259,Health,West
2023-07-02,Multivitamins,7,168.12,343,Health,Central
2023-07-02,Coffee Table,3,570.4,35,Furniture,Central
2023-07-02,Ergonomic Chair,4,955.61,77,Furniture,Central
2023-07-02,Designer Jeans,7,567.67,161,Apparel,South
2023-07-02,Designer Jeans,6,522.63,158,Apparel,South
2023-07-02,Wireless Earbuds,2,308.69,159,Electronics,South
2023-07-02,Wireless Earbuds,2,290.45,176,Electronics,Central
2023-07-02,Ergonomic Chair,9,2319.55,68,Furniture,South
2023-07-02,Office Desk,9,3323.35,47,Furniture,Central
2023-07-02,SmartPhone X,5,4025.28,104,Electronics,West
2023-07-02,Protein Powder,6,236.43,260,Health,Central
2023-07-02,Wireless Earbuds,1,155.35,169,Electronics,North
2023-07-03,Winter Jacket,6,879.29,91,Apparel,Central
2023-07-03,Running Shoes,1,121.3,117,Apparel,East
2023-07-03,SmartPhone X,6,4979.88,96,Electronics,East
2023-07-03,SmartPhone X,9,7414.12,104,Electronics,Central
2023-07-03,Multivitamins,3,81.64,338,Health,West
2023-07-03,Yoga Mat,5,178.07,89,Health,South
2023-07-03,Laptop Pro,3,3729.46,59,Electronics,North
2023-07-03,Ergonomic Chair,7,1793.73,58,Furniture,Central
2023-07-03,Ergonomic Chair,5,1166.34,63,Furniture,North
2023-07-03,Ergonomic Chair,8,1843.17,72,Furniture,South
2023-07-03,Winter Jacket,5,726.6,83,Apparel,East
2023-07-03,Laptop Pro,1,1184.65,57,Electronics,North
2023-07-03,Multivitamins,6,145.22,337,Health,Central
2023-07-03,Office Desk,9,3199.28,57,Furniture,South
2023-07-03,Yoga Mat,5,177.78,94,Health,West
2023-07-04,Laptop Pro,1,1100.14,56,Electronics,South
2023-07-04,Winter Jacket,1,152.11,98,Apparel,Central
2023-07-04,Yoga Mat,6,193.36,89,Health,East
2023-07-04,Laptop Pro,3,3714.44,74,Electronics,North
2023-07-04,Coffee Table,3,580.13,45,Furniture,West
2023-07-04,Office Desk,4,1345.56,40,Furniture,East
2023-07-04,Multivitamins,9,225.34,343,Health,Central
2023-07-04,Laptop Pro,6,7010.04,71,Electronics,North
2023-07-04,Laptop Pro,7,8145.03,81,Electronics,Central
2023-07-04,Protein Powder,6,242.9,266,Health,South
2023-07-04,Multivitamins,4,100.41,337,Health,South
2023-07-04,SmartPhone X,6,5132.27,101,Electronics,South
2023-07-04,Winter Jacket,1,148.65,79,Apparel,West
2023-07-04,Ergonomic Chair,5,1369.02,48,Furniture,North
2023-07-04,Protein Powder,9,326.16,263,Health,West
2023-07-04,Ergonomic Chair,5,1267.83,50,Furniture,North
2023-07-04,Winter Jacket,2,347.36,87,Apparel,East
2023-07-04,Multivitamins,7,161.41,341,Health,West
2023-07-04,Ergonomic Chair,8,2030.22,63,Furniture,North
2023-07-04,Multivitamins,5,133.98,325,Health,East
2023-07-04,Protein Powder,7,264.33,260,Health,Central
2023-07-04,Coffee Table,3,585.63,43,Furniture,Central
2023-07-05,Wireless Earbuds,8,1191.44,156,Electronics,Central
2023-07-05,Running Shoes,6,720.72,127,Apparel,Central
2023-07-05,Coffee Table,9,1735.88,39,Furniture,East
2023-07-05,Designer Jeans,5,414.62,173,Apparel,Central
2023-07-05,SmartPhone X,8,6708.2,104,Electronics,West
2023-07-05,Ergonomic Chair,7,1590.79,47,Furniture,East
2023-07-05,Multivitamins,9,234.25,325,Health,West
2023-07-05,Winter Jacket,2,335.86,86,Apparel,East
2023-07-05,Winter Jacket,5,820.0,93,Apparel,Central
2023-07-05,Multivitamins,5,132.56,338,Health,South
2023-07-05,Yoga Mat,5,170.76,116,Health,West
2023-07-05,Multivitamins,2,46.02,329,Health,East
2023-07-05,Yoga Mat,8,300.93,109,Health,East
2023-07-05,Wireless Earbuds,9,1336.79,179,Electronics,Central
2023-07-05,Ergonomic Chair,7,1756.88,48,Furniture,East
2023-07-05,Designer Jeans,8,723.27,157,Apparel,South
2023-07-05,Protein Powder,7,292.11,242,Health,Central
2023-07-05,Office Desk,2,760.27,43,Furniture,North
2023-07-05,Protein Powder,1,39.46,261,Health,West
2023-07-05,SmartPhone X,7,5828.88,100,Electronics,South
2023-07-05,SmartPhone X,7,5307.57,104,Electronics,East
2023-07-05,Multivitamins,1,25.62,343,Health,East
2023-07-06,Designer Jeans,3,277.77,177,Apparel,North
2023-07-06,Office Desk,2,685.68,60,Furniture,West
2023-07-06,Running Shoes,1,129.13,113,Apparel,South
2023-07-06,Multivitamins,6,163.85,329,Health,North
2023-07-06,Yoga Mat,8,304.59,105,Health,West
2023-07-06,Protein Powder,1,40.28,264,Health,West
2023-07-06,Winter Jacket,7,1160.15,81,Apparel,North
2023-07-06,Designer Jeans,1,95.33,177,Apparel,North
2023-07-06,Running Shoes,2,254.08,139,Apparel,North
2023-07-06,Office Desk,2,761.43,40,Furniture,East
2023-07-06,SmartPhone X,5,3625.09,109,Electronics,Central
2023-07-06,Designer Jeans,8,739.14,162,Apparel,West
2023-07-06,Office Desk,9,2874.67,32,Furniture,Central
2023-07-06,Wireless Earbuds,2,317.07,164,Electronics,Central
2023-07-06,Winter Jacket,2,296.63,72,Apparel,South
2023-07-06,Laptop Pro,4,4482.34,66,Electronics,North
2023-07-06,Laptop Pro,5,5781.91,83,Electronics,East
2023-07-06,Office Desk,5,1769.92,36,Furniture,South
2023-07-06,Laptop Pro,2,2607.99,69,Electronics,Central
2023-07-06,Running Shoes,8,906.04,115,Apparel,South
2023-07-06,Coffee Table,1,181.26,30,Furniture,Central
2023-07-06,Ergonomic Chair,1,231.6,50,Furniture,Central
2023-07-06,Ergonomic Chair,7,1728.45,70,Furniture,East
2023-07-06,Wireless Earbuds,1,143.22,157,Electronics,Central
2023-07-06,Ergonomic Chair,5,1182.96,65,Furniture,East
2023-07-06,Ergonomic Chair,8,1803.43,49,Furniture,West
2023-07-06,Coffee Table,1,168.89,31,Furniture,South
2023-07-06,Laptop Pro,6,6740.92,79,Electronics,Central
2023-07-07,Winter Jacket,9,1503.62,90,Apparel,South
2023-07-07,Wireless Earbuds,5,721.62,154,Electronics,Central
2023-07-07,Protein Powder,9,383.89,240,Health,Central
2023-07-07,Ergonomic Chair,4,1010.92,56,Furniture,West
2023-07-07,SmartPhone X,9,7685.6,114,Electronics,West
2023-07-07,Office Desk,8,2933.72,50,Furniture,East
2023-07-07,Yoga Mat,3,105.12,97,Health,West
2023-07-07,Multivitamins,7,161.91,342,Health,West
2023-07-07,Laptop Pro,3,3531.14,68,Electronics,South
2023-07-07,Laptop Pro,2,2496.39,76,Electronics,West
2023-07-07,SmartPhone X,3,2340.18,109,Electronics,West
2023-07-07,Coffee Table,5,909.88,22,Furniture,Central
2023-07-07,Laptop Pro,3,3694.59,65,Electronics,Central
2023-07-07,Yoga Mat,6,211.55,106,Health,West
2023-07-07,SmartPhone X,6,5132.69,100,Electronics,East
2023-07-07,Coffee Table,3,528.39,34,Furniture,North
2023-07-08,Ergonomic Chair,4,1079.89,65,Furniture,South
2023-07-08,Coffee Table,6,1068.85,48,Furniture,South
2023-07-08,Coffee Table,9,1496.99,24,Furniture,South
2023-07-08,Yoga Mat,3,110.41,110,Health,East
2023-07-08,Yoga Mat,3,109.92,98,Health,North
2023-07-08,Multivitamins,8,180.76,329,Health,West
2023-07-08,SmartPhone X,5,3931.58,105,Electronics,East
2023-07-08,Wireless Earbuds,6,935.75,175,Electronics,West
2023-07-08,Wireless Earbuds,5,710.55,181,Electronics,Central
2023-07-08,Winter Jacket,5,751.9,96,Apparel,South
2023-07-08,Wireless Earbuds,8,1176.44,176,Electronics,West
2023-07-08,Ergonomic Chair,3,788.61,52,Furniture,South
2023-07-08,Yoga Mat,3,115.28,95,Health,North
2023-07-08,Yoga Mat,6,199.7,116,Health,East
2023-07-08,Winter Jacket,3,463.76,95,Apparel,West
2023-07-08,Wireless Earbuds,1,136.34,164,Electronics,North
2023-07-08,Office Desk,5,1910.06,56,Furniture,South
2023-07-09,Laptop Pro,8,9642.02,70,Electronics,South
2023-07-09,Laptop Pro,7,7688.71,78,Electronics,Central
2023-07-09,Protein Powder,9,394.31,251,Health,South
2023-07-09,Wireless Earbuds,8,1146.69,157,Electronics,Central
2023-07-09,Coffee Table,6,1164.95,25,Furniture,West
2023-07-09,Winter Jacket,6,1022.46,101,Apparel,West
2023-07-09,SmartPhone X,9,7826.11,96,Electronics,North
2023-07-09,Ergonomic Chair,4,1028.74,50,Furniture,West
2023-07-09,Laptop Pro,8,9415.89,58,Electronics,West
2023-07-09,Laptop Pro,2,2405.77,68,Electronics,South
2023-07-09,Ergonomic Chair,2,507.37,62,Furniture,West
2023-07-10,Office Desk,6,2268.94,59,Furniture,North
2023-07-10,Yoga Mat,6,222.66,103,Health,Central
2023-07-10,Wireless Earbuds,4,543.17,154,Electronics,Central
2023-07-10,Ergonomic Chair,5,1336.63,54,Furniture,South
2023-07-10,Multivitamins,8,209.92,343,Health,West
2023-07-10,Laptop Pro,2,2511.25,71,Electronics,South
2023-07-10,Ergonomic Chair,7,1697.97,51,Furniture,East
2023-07-10,Coffee Table,6,1125.96,22,Furniture,South
2023-07-10,Ergonomic Chair,9,2431.89,70,Furniture,Central
2023-07-10,Designer Jeans,5,449.37,170,Apparel,South
2023-07-10,Coffee Table,8,1482.78,48,Furniture,South
2023-07-10,Designer Jeans,4,339.1,175,Apparel,East
2023-07-10,Laptop Pro,2,2634.81,57,Electronics,Central
2023-07-10,Ergonomic Chair,6,1632.69,52,Furniture,South
2023-07-10,Coffee Table,3,508.47,35,Furniture,South
2023-07-10,Running Shoes,6,764.59,127,Apparel,North
2023-07-10,Coffee Table,1,177.88,50,Furniture,East
2023-07-10,SmartPhone X,9,7011.44,116,Electronics,South
2023-07-10,SmartPhone X,5,4072.18,93,Electronics,South
2023-07-10,Winter Jacket,4,664.82,98,Apparel,West
2023-07-10,Multivitamins,9,223.75,320,Health,West
2023-07-10,Yoga Mat,4,150.64,112,Health,South
2023-07-10,Protein Powder,5,195.85,254,Health,East
2023-07-10,Coffee Table,8,1548.41,22,Furniture,East
2023-07-10,Ergonomic Chair,5,1322.03,74,Furniture,South
2023-07-10,Yoga Mat,6,224.88,104,Health,North
2023-07-10,Ergonomic Chair,7,1865.59,52,Furniture,East
2023-07-10,Coffee Table,5,844.92,49,Furniture,South
2023-07-10,SmartPhone X,3,2545.29,89,Electronics,West
2023-07-11,Yoga Mat,5,185.2,115,Health,Central
2023-07-11,Designer Jeans,7,591.16,168,Apparel,East
2023-07-11,Ergonomic Chair,8,2149.45,54,Furniture,East
2023-07-11,Laptop Pro,3,3534.8,72,Electronics,West
2023-07-11,Running Shoes,4,434.83,131,Apparel,East
2023-07-11,Coffee Table,9,1645.3,22,Furniture,North
2023-07-11,Office Desk,7,2467.09,50,Furniture,North
2023-07-11,Protein Powder,7,303.1,238,Health,South
2023-07-11,Coffee Table,2,363.54,42,Furniture,East
2023-07-11,Coffee Table,5,939.55,46,Furniture,East
2023-07-11,Multivitamins,8,195.12,342,Health,North
2023-07-11,Designer Jeans,6,535.74,177,Apparel,Central
2023-07-11,Laptop Pro,7,7597.92,64,Electronics,East
2023-07-11,Yoga Mat,3,100.67,115,Health,Central
2023-07-11,Protein Powder,1,38.5,252,Health,West
2023-07-11,Winter Jacket,6,882.43,88,Apparel,West
2023-07-11,Coffee Table,5,819.77,44,Furniture,Central
2023-07-11,Ergonomic Chair,6,1376.06,68,Furniture,East
2023-07-11,Office Desk,9,2868.16,47,Furniture,North
2023-07-11,Laptop Pro,7,8345.91,83,Electronics,East
2023-07-11,Protein Powder,3,126.48,265,Health,East
2023-07-11,Laptop Pro,6,7681.14,61,Electronics,South
2023-07-11,Multivitamins,5,117.83,319,Health,North
2023-07-11,Laptop Pro,1,1316.21,79,Electronics,North
2023-07-11,Multivitamins,5,137.46,338,Health,North
2023-07-11,Wireless Earbuds,4,639.44,171,Electronics,Central
2023-07-11,Multivitamins,7,169.9,342,Health,North
2023-07-11,Laptop Pro,6,6908.39,67,Electronics,Central
2023-07-12,Wireless Earbuds,5,779.47,180,Electronics,Central
2023-07-12,Office Desk,6,1952.44,45,Furniture,South
2023-07-12,Laptop Pro,6,6630.45,68,Electronics,North
2023-07-12,Winter Jacket,7,1225.77,83,Apparel,West
2023-07-12,Wireless Earbuds,9,1366.91,170,Electronics,North
2023-07-12,Designer Jeans,5,418.58,177,Apparel,Central
2023-07-12,Protein Powder,4,172.4,256,Health,West
2023-07-12,Coffee Table,6,1066.6,45,Furniture,West
2023-07-12,Ergonomic Chair,9,2396.34,73,Furniture,East
2023-07-12,Wireless Earbuds,1,164.71,170,Electronics,South
2023-07-12,Protein Powder,5,197.93,238,Health,South
2023-07-12,Coffee Table,4,713.9,38,Furniture,Central
2023-07-12,Laptop Pro,9,11265.62,67,Electronics,Central
2023-07-12,Wireless Earbuds,4,573.89,165,Electronics,East
2023-07-12,Laptop Pro,7,8092.3,59,Electronics,East
2023-07-12,Winter Jacket,8,1182.98,71,Apparel,Central
2023-07-12,Protein Powder,7,269.68,245,Health,North
2023-07-12,Winter Jacket,5,876.62,89,Apparel,East
2023-07-12,Yoga Mat,1,33.46,100,Health,Central
2023-07-12,Office Desk,3,1006.16,39,Furniture,North
2023-07-13,Office Desk,3,967.34,44,Furniture,Central
2023-07-13,Winter Jacket,1,144.09,90,Apparel,North
2023-07-13,Coffee Table,5,875.4,41,Furniture,East
2023-07-13,Wireless Earbuds,8,1250.5,165,Electronics,East
2023-07-13,Protein Powder,6,255.94,264,Health,West
2023-07-13,Ergonomic Chair,5,1270.97,52,Furniture,East
2023-07-13,Winter Jacket,2,292.74,92,Apparel,East
2023-07-13,Yoga Mat,5,179.05,114,Health,East
2023-07-13,Ergonomic Chair,2,545.05,60,Furniture,North
2023-07-13,Ergonomic Chair,1,243.9,52,Furniture,South
2023-07-13,Office Desk,7,2217.46,30,Furniture,Central
2023-07-13,Wireless Earbuds,6,915.75,164,Electronics,South
2023-07-13,Office Desk,2,727.75,46,Furniture,South
2023-07-13,Protein Powder,4,159.02,250,Health,South
2023-07-13,Designer Jeans,2,181.06,182,Apparel,North
2023-07-13,SmartPhone X,4,3086.3,99,Electronics,Central
2023-07-13,Winter Jacket,7,1194.42,92,Apparel,Central
2023-07-13,Multivitamins,5,121.58,329,Health,East
2023-07-13,Office Desk,2,768.44,54,Furniture,Central
2023-07-13,Yoga Mat,2,64.1,117,Health,North
2023-07-13,Coffee Table,4,700.29,24,Furniture,South
2023-07-13,Office Desk,1,345.86,38,Furniture,South
2023-07-13,Yoga Mat,9,285.63,90,Health,Central
2023-07-14,Laptop Pro,3,3391.48,61,Electronics,North
2023-07-14,SmartPhone X,7,5920.93,117,Electronics,North
2023-07-14,Office Desk,2,636.17,34,Furniture,East
2023-07-14,SmartPhone X,7,5506.36,113,Electronics,East
2023-07-14,Protein Powder,8,294.27,235,Health,North
2023-07-14,Multivitamins,3,72.57,334,Health,West
2023-07-14,Ergonomic Chair,2,474.85,47,Furniture,East
2023-07-14,Yoga Mat,4,140.13,92,Health,South
2023-07-14,SmartPhone X,2,1627.78,102,Electronics,East
2023-07-14,Office Desk,4,1280.24,41,Furniture,South
2023-07-14,Running Shoes,5,619.35,138,Apparel,North
2023-07-14,SmartPhone X,1,790.27,91,Electronics,East
2023-07-14,Coffee Table,8,1437.0,36,Furniture,North
2023-07-14,Designer Jeans,2,193.38,175,Apparel,Central
2023-07-14,Wireless Earbuds,2,282.39,164,Electronics,West
2023-07-14,Coffee Table,6,1044.84,39,Furniture,Central
2023-07-14,Coffee Table,1,171.08,24,Furniture,Central
2023-07-14,Coffee Table,5,882.97,24,Furniture,South
2023-07-14,Running Shoes,9,975.07,124,Apparel,East
2023-07-14,Multivitamins,2,49.21,344,Health,Central
2023-07-14,Winter Jacket,8,1282.75,74,Apparel,East
2023-07-14,Yoga Mat,6,221.22,100,Health,Central
2023-07-14,Wireless Earbuds,2,277.67,168,Electronics,South
2023-07-14,Coffee Table,2,352.58,34,Furniture,South
2023-07-14,Designer Jeans,7,614.31,178,Apparel,North
2023-07-14,Laptop Pro,5,5811.74,78,Electronics,South
2023-07-14,Wireless Earbuds,9,1355.4,176,Electronics,East
2023-07-15,Office Desk,2,698.63,38,Furniture,North
2023-07-15,Protein Powder,5,213.11,238,Health,West
2023-07-15,Wireless Earbuds,3,426.95,159,Electronics,Central
2023-07-15,Ergonomic Chair,8,2079.89,70,Furniture,East
2023-07-15,Running Shoes,5,648.41,122,Apparel,North
2023-07-15,Protein Powder,1,42.8,239,Health,East
2023-07-15,Yoga Mat,6,195.94,111,Health,South
2023-07-15,Laptop Pro,7,8270.77,84,Electronics,East
2023-07-15,Running Shoes,3,352.06,124,Apparel,West
2023-07-15,Coffee Table,5,879.56,24,Furniture,South
2023-07-15,Coffee Table,3,550.3,43,Furniture,East
2023-07-15,Yoga Mat,1,31.83,100,Health,East
2023-07-15,Coffee Table,8,1341.57,26,Furniture,Central
2023-07-15,Coffee Table,2,331.61,32,Furniture,East
2023-07-15,Winter Jacket,7,1069.72,75,Apparel,West
2023-07-16,Laptop Pro,6,6506.68,73,Electronics,East
2023-07-16,Laptop Pro,8,8681.52,78,Electronics,South
2023-07-16,SmartPhone X,8,6401.34,96,Electronics,North
2023-07-16,Office Desk,2,648.5,35,Furniture,East
2023-07-16,Laptop Pro,2,2482.69,78,Electronics,Central
2023-07-16,SmartPhone X,3,2414.76,93,Electronics,Central
2023-07-16,Ergonomic Chair,5,1257.99,47,Furniture,East
2023-07-16,Protein Powder,8,349.08,249,Health,Central
2023-07-16,Multivitamins,5,135.54,330,Health,South
2023-07-16,Designer Jeans,5,422.6,178,Apparel,North
2023-07-16,Yoga Mat,3,111.66,107,Health,West
2023-07-16,Protein Powder,9,342.36,260,Health,East
2023-07-17,Designer Jeans,9,826.24,169,Apparel,West
2023-07-17,Wireless Earbuds,1,156.19,181,Electronics,Central
2023-07-17,Office Desk,3,1040.62,42,Furniture,West
2023-07-17,Yoga Mat,3,102.65,112,Health,North
2023-07-17,Winter Jacket,6,940.44,94,Apparel,South
2023-07-17,Protein Powder,2,87.17,263,Health,West
2023-07-17,Coffee Table,7,1254.08,44,Furniture,East
2023-07-17,Ergonomic Chair,1,228.73,60,Furniture,North
2023-07-17,Protein Powder,4,144.66,236,Health,North
2023-07-17,Yoga Mat,2,68.78,101,Health,West
2023-07-17,Laptop Pro,3,3247.25,78,Electronics,Central
2023-07-17,Winter Jacket,1,147.5,73,Apparel,North
2023-07-17,Laptop Pro,2,2528.25,80,Electronics,Central
2023-07-17,Laptop Pro,3,3888.17,58,Electronics,North
2023-07-17,Yoga Mat,4,129.21,87,Health,North
2023-07-17,Ergonomic Chair,8,1882.7,53,Furniture,East
2023-07-17,Multivitamins,5,125.16,339,Health,West
2023-07-18,Protein Powder,6,262.36,245,Health,North
2023-07-18,Designer Jeans,1,96.57,175,Apparel,Central
2023-07-18,Wireless Earbuds,2,283.07,168,Electronics,Central
2023-07-18,Office Desk,6,2067.14,55,Furniture,North
2023-07-18,Coffee Table,2,359.92,42,Furniture,East
2023-07-18,Laptop Pro,3,3435.74,58,Electronics,North
2023-07-18,Designer Jeans,9,845.39,165,Apparel,East
2023-07-18,Wireless Earbuds,2,316.74,159,Electronics,North
2023-07-18,SmartPhone X,5,4372.94,110,Electronics,West
2023-07-18,SmartPhone X,8,6021.74,92,Electronics,Central
2023-07-18,Coffee Table,4,667.93,24,Furniture,East
2023-07-18,SmartPhone X,5,4197.0,104,Electronics,West
2023-07-18,Ergonomic Chair,7,1753.52,55,Furniture,Central
2023-07-18,Multivitamins,3,77.07,322,Health,West
2023-07-18,Wireless Earbuds,6,815.94,163,Electronics,Central
2023-07-18,Winter Jacket,9,1535.57,80,Apparel,West
2023-07-18,Yoga Mat,6,217.15,99,Health,South
2023-07-18,Yoga Mat,9,342.27,91,Health,East
2023-07-18,Yoga Mat,2,64.49,89,Health,East
2023-07-18,Yoga Mat,3,99.15,98,Health,Central
2023-07-18,Winter Jacket,3,455.3,71,Apparel,East
2023-07-18,Protein Powder,1,37.58,258,Health,North
2023-07-18,Laptop Pro,5,6510.32,77,Electronics,East
2023-07-18,Ergonomic Chair,9,2461.88,55,Furniture,North
2023-07-18,Yoga Mat,2,67.98,94,Health,West
2023-07-19,Ergonomic Chair,6,1576.63,52,Furniture,Central
2023-07-19,Office Desk,3,1045.14,46,Furniture,North
2023-07-19,Designer Jeans,2,168.32,178,Apparel,West
2023-07-19,Ergonomic Chair,8,2117.53,63,Furniture,Central
2023-07-19,Multivitamins,8,190.27,342,Health,Central
2023-07-19,Yoga Mat,5,171.86,90,Health,Central
2023-07-19,Running Shoes,1,129.74,120,Apparel,East
2023-07-19,Winter Jacket,4,696.05,98,Apparel,South
2023-07-19,Wireless Earbuds,2,316.1,155,Electronics,South
2023-07-19,Ergonomic Chair,5,1177.79,46,Furniture,East
2023-07-19,Multivitamins,1,22.89,334,Health,South
2023-07-19,Winter Jacket,2,290.44,79,Apparel,North
2023-07-19,Designer Jeans,4,365.27,152,Apparel,North
2023-07-19,Yoga Mat,9,304.13,89,Health,Central
2023-07-19,Designer Jeans,4,341.06,160,Apparel,West
2023-07-19,Designer Jeans,8,666.84,165,Apparel,East
2023-07-19,Coffee Table,9,1639.4,31,Furniture,East
2023-07-19,Laptop Pro,3,3771.94,64,Electronics,East
2023-07-19,Running Shoes,4,433.51,136,Apparel,West
2023-07-19,Winter Jacket,4,660.66,88,Apparel,North
2023-07-19,Wireless Earbuds,8,1099.97,161,Electronics,East
2023-07-20,Protein Powder,7,294.83,257,Health,West
2023-07-20,Protein Powder,3,120.04,242,Health,East
2023-07-20,Office Desk,4,1441.62,58,Furniture,West
2023-07-20,Designer Jeans,5,466.07,167,Apparel,North
2023-07-20,Protein Powder,3,131.52,251,Health,North
2023-07-20,Running Shoes,2,243.59,135,Apparel,East
2023-07-20,Office Desk,1,361.29,53,Furniture,West
2023-07-20,Coffee Table,7,1315.14,26,Furniture,East
2023-07-20,Designer Jeans,6,498.84,165,Apparel,East
2023-07-20,Protein Powder,1,42.31,241,Health,West
2023-07-20,SmartPhone X,6,4433.61,102,Electronics,West
2023-07-20,Wireless Earbuds,3,475.85,165,Electronics,North
2023-07-20,Laptop Pro,4,5110.41,65,Electronics,West
2023-07-20,Protein Powder,1,42.52,241,Health,North
2023-07-20,Multivitamins,7,178.19,331,Health,East
2023-07-20,Yoga Mat,7,264.8,112,Health,South
2023-07-20,Ergonomic Chair,5,1308.98,59,Furniture,North
2023-07-20,Wireless Earbuds,6,966.48,153,Electronics,South
2023-07-20,Winter Jacket,8,1238.01,93,Apparel,Central
2023-07-21,Office Desk,5,1872.16,30,Furniture,North
2023-07-21,Laptop Pro,9,11157.5,79,Electronics,South
2023-07-21,Multivitamins,7,157.68,327,Health,South
2023-07-21,Coffee Table,5,845.55,34,Furniture,West
2023-07-21,Protein Powder,8,337.18,258,Health,South
2023-07-21,Coffee Table,2,375.28,27,Furniture,North
2023-07-21,Laptop Pro,6,7342.7,66,Electronics,South
2023-07-21,Multivitamins,7,159.54,339,Health,Central
2023-07-21,Laptop Pro,1,1256.26,83,Electronics,Central
2023-07-21,Coffee Table,1,191.6,27,Furniture,Central
2023-07-21,Protein Powder,6,260.94,240,Health,South
2023-07-21,Multivitamins,3,77.6,339,Health,East
2023-07-21,Yoga Mat,4,131.05,102,Health,South
2023-07-21,Laptop Pro,7,7921.99,65,Electronics,Central
2023-07-21,Running Shoes,8,1019.88,138,Apparel,South
2023-07-21,Winter Jacket,2,334.69,86,Apparel,West
2023-07-21,Winter Jacket,9,1359.43,79,Apparel,Central
2023-07-21,Office Desk,4,1376.01,43,Furniture,Central
2023-07-21,Ergonomic Chair,3,736.69,71,Furniture,Central
2023-07-21,Multivitamins,9,217.96,316,Health,West
2023-07-22,Coffee Table,9,1458.08,37,Furniture,North
2023-07-22,Wireless Earbuds,4,584.41,174,Electronics,South
2023-07-22,Wireless Earbuds,1,138.83,159,Electronics,Central
2023-07-22,Running Shoes,3,357.95,136,Apparel,South
2023-07-22,Designer Jeans,2,171.5,163,Apparel,South
2023-07-22,Yoga Mat,1,34.07,101,Health,Central
2023-07-22,Running Shoes,2,230.62,123,Apparel,West
2023-07-22,Laptop Pro,5,5424.57,54,Electronics,East
2023-07-22,Multivitamins,9,226.44,316,Health,East
2023-07-22,Running Shoes,2,263.98,119,Apparel,South
2023-07-22,SmartPhone X,4,3406.86,87,Electronics,South
2023-07-22,Protein Powder,7,264.74,255,Health,South
2023-07-22,Ergonomic Chair,7,1613.01,75,Furniture,West
2023-07-22,SmartPhone X,9,7455.06,93,Electronics,South
2023-07-22,Protein Powder,1,37.59,256,Health,South
2023-07-22,Multivitamins,8,206.45,337,Health,West
2023-07-22,Office Desk,4,1330.98,50,Furniture,East
2023-07-22,Ergonomic Chair,4,953.96,73,Furniture,West
2023-07-22,Winter Jacket,2,316.17,85,Apparel,East
2023-07-23,Wireless Earbuds,3,439.84,170,Electronics,South
2023-07-23,Protein Powder,8,310.37,257,Health,South
2023-07-23,SmartPhone X,7,5786.93,106,Electronics,North
2023-07-23,Laptop Pro,3,3663.42,70,Electronics,West
2023-07-23,Designer Jeans,6,578.61,174,Apparel,North
2023-07-23,Office Desk,6,2042.22,50,Furniture,North
2023-07-23,Winter Jacket,2,295.02,98,Apparel,Central
2023-07-23,Protein Powder,5,193.47,241,Health,North
2023-07-23,Wireless Earbuds,2,325.95,159,Electronics,Central
2023-07-23,Laptop Pro,5,6411.54,55,Electronics,North
2023-07-23,Office Desk,3,1026.85,51,Furniture,East
2023-07-23,Laptop Pro,7,7768.72,77,Electronics,East
2023-07-23,Office Desk,4,1446.24,51,Furniture,South
2023-07-23,SmartPhone X,7,6107.55,108,Electronics,West
2023-07-23,Laptop Pro,3,3473.86,67,Electronics,South
2023-07-23,Winter Jacket,7,1108.89,99,Apparel,Central
2023-07-23,SmartPhone X,1,795.38,115,Electronics,North
2023-07-23,Running Shoes,6,665.94,127,Apparel,South
2023-07-23,Ergonomic Chair,8,2083.27,70,Furniture,North
2023-07-24,Laptop Pro,8,9958.92,57,Electronics,North
2023-07-24,Yoga Mat,2,65.47,100,Health,East
2023-07-24,SmartPhone X,3,2575.54,95,Electronics,Central
2023-07-24,Winter Jacket,6,987.62,81,Apparel,East
2023-07-24,SmartPhone X,4,3366.07,97,Electronics,South
2023-07-24,Office Desk,6,2196.19,37,Furniture,North
2023-07-24,Designer Jeans,2,180.12,161,Apparel,North
2023-07-24,SmartPhone X,8,5768.91,92,Electronics,North
2023-07-24,Laptop Pro,5,5520.97,83,Electronics,East
2023-07-24,Laptop Pro,8,10437.79,81,Electronics,North
2023-07-24,Designer Jeans,8,649.74,177,Apparel,Central
2023-07-24,Office Desk,9,3010.82,41,Furniture,South
2023-07-24,Office Desk,6,2003.5,58,Furniture,North
2023-07-24,Winter Jacket,1,175.22,71,Apparel,North
2023-07-24,Office Desk,1,382.16,48,Furniture,East
2023-07-24,Office Desk,5,1677.03,59,Furniture,Central
2023-07-24,Multivitamins,8,200.77,329,Health,North
2023-07-24,Running Shoes,1,113.4,136,Apparel,Central
2023-07-24,Yoga Mat,8,278.28,100,Health,West
2023-07-25,Multivitamins,3,67.88,331,Health,West
2023-07-25,Coffee Table,4,776.55,34,Furniture,North
2023-07-25,Running Shoes,4,499.16,133,Apparel,North
2023-07-25,Ergonomic Chair,5,1253.01,49,Furniture,North
2023-07-25,SmartPhone X,2,1549.13,115,Electronics,East
2023-07-25,SmartPhone X,6,4825.7,102,Electronics,Central
2023-07-25,Protein Powder,5,190.33,259,Health,East
2023-07-25,SmartPhone X,7,5693.18,93,Electronics,East
2023-07-25,Multivitamins,6,161.32,332,Health,Central
2023-07-25,Coffee Table,2,388.79,44,Furniture,West
2023-07-25,Coffee Table,3,592.96,47,Furniture,East
2023-07-25,SmartPhone X,6,4403.28,89,Electronics,South
2023-07-25,Coffee Table,6,999.86,28,Furniture,South
2023-07-25,Multivitamins,4,102.66,319,Health,East
2023-07-25,Yoga Mat,3,99.94,87,Health,South
2023-07-25,Wireless Earbuds,9,1308.96,174,Electronics,East
2023-07-25,Yoga Mat,6,214.72,99,Health,Central
2023-07-25,Protein Powder,1,39.33,250,Health,South
2023-07-25,Winter Jacket,1,164.81,76,Apparel,West
2023-07-25,Coffee Table,4,698.12,33,Furniture,North
2023-07-25,Coffee Table,9,1775.06,41,Furniture,Central
2023-07-25,Winter Jacket,1,157.32,86,Apparel,North
2023-07-26,Laptop Pro,1,1144.51,71,Electronics,East
2023-07-26,Ergonomic Chair,4,1021.37,53,Furniture,West
2023-07-26,Protein Powder,7,270.91,253,Health,East
2023-07-26,Multivitamins,4,94.45,331,Health,North
2023-07-26,Coffee Table,7,1263.0,24,Furniture,Central
2023-07-26,Ergonomic Chair,2,466.76,62,Furniture,West
2023-07-26,Office Desk,3,1004.82,44,Furniture,West
2023-07-26,Multivitamins,9,206.74,318,Health,East
2023-07-26,Wireless Earbuds,1,138.08,156,Electronics,South
2023-07-26,Winter Jacket,5,840.69,96,Apparel,North
2023-07-26,Laptop Pro,2,2279.7,60,Electronics,Central
2023-07-26,Yoga Mat,6,219.18,100,Health,South
2023-07-26,Winter Jacket,8,1366.36,93,Apparel,Central
2023-07-26,Ergonomic Chair,6,1543.79,52,Furniture,West
2023-07-26,Ergonomic Chair,2,473.23,54,Furniture,East
2023-07-27,Running Shoes,4,443.84,121,Apparel,West
2023-07-27,Wireless Earbuds,4,615.03,174,Electronics,Central
2023-07-27,Yoga Mat,4,145.0,109,Health,North
2023-07-27,Office Desk,7,2220.61,51,Furniture,Central
2023-07-27,Ergonomic Chair,8,2169.85,57,Furniture,West
2023-07-27,Ergonomic Chair,4,1055.96,73,Furniture,Central
2023-07-27,Multivitamins,2,50.19,336,Health,South
2023-07-27,Multivitamins,4,97.83,329,Health,South
2023-07-27,Multivitamins,7,165.91,317,Health,Central
2023-07-27,Wireless Earbuds,4,598.79,178,Electronics,West
2023-07-27,Coffee Table,5,856.38,43,Furniture,West
2023-07-27,Coffee Table,3,583.35,46,Furniture,North
2023-07-27,Laptop Pro,3,3638.54,60,Electronics,South
2023-07-27,Winter Jacket,2,318.36,85,Apparel,Central
2023-07-27,Wireless Earbuds,6,974.79,167,Electronics,Central
2023-07-27,Running Shoes,4,470.84,111,Apparel,West
2023-07-27,Office Desk,8,2776.27,31,Furniture,South
2023-07-27,Coffee Table,3,510.57,34,Furniture,East
2023-07-27,Laptop Pro,6,7091.13,72,Electronics,East
2023-07-27,Multivitamins,5,126.05,318,Health,East
2023-07-27,SmartPhone X,8,6322.76,87,Electronics,Central
2023-07-28,Office Desk,7,2468.91,46,Furniture,West
2023-07-28,SmartPhone X,7,6037.98,92,Electronics,West
2023-07-28,Coffee Table,4,669.24,36,Furniture,Central
2023-07-28,Yoga Mat,4,126.38,110,Health,West
2023-07-28,Laptop Pro,9,10125.24,74,Electronics,Central
2023-07-28,Wireless Earbuds,1,135.56,157,Electronics,South
2023-07-28,Ergonomic Chair,4,945.38,56,Furniture,South
2023-07-28,Running Shoes,4,500.87,130,Apparel,West
2023-07-28,Office Desk,3,996.42,47,Furniture,Central
2023-07-28,Laptop Pro,3,3670.51,61,Electronics,Central
2023-07-28,Designer Jeans,4,385.28,165,Apparel,Central
2023-07-28,Coffee Table,5,983.16,29,Furniture,North
2023-07-28,Coffee Table,7,1317.54,50,Furniture,Central
2023-07-28,Designer Jeans,5,450.47,166,Apparel,Central
2023-07-28,Coffee Table,6,1119.08,28,Furniture,South
2023-07-28,Laptop Pro,2,2587.6,83,Electronics,West
2023-07-28,Protein Powder,7,291.21,259,Health,South
2023-07-29,SmartPhone X,4,3226.8,103,Electronics,West
2023-07-29,Designer Jeans,7,602.65,154,Apparel,West
2023-07-29,Coffee Table,8,1548.04,29,Furniture,Central
2023-07-29,Designer Jeans,6,554.14,151,Apparel,North
2023-07-29,Protein Powder,9,372.39,248,Health,North
2023-07-29,Running Shoes,1,114.28,129,Apparel,Central
2023-07-29,Ergonomic Chair,5,1207.65,72,Furniture,Central
2023-07-29,Coffee Table,3,572.35,34,Furniture,North
2023-07-29,Wireless Earbuds,3,436.23,173,Electronics,East
2023-07-29,Office Desk,1,316.18,36,Furniture,West
2023-07-29,Ergonomic Chair,4,1045.24,70,Furniture,East
2023-07-29,Coffee Table,9,1509.86,26,Furniture,North
2023-07-29,Running Shoes,9,976.3,127,Apparel,North
2023-07-29,Coffee Table,5,855.52,42,Furniture,North
2023-07-30,Ergonomic Chair,2,543.52,47,Furniture,South
2023-07-30,Multivitamins,7,178.08,332,Health,North
2023-07-30,Designer Jeans,7,577.58,153,Apparel,West
2023-07-30,Multivitamins,7,175.51,323,Health,West
2023-07-30,Wireless Earbuds,1,162.79,169,Electronics,South
2023-07-30,Ergonomic Chair,3,818.16,50,Furniture,West
2023-07-30,SmartPhone X,9,6557.76,97,Electronics,North
2023-07-30,Laptop Pro,3,3945.07,58,Electronics,East
2023-07-30,Wireless Earbuds,9,1464.0,175,Electronics,South
2023-07-30,Running Shoes,4,436.66,130,Apparel,Central
2023-07-30,Wireless Earbuds,1,159.01,165,Electronics,North
2023-07-30,Designer Jeans,7,683.62,169,Apparel,East
2023-07-30,Winter Jacket,9,1327.39,94,Apparel,East
2023-07-30,Ergonomic Chair,8,1971.15,68,Furniture,West
2023-07-30,Laptop Pro,4,4914.33,75,Electronics,West
2023-07-30,Winter Jacket,7,1125.01,75,Apparel,North
2023-07-30,Winter Jacket,6,956.94,72,Apparel,North
2023-07-30,Running Shoes,7,902.85,137,Apparel,South
2023-07-30,Running Shoes,6,684.14,124,Apparel,North
2023-07-31,Running Shoes,8,917.62,139,Apparel,East
2023-07-31,Designer Jeans,6,494.38,178,Apparel,North
2023-07-31,Ergonomic Chair,9,2433.62,57,Furniture,West
2023-07-31,Ergonomic Chair,2,478.13,66,Furniture,Central
2023-07-31,Laptop Pro,1,1173.45,61,Electronics,North
2023-07-31,SmartPhone X,8,6371.68,97,Electronics,South
2023-07-31,Running Shoes,5,624.67,132,Apparel,East
2023-07-31,Wireless Earbuds,6,954.09,163,Electronics,South
2023-07-31,Protein Powder,1,42.29,257,Health,East
2023-07-31,Wireless Earbuds,7,957.52,150,Electronics,Central
2023-07-31,Laptop Pro,9,10781.31,74,Electronics,West
2023-07-31,Protein Powder,2,83.39,255,Health,Central
2023-07-31,Coffee Table,8,1392.08,40,Furniture,West
2023-07-31,Multivitamins,9,213.75,315,Health,East
2023-07-31,Wireless Earbuds,4,574.42,179,Electronics,East
2023-07-31,Designer Jeans,6,565.87,158,Apparel,South
2023-07-31,Office Desk,9,3279.02,46,Furniture,South
2023-07-31,Laptop Pro,2,2579.27,67,Electronics,Central
2023-07-31,Wireless Earbuds,8,1205.04,151,Electronics,East
2023-07-31,Wireless Earbuds,4,564.15,169,Electronics,West
2023-07-31,Ergonomic Chair,8,1988.14,70,Furniture,South
2023-07-31,Office Desk,3,1075.75,51,Furniture,West
2023-07-31,Winter Jacket,8,1177.69,73,Apparel,Central
2023-07-31,Ergonomic Chair,7,1883.05,69,Furniture,East
2023-07-31,Protein Powder,3,130.98,237,Health,West
2023-08-01,Coffee Table,1,173.89,31,Furniture,North
2023-08-01,Wireless Earbuds,9,1308.47,153,Electronics,South
2023-08-01,SmartPhone X,6,5095.75,106,Electronics,Central
2023-08-01,Yoga Mat,1,35.38,100,Health,North
2023-08-01,Wireless Earbuds,3,458.24,152,Electronics,North
2023-08-01,SmartPhone X,2,1604.18,111,Electronics,South
2023-08-01,Laptop Pro,3,3799.34,70,Electronics,Central
2023-08-01,Protein Powder,3,124.99,245,Health,North
2023-08-01,SmartPhone X,6,5147.6,106,Electronics,North
2023-08-01,Designer Jeans,3,287.56,170,Apparel,West
2023-08-01,Wireless Earbuds,5,721.43,161,Electronics,North
2023-08-01,Ergonomic Chair,7,1885.23,54,Furniture,West
2023-08-01,SmartPhone X,5,4117.12,93,Electronics,North
2023-08-01,Yoga Mat,4,149.73,104,Health,North
2023-08-01,Winter Jacket,9,1411.19,77,Apparel,South
2023-08-02,Running Shoes,8,958.43,110,Apparel,Central
2023-08-02,SmartPhone X,6,4587.57,109,Electronics,East
2023-08-02,Protein Powder,3,112.7,231,Health,West
2023-08-02,Yoga Mat,2,66.77,107,Health,Central
2023-08-02,Protein Powder,2,74.83,238,Health,East
2023-08-02,Designer Jeans,7,665.94,162,Apparel,East
2023-08-02,Designer Jeans,1,86.2,173,Apparel,South
2023-08-02,Protein Powder,4,170.42,231,Health,South
2023-08-02,SmartPhone X,7,5508.46,112,Electronics,East
2023-08-02,Running Shoes,6,674.99,115,Apparel,North
2023-08-02,Protein Powder,3,122.42,259,Health,East
2023-08-02,Designer Jeans,5,475.29,155,Apparel,West
2023-08-02,Winter Jacket,4,671.58,76,Apparel,Central
2023-08-02,Running Shoes,2,234.07,113,Apparel,South
2023-08-02,Designer Jeans,4,388.04,165,Apparel,West
2023-08-02,Wireless Earbuds,9,1396.0,178,Electronics,West
2023-08-02,Ergonomic Chair,2,516.0,69,Furniture,North
2023-08-02,Multivitamins,8,195.55,335,Health,East
2023-08-02,SmartPhone X,4,3100.43,101,Electronics,North
2023-08-02,Laptop Pro,6,7377.75,59,Electronics,North
2023-08-02,Designer Jeans,2,167.54,179,Apparel,South
2023-08-02,Designer Jeans,7,616.68,173,Apparel,South
2023-08-03,Running Shoes,9,982.43,130,Apparel,North
2023-08-03,Laptop Pro,2,2448.09,71,Electronics,West
2023-08-03,Running Shoes,7,907.69,138,Apparel,South
2023-08-03,Protein Powder,2,76.31,250,Health,North
2023-08-03,Ergonomic Chair,6,1356.07,53,Furniture,North
2023-08-03,Running Shoes,5,603.03,117,Apparel,East
2023-08-03,Coffee Table,8,1558.5,42,Furniture,South
2023-08-03,Designer Jeans,3,262.92,163,Apparel,Central
2023-08-03,Coffee Table,8,1399.83,27,Furniture,West
2023-08-03,Multivitamins,3,75.36,326,Health,South
2023-08-03,Office Desk,8,2902.28,58,Furniture,Central
2023-08-03,Ergonomic Chair,3,744.27,70,Furniture,East
2023-08-03,Protein Powder,1,38.61,247,Health,West
2023-08-03,Designer Jeans,4,376.9,149,Apparel,Central
2023-08-03,Office Desk,3,997.99,51,Furniture,South
2023-08-03,Yoga Mat,5,159.23,95,Health,South
2023-08-03,Office Desk,8,2525.58,38,Furniture,West
2023-08-03,Protein Powder,2,75.94,248,Health,East
2023-08-03,Winter Jacket,1,151.54,73,Apparel,East
2023-08-03,Office Desk,3,1073.55,43,Furniture,West
2023-08-03,Wireless Earbuds,2,305.41,156,Electronics,North
2023-08-03,Designer Jeans,7,571.42,165,Apparel,North
2023-08-03,Multivitamins,4,90.53,333,Health,West
2023-08-03,Office Desk,9,3035.35,56,Furniture,North
2023-08-03,Protein Powder,9,355.08,237,Health,South
2023-08-03,Office Desk,7,2518.39,52,Furniture,East
2023-08-03,Coffee Table,7,1337.6,37,Furniture,Central
2023-08-03,Wireless Earbuds,9,1425.67,149,Electronics,West
2023-08-04,Multivitamins,5,128.01,320,Health,East
2023-08-04,SmartPhone X,6,5030.2,110,Electronics,South
2023-08-04,SmartPhone X,8,6526.87,111,Electronics,Central
2023-08-04,SmartPhone X,6,4406.03,105,Electronics,West
2023-08-04,Wireless Earbuds,2,321.89,178,Electronics,West
2023-08-04,Coffee Table,5,966.16,26,Furniture,East
2023-08-04,Running Shoes,5,608.87,116,Apparel,Central
2023-08-04,Designer Jeans,2,163.95,164,Apparel,South
2023-08-04,Laptop Pro,6,7096.09,69,Electronics,North
2023-08-04,SmartPhone X,9,6610.06,109,Electronics,West
2023-08-04,Multivitamins,7,174.27,314,Health,East
2023-08-04,Coffee Table,4,672.6,29,Furniture,South
2023-08-04,Ergonomic Chair,1,241.03,65,Furniture,North
2023-08-04,Multivitamins,7,174.81,327,Health,Central
2023-08-04,Designer Jeans,7,621.86,168,Apparel,Central
2023-08-05,Protein Powder,7,284.67,235,Health,Central
2023-08-05,Coffee Table,4,721.42,47,Furniture,West
2023-08-05,Designer Jeans,2,162.72,166,Apparel,Central
2023-08-05,Wireless Earbuds,4,541.06,174,Electronics,East
2023-08-05,Wireless Earbuds,6,903.81,157,Electronics,North
2023-08-05,Designer Jeans,9,814.02,163,Apparel,Central
2023-08-05,Office Desk,6,2137.93,30,Furniture,South
2023-08-05,Running Shoes,6,675.65,112,Apparel,North
2023-08-05,Winter Jacket,5,763.45,79,Apparel,South
2023-08-05,Laptop Pro,8,9893.4,64,Electronics,Central
2023-08-05,Coffee Table,6,1149.92,21,Furniture,West
2023-08-05,Coffee Table,7,1359.38,22,Furniture,Central
2023-08-06,SmartPhone X,4,3219.06,94,Electronics,South
2023-08-06,Running Shoes,1,115.7,111,Apparel,East
2023-08-06,Multivitamins,7,174.37,311,Health,Central
2023-08-06,Coffee Table,3,550.12,46,Furniture,Central
2023-08-06,Laptop Pro,9,10790.4,65,Electronics,East
2023-08-06,SmartPhone X,6,4845.83,104,Electronics,West
2023-08-06,Running Shoes,4,440.74,112,Apparel,Central
2023-08-06,Ergonomic Chair,8,1877.48,62,Furniture,West
2023-08-06,Wireless Earbuds,9,1393.55,161,Electronics,East
2023-08-06,Office Desk,2,686.53,30,Furniture,South
2023-08-07,Designer Jeans,6,566.82,164,Apparel,East
2023-08-07,Running Shoes,7,846.14,127,Apparel,East
2023-08-07,Running Shoes,9,1047.23,119,Apparel,South
2023-08-07,Laptop Pro,4,4701.32,80,Electronics,West
2023-08-07,Wireless Earbuds,4,649.35,166,Electronics,Central
2023-08-07,Winter Jacket,9,1439.3,82,Apparel,North
2023-08-07,Protein Powder,7,258.15,251,Health,South
2023-08-07,SmartPhone X,4,3495.87,110,Electronics,West
2023-08-07,Office Desk,1,373.67,50,Furniture,West
2023-08-07,SmartPhone X,6,4519.99,102,Electronics,West
2023-08-07,Designer Jeans,8,727.93,163,Apparel,North
2023-08-07,Running Shoes,5,576.52,110,Apparel,Central
2023-08-07,Protein Powder,4,174.7,236,Health,East
2023-08-07,Winter Jacket,6,1008.98,77,Apparel,North
2023-08-07,Winter Jacket,4,609.99,69,Apparel,East
2023-08-07,Protein Powder,2,86.31,235,Health,North
2023-08-07,SmartPhone X,9,7840.97,112,Electronics,East
2023-08-07,Office Desk,6,1921.15,37,Furniture,Central
2023-08-07,Yoga Mat,3,104.13,111,Health,Central
2023-08-07,Winter Jacket,5,782.79,75,Apparel,East
2023-08-07,Coffee Table,9,1642.4,25,Furniture,Central
2023-08-07,Winter Jacket,4,599.14,83,Apparel,East
2023-08-07,Yoga Mat,8,276.98,110,Health,East
2023-08-07,Laptop Pro,1,1291.69,54,Electronics,East
2023-08-07,Laptop Pro,9,11127.22,62,Electronics,West
2023-08-08,Office Desk,6,2185.93,51,Furniture,West
2023-08-08,Laptop Pro,7,9086.93,79,Electronics,East
2023-08-08,Office Desk,8,2634.57,48,Furniture,East
2023-08-08,Coffee Table,7,1137.52,27,Furniture,Central
2023-08-08,Yoga Mat,3,109.31,96,Health,West
2023-08-08,Winter Jacket,7,1220.96,74,Apparel,South
2023-08-08,Winter Jacket,9,1300.28,81,Apparel,East
2023-08-08,Laptop Pro,7,7800.34,69,Electronics,North
2023-08-08,Laptop Pro,1,1104.96,54,Electronics,East
2023-08-08,SmartPhone X,8,5851.14,102,Electronics,East
2023-08-08,Wireless Earbuds,8,1138.39,169,Electronics,West
2023-08-08,SmartPhone X,2,1745.63,98,Electronics,Central
2023-08-08,Multivitamins,7,188.25,330,Health,North
2023-08-08,Office Desk,7,2561.42,53,Furniture,North
2023-08-08,SmartPhone X,4,2998.0,102,Electronics,West
2023-08-08,Designer Jeans,3,251.95,154,Apparel,North
2023-08-08,Winter Jacket,5,853.24,82,Apparel,North
2023-08-08,Coffee Table,2,376.4,36,Furniture,Central
2023-08-08,Wireless Earbuds,8,1238.25,154,Electronics,North
2023-08-08,Wireless Earbuds,9,1468.85,165,Electronics,East
2023-08-08,Ergonomic Chair,9,2462.63,58,Furniture,North
2023-08-08,Yoga Mat,9,295.81,99,Health,East
2023-08-09,Running Shoes,2,248.58,109,Apparel,South
2023-08-09,Running Shoes,4,517.23,135,Apparel,North
2023-08-09,Protein Powder,8,313.26,255,Health,West
2023-08-09,Designer Jeans,8,723.52,148,Apparel,Central
2023-08-09,Winter Jacket,4,646.76,84,Apparel,North
2023-08-09,SmartPhone X,5,4083.1,107,Electronics,North
2023-08-09,Multivitamins,2,48.64,325,Health,North
2023-08-09,Multivitamins,8,199.46,325,Health,Central
2023-08-09,Wireless Earbuds,1,140.86,177,Electronics,Central
2023-08-09,Running Shoes,4,436.27,116,Apparel,North
2023-08-09,Multivitamins,8,198.06,325,Health,Central
2023-08-09,Yoga Mat,6,225.84,91,Health,North
2023-08-09,Winter Jacket,9,1444.46,90,Apparel,South
2023-08-09,Yoga Mat,4,144.24,85,Health,Central
2023-08-09,Coffee Table,1,185.28,41,Furniture,West
2023-08-09,Ergonomic Chair,3,725.86,61,Furniture,West
2023-08-09,Wireless Earbuds,8,1304.29,156,Electronics,Central
2023-08-09,Protein Powder,8,335.34,244,Health,North
2023-08-09,Ergonomic Chair,3,714.08,61,Furniture,North
2023-08-09,Yoga Mat,1,32.32,90,Health,Central
2023-08-09,Coffee Table,2,367.01,45,Furniture,East
2023-08-09,Multivitamins,6,158.14,318,Health,South
2023-08-09,Office Desk,3,989.93,34,Furniture,Central
2023-08-09,Yoga Mat,4,148.24,94,Health,South
2023-08-09,Yoga Mat,2,70.03,87,Health,North
2023-08-09,Office Desk,9,3280.26,53,Furniture,South
2023-08-09,Designer Jeans,6,495.18,161,Apparel,North
2023-08-09,Office Desk,9,2840.55,49,Furniture,North
2023-08-09,Yoga Mat,6,210.38,93,Health,South
2023-08-10,Yoga Mat,5,182.25,85,Health,Central
2023-08-10,SmartPhone X,5,3756.94,110,Electronics,Central
2023-08-10,Yoga Mat,6,203.65,98,Health,East
2023-08-10,Running Shoes,5,551.63,133,Apparel,East
2023-08-10,Ergonomic Chair,5,1334.31,60,Furniture,West
2023-08-10,Laptop Pro,7,8665.25,64,Electronics,West
2023-08-10,Coffee Table,3,526.22,26,Furniture,Central
2023-08-10,Protein Powder,3,122.3,231,Health,Central
2023-08-10,Ergonomic Chair,9,2078.09,66,Furniture,South
2023-08-10,Designer Jeans,5,468.51,158,Apparel,East
2023-08-10,Office Desk,3,977.74,49,Furniture,South
2023-08-10,Office Desk,8,2924.33,38,Furniture,West
2023-08-10,Ergonomic Chair,2,463.47,63,Furniture,North
2023-08-10,Running Shoes,4,442.25,116,Apparel,Central
2023-08-10,Ergonomic Chair,6,1502.16,53,Furniture,North
2023-08-10,Running Shoes,9,994.99,126,Apparel,North
2023-08-10,Running Shoes,5,547.18,112,Apparel,North
2023-08-10,Office Desk,5,1767.13,44,Furniture,West
2023-08-10,Protein Powder,9,365.4,240,Health,North
2023-08-10,Wireless Earbuds,6,927.16,167,Electronics,East
2023-08-10,Office Desk,8,2998.58,29,Furniture,North
2023-08-10,Multivitamins,1,23.96,336,Health,North
2023-08-10,Multivitamins,6,160.66,313,Health,East
2023-08-10,Winter Jacket,7,1207.16,70,Apparel,West
2023-08-10,Winter Jacket,2,319.57,82,Apparel,North
2023-08-10,Ergonomic Chair,5,1151.12,49,Furniture,South
2023-08-10,Designer Jeans,5,468.79,151,Apparel,South
2023-08-11,Winter Jacket,3,490.19,70,Apparel,Central
2023-08-11,Running Shoes,8,929.19,132,Apparel,West
2023-08-11,Designer Jeans,8,720.94,175,Apparel,Central
2023-08-11,Coffee Table,9,1521.6,38,Furniture,North
2023-08-11,Multivitamins,8,194.74,331,Health,Central
2023-08-11,Running Shoes,2,245.86,124,Apparel,North
2023-08-11,Office Desk,7,2342.63,38,Furniture,South
2023-08-11,Laptop Pro,5,5764.93,71,Electronics,North
2023-08-11,Coffee Table,3,496.83,24,Furniture,West
2023-08-11,Yoga Mat,3,103.65,87,Health,Central
2023-08-11,Laptop Pro,4,4708.95,72,Electronics,South
2023-08-11,Yoga Mat,8,285.21,103,Health,Central
2023-08-11,Yoga Mat,3,108.04,85,Health,North
2023-08-11,Ergonomic Chair,2,523.16,70,Furniture,North
2023-08-11,Ergonomic Chair,2,533.45,66,Furniture,North
2023-08-11,Office Desk,8,2862.84,29,Furniture,North
2023-08-11,Laptop Pro,9,9862.92,70,Electronics,North
2023-08-11,Yoga Mat,3,114.57,103,Health,North
2023-08-11,Laptop Pro,8,9922.51,62,Electronics,Central
2023-08-11,Office Desk,7,2593.16,32,Furniture,West
2023-08-11,Multivitamins,6,144.0,314,Health,South
2023-08-11,SmartPhone X,7,5504.26,89,Electronics,Central
2023-08-11,Protein Powder,7,252.32,240,Health,North
2023-08-11,Protein Powder,8,306.81,256,Health,South
2023-08-11,Protein Powder,2,81.92,238,Health,North
2023-08-11,Protein Powder,2,72.96,254,Health,West
2023-08-11,Laptop Pro,2,2468.65,67,Electronics,Central
2023-08-11,Multivitamins,2,50.95,323,Health,East
2023-08-11,Designer Jeans,4,339.46,150,Apparel,North
2023-08-12,SmartPhone X,1,812.33,102,Electronics,East
2023-08-12,Yoga Mat,4,150.18,106,Health,Central
2023-08-12,Laptop Pro,3,3390.4,79,Electronics,Central
2023-08-12,Laptop Pro,7,7654.21,58,Electronics,North
2023-08-12,Wireless Earbuds,4,542.43,157,Electronics,North
2023-08-12,Designer Jeans,5,464.55,158,Apparel,South
2023-08-12,Ergonomic Chair,7,1687.0,61,Furniture,South
2023-08-12,Wireless Earbuds,2,310.81,165,Electronics,South
2023-08-12,Ergonomic Chair,3,810.88,55,Furniture,East
2023-08-12,Protein Powder,9,337.47,251,Health,North
2023-08-12,SmartPhone X,3,2572.2,110,Electronics,Central
2023-08-12,Winter Jacket,5,832.38,82,Apparel,Central
2023-08-12,Designer Jeans,2,192.71,165,Apparel,Central
2023-08-12,Running Shoes,3,377.58,109,Apparel,North
2023-08-12,Office Desk,2,710.77,51,Furniture,East
2023-08-12,Winter Jacket,6,939.02,90,Apparel,West
2023-08-13,Office Desk,1,361.79,54,Furniture,East
2023-08-13,Laptop Pro,8,10356.11,79,Electronics,North
2023-08-13,Coffee Table,4,693.64,34,Furniture,South
2023-08-13,Ergonomic Chair,4,1038.52,53,Furniture,North
2023-08-13,Protein Powder,5,215.15,254,Health,North
2023-08-13,Yoga Mat,8,302.74,110,Health,South
2023-08-13,Running Shoes,9,1026.81,113,Apparel,East
2023-08-13,Laptop Pro,5,5484.28,60,Electronics,East
2023-08-13,Running Shoes,9,1009.79,132,Apparel,East
2023-08-13,Laptop Pro,9,11525.1,60,Electronics,North
2023-08-13,Coffee Table,3,561.45,39,Furniture,South
2023-08-13,Laptop Pro,7,8507.66,71,Electronics,West
2023-08-14,Multivitamins,1,25.46,315,Health,South
2023-08-14,Protein Powder,7,301.11,228,Health,South
2023-08-14,Designer Jeans,2,174.85,166,Apparel,Central
2023-08-14,Yoga Mat,6,229.33,98,Health,North
2023-08-14,Laptop Pro,7,9029.96,75,Electronics,South
2023-08-14,Yoga Mat,4,131.42,93,Health,East
2023-08-14,Multivitamins,7,182.1,308,Health,Central
2023-08-14,Office Desk,4,1280.07,31,Furniture,West
2023-08-14,Coffee Table,5,816.11,24,Furniture,Central
2023-08-14,Laptop Pro,1,1191.83,53,Electronics,South
2023-08-14,Protein Powder,6,249.93,237,Health,Central
2023-08-14,Designer Jeans,1,81.04,159,Apparel,South
2023-08-14,SmartPhone X,6,4410.4,97,Electronics,East
2023-08-14,Coffee Table,6,1108.18,32,Furniture,East
2023-08-14,Laptop Pro,4,4386.23,58,Electronics,South
2023-08-14,Designer Jeans,4,342.66,175,Apparel,South
2023-08-14,Ergonomic Chair,8,2176.96,51,Furniture,South
2023-08-14,Office Desk,9,3031.04,33,Furniture,West
2023-08-14,Wireless Earbuds,1,158.18,154,Electronics,East
2023-08-14,Office Desk,1,316.62,57,Furniture,East
2023-08-14,Wireless Earbuds,1,160.98,162,Electronics,East
2023-08-14,Designer Jeans,4,354.41,154,Apparel,West
2023-08-14,Protein Powder,5,194.89,242,Health,Central
2023-08-15,Designer Jeans,7,578.21,152,Apparel,South
2023-08-15,Wireless Earbuds,6,818.74,161,Electronics,Central
2023-08-15,Multivitamins,2,47.21,325,Health,Central
2023-08-15,Protein Powder,5,192.03,227,Health,Central
2023-08-15,Coffee Table,1,171.64,24,Furniture,South
2023-08-15,Multivitamins,3,81.95,306,Health,East
2023-08-15,Ergonomic Chair,4,902.65,63,Furniture,West
2023-08-15,Designer Jeans,9,849.41,159,Apparel,North
2023-08-15,Wireless Earbuds,3,434.66,160,Electronics,Central
2023-08-15,Winter Jacket,8,1310.22,90,Apparel,North
2023-08-15,Winter Jacket,6,939.27,75,Apparel,East
2023-08-15,Ergonomic Chair,3,759.0,72,Furniture,Central
2023-08-15,Ergonomic Chair,7,1801.34,57,Furniture,West
2023-08-15,Protein Powder,7,296.49,254,Health,South
2023-08-15,Winter Jacket,3,483.52,91,Apparel,North
2023-08-15,Coffee Table,4,732.75,25,Furniture,West
2023-08-15,Designer Jeans,3,296.42,160,Apparel,Central
2023-08-15,Winter Jacket,4,581.89,90,Apparel,West
2023-08-15,Office Desk,9,3445.67,31,Furniture,Central
2023-08-15,Yoga Mat,3,107.82,111,Health,North
2023-08-15,Laptop Pro,2,2474.77,68,Electronics,Central
2023-08-15,Running Shoes,1,108.73,112,Apparel,West
2023-08-15,Protein Powder,9,336.42,249,Health,South
2023-08-15,Office Desk,9,3168.15,41,Furniture,South
2023-08-15,Coffee Table,5,830.67,41,Furniture,South
2023-08-15,Multivitamins,3,77.19,323,Health,South
2023-08-15,Protein Powder,5,215.56,246,Health,West
2023-08-15,Winter Jacket,6,987.56,79,Apparel,East
2023-08-15,Ergonomic Chair,6,1473.15,46,Furniture,North
2023-08-16,Multivitamins,3,81.73,309,Health,East
2023-08-16,Multivitamins,6,146.47,324,Health,Central
2023-08-16,Designer Jeans,2,171.22,172,Apparel,West
2023-08-16,Yoga Mat,8,272.41,106,Health,South
2023-08-16,Multivitamins,6,163.26,320,Health,North
2023-08-16,Multivitamins,5,128.0,320,Health,East
2023-08-16,Ergonomic Chair,2,466.0,63,Furniture,West
2023-08-16,Wireless Earbuds,6,950.78,155,Electronics,Central
2023-08-16,SmartPhone X,5,3729.62,94,Electronics,West
2023-08-16,Multivitamins,2,47.4,318,Health,Central
2023-08-16,SmartPhone X,5,4354.44,112,Electronics,South
2023-08-16,SmartPhone X,2,1652.07,100,Electronics,North
2023-08-16,Designer Jeans,4,342.16,161,Apparel,South
2023-08-16,Protein Powder,3,126.28,233,Health,East
2023-08-16,Wireless Earbuds,6,906.11,163,Electronics,East
2023-08-16,Protein Powder,5,182.6,240,Health,North
2023-08-16,Yoga Mat,1,36.53,106,Health,North
2023-08-16,Running Shoes,4,467.74,118,Apparel,West
2023-08-16,Wireless Earbuds,6,859.27,155,Electronics,South
2023-08-16,Wireless Earbuds,3,422.95,150,Electronics,South
2023-08-16,Office Desk,5,1774.17,54,Furniture,Central
2023-08-16,Winter Jacket,8,1235.41,86,Apparel,East
2023-08-17,Ergonomic Chair,6,1555.71,70,Furniture,South
2023-08-17,Winter Jacket,4,655.57,68,Apparel,South
2023-08-17,Designer Jeans,6,547.46,167,Apparel,West
2023-08-17,Winter Jacket,5,798.09,82,Apparel,East
2023-08-17,Coffee Table,2,340.35,33,Furniture,West
2023-08-17,SmartPhone X,5,4085.17,105,Electronics,South
2023-08-17,Wireless Earbuds,2,324.1,152,Electronics,North
2023-08-17,Multivitamins,8,189.13,331,Health,East
2023-08-17,Multivitamins,6,139.25,323,Health,North
2023-08-17,Multivitamins,2,51.61,324,Health,East
2023-08-17,Laptop Pro,7,8053.74,68,Electronics,West
2023-08-17,Protein Powder,1,36.42,242,Health,Central
2023-08-17,Wireless Earbuds,8,1303.64,149,Electronics,South
2023-08-17,Winter Jacket,1,157.67,93,Apparel,East
2023-08-17,Coffee Table,7,1364.62,28,Furniture,East
2023-08-17,Designer Jeans,7,620.37,159,Apparel,North
2023-08-17,SmartPhone X,8,6966.75,112,Electronics,West
2023-08-17,SmartPhone X,7,5532.96,93,Electronics,East
2023-08-17,Office Desk,1,361.03,57,Furniture,South
2023-08-17,Ergonomic Chair,3,679.66,49,Furniture,Central
2023-08-17,Laptop Pro,6,7145.99,54,Electronics,South
2023-08-17,Yoga Mat,6,198.7,88,Health,North
2023-08-17,Protein Powder,9,336.31,243,Health,Central
2023-08-17,Laptop Pro,6,7163.1,72,Electronics,North
2023-08-17,Coffee Table,6,1100.67,31,Furniture,South
2023-08-17,Ergonomic Chair,9,2428.67,68,Furniture,South
2023-08-17,Protein Powder,7,270.4,254,Health,West
2023-08-17,Winter Jacket,5,723.98,94,Apparel,South
2023-08-17,Yoga Mat,9,308.69,113,Health,South
2023-08-18,Ergonomic Chair,8,1921.05,55,Furniture,West
2023-08-18,Yoga Mat,7,232.79,87,Health,Central
2023-08-18,Winter Jacket,7,1054.6,80,Apparel,West
2023-08-18,Multivitamins,5,135.82,333,Health,South
2023-08-18,Yoga Mat,7,227.84,109,Health,South
2023-08-18,Designer Jeans,7,581.33,169,Apparel,North
2023-08-18,Ergonomic Chair,7,1590.47,71,Furniture,East
2023-08-18,Wireless Earbuds,3,473.9,164,Electronics,East
2023-08-18,Multivitamins,2,47.45,323,Health,East
2023-08-18,Coffee Table,6,1108.89,46,Furniture,West
2023-08-18,Office Desk,7,2506.41,46,Furniture,South
2023-08-18,Wireless Earbuds,4,624.85,168,Electronics,Central
2023-08-18,Yoga Mat,5,168.63,91,Health,East
2023-08-18,Ergonomic Chair,5,1307.68,66,Furniture,East
2023-08-18,Laptop Pro,9,11522.04,58,Electronics,West
2023-08-18,Laptop Pro,9,10605.95,53,Electronics,Central
2023-08-18,Multivitamins,4,92.33,307,Health,West
2023-08-19,Protein Powder,8,295.43,238,Health,South
2023-08-19,Office Desk,4,1342.77,45,Furniture,North
2023-08-19,Yoga Mat,8,307.31,97,Health,South
2023-08-19,Coffee Table,5,954.44,28,Furniture,North
2023-08-19,Ergonomic Chair,5,1241.22,53,Furniture,South
2023-08-19,Wireless Earbuds,8,1281.19,148,Electronics,Central
2023-08-19,Multivitamins,1,25.82,323,Health,North
2023-08-19,Ergonomic Chair,1,263.61,60,Furniture,Central
2023-08-19,SmartPhone X,2,1444.23,88,Electronics,Central
2023-08-19,Designer Jeans,9,882.12,147,Apparel,North
2023-08-19,Coffee Table,3,533.8,23,Furniture,North
2023-08-20,Multivitamins,6,160.02,332,Health,East
2023-08-20,Office Desk,4,1464.34,45,Furniture,South
2023-08-20,Designer Jeans,2,178.67,147,Apparel,South
2023-08-20,Coffee Table,2,385.86,47,Furniture,North
2023-08-20,Winter Jacket,8,1282.56,83,Apparel,East
2023-08-20,Wireless Earbuds,4,599.22,172,Electronics,West
2023-08-20,Wireless Earbuds,3,444.41,154,Electronics,North
2023-08-20,Yoga Mat,5,178.38,88,Health,West
2023-08-20,Office Desk,1,327.97,32,Furniture,East
2023-08-20,Ergonomic Chair,3,773.05,71,Furniture,West
2023-08-21,Laptop Pro,7,7745.71,58,Electronics,South
2023-08-21,Winter Jacket,8,1302.98,90,Apparel,Central
2023-08-21,Yoga Mat,2,63.24,93,Health,Central
2023-08-21,Protein Powder,6,252.12,226,Health,Central
2023-08-21,Running Shoes,6,708.43,122,Apparel,West
2023-08-21,Protein Powder,1,38.8,249,Health,Central
2023-08-21,Multivitamins,8,217.32,307,Health,South
2023-08-21,SmartPhone X,5,3946.46,94,Electronics,South
2023-08-21,Running Shoes,4,475.21,120,Apparel,East
2023-08-21,Ergonomic Chair,3,745.05,63,Furniture,North
2023-08-21,Coffee Table,2,338.35,22,Furniture,West
2023-08-21,Multivitamins,1,24.4,323,Health,South
2023-08-21,Office Desk,3,1097.19,29,Furniture,West
2023-08-21,Designer Jeans,8,693.12,170,Apparel,North
2023-08-21,Designer Jeans,4,355.41,147,Apparel,East
2023-08-21,Yoga Mat,3,107.39,92,Health,Central
2023-08-21,Yoga Mat,6,215.63,105,Health,North
2023-08-21,Ergonomic Chair,3,715.38,72,Furniture,South
2023-08-21,SmartPhone X,8,5948.51,106,Electronics,North
2023-08-21,Designer Jeans,8,774.89,151,Apparel,North
2023-08-21,Protein Powder,4,171.12,249,Health,South
2023-08-21,SmartPhone X,5,3990.96,91,Electronics,West
2023-08-21,Protein Powder,7,299.34,233,Health,East
2023-08-21,Laptop Pro,4,4415.51,65,Electronics,Central
2023-08-21,Running Shoes,9,1117.9,119,Apparel,North
2023-08-21,Designer Jeans,8,746.36,154,Apparel,Central
2023-08-22,Multivitamins,3,78.87,322,Health,East
2023-08-22,Yoga Mat,3,109.29,92,Health,North
2023-08-22,SmartPhone X,1,870.7,102,Electronics,South
2023-08-22,Winter Jacket,6,1023.61,90,Apparel,North
2023-08-22,Ergonomic Chair,8,1840.08,47,Furniture,South
2023-08-22,Protein Powder,4,155.84,253,Health,Central
2023-08-22,Coffee Table,4,764.38,33,Furniture,East
2023-08-22,Laptop Pro,2,2622.22,52,Electronics,West
2023-08-22,Designer Jeans,6,581.79,147,Apparel,Central
2023-08-22,Designer Jeans,4,388.85,172,Apparel,West
2023-08-22,Office Desk,6,2118.9,30,Furniture,East
2023-08-22,Office Desk,7,2422.52,58,Furniture,North
2023-08-22,Running Shoes,8,1023.67,119,Apparel,North
2023-08-22,Running Shoes,7,825.66,109,Apparel,Central
2023-08-22,Wireless Earbuds,2,280.46,168,Electronics,East
2023-08-22,Coffee Table,7,1265.64,40,Furniture,East
2023-08-22,Running Shoes,8,988.44,126,Apparel,North
2023-08-22,Coffee Table,2,364.39,21,Furniture,North
2023-08-22,Coffee Table,4,728.17,45,Furniture,South
2023-08-22,Winter Jacket,9,1376.44,84,Apparel,West
2023-08-22,SmartPhone X,5,3706.72,105,Electronics,Central
2023-08-22,Laptop Pro,6,7714.93,77,Electronics,East
2023-08-22,Laptop Pro,4,4526.86,80,Electronics,East
2023-08-22,Protein Powder,9,355.18,236,Health,West
2023-08-22,Winter Jacket,4,628.11,84,Apparel,South
2023-08-23,Coffee Table,6,1096.22,37,Furniture,North
2023-08-23,Laptop Pro,4,4693.56,65,Electronics,North
2023-08-23,Wireless Earbuds,5,761.51,149,Electronics,Central
2023-08-23,Laptop Pro,3,3726.43,78,Electronics,West
2023-08-23,Running Shoes,4,478.32,127,Apparel,Central
2023-08-23,Coffee Table,7,1377.98,41,Furniture,East
2023-08-23,Multivitamins,9,227.12,330,Health,South
2023-08-23,SmartPhone X,3,2351.33,96,Electronics,South
2023-08-23,Office Desk,6,2309.72,29,Furniture,South
2023-08-23,Multivitamins,1,26.92,329,Health,North
2023-08-23,Office Desk,4,1506.31,50,Furniture,Central
2023-08-23,Wireless Earbuds,6,838.87,154,Electronics,South
2023-08-23,Ergonomic Chair,7,1792.42,66,Furniture,Central
2023-08-23,Protein Powder,2,86.9,246,Health,West
2023-08-23,Wireless Earbuds,3,440.72,159,Electronics,Central
2023-08-23,SmartPhone X,3,2340.31,86,Electronics,South
2023-08-23,Coffee Table,7,1369.82,46,Furniture,East
2023-08-23,Designer Jeans,4,375.03,161,Apparel,Central
2023-08-23,Designer Jeans,2,187.65,163,Apparel,North
2023-08-23,Wireless Earbuds,8,1140.59,169,Electronics,West
2023-08-23,Wireless Earbuds,1,141.0,155,Electronics,Central
2023-08-24,Wireless Earbuds,6,972.22,146,Electronics,Central
2023-08-24,Designer Jeans,3,288.98,148,Apparel,East
2023-08-24,Wireless Earbuds,2,302.81,168,Electronics,South
2023-08-24,Laptop Pro,8,9291.02,76,Electronics,West
2023-08-24,Protein Powder,4,147.26,248,Health,Central
2023-08-24,Office Desk,1,336.11,52,Furniture,Central
2023-08-24,Running Shoes,5,653.41,111,Apparel,West
2023-08-24,Yoga Mat,1,35.46,105,Health,South
2023-08-24,SmartPhone X,7,5983.01,102,Electronics,North
2023-08-24,SmartPhone X,7,5627.54,87,Electronics,North
2023-08-24,Protein Powder,2,77.4,242,Health,Central
2023-08-24,SmartPhone X,8,6165.61,103,Electronics,East
2023-08-24,Laptop Pro,9,10448.77,80,Electronics,North
2023-08-24,Coffee Table,6,982.04,31,Furniture,North
2023-08-24,Laptop Pro,3,3667.59,74,Electronics,West
2023-08-24,Designer Jeans,5,477.75,151,Apparel,Central
2023-08-24,Designer Jeans,1,82.57,151,Apparel,North
2023-08-24,Ergonomic Chair,3,810.65,69,Furniture,South
2023-08-25,Multivitamins,2,50.72,322,Health,North
2023-08-25,Wireless Earbuds,3,414.81,174,Electronics,North
2023-08-25,Winter Jacket,7,1087.62,71,Apparel,West
2023-08-25,Yoga Mat,3,105.21,102,Health,East
2023-08-25,Running Shoes,4,482.45,113,Apparel,Central
2023-08-25,Winter Jacket,5,863.96,74,Apparel,West
2023-08-25,Office Desk,1,371.82,31,Furniture,South
2023-08-25,Running Shoes,2,223.25,135,Apparel,West
2023-08-25,Protein Powder,6,247.5,238,Health,South
2023-08-25,Wireless Earbuds,8,1156.4,171,Electronics,South
2023-08-25,Wireless Earbuds,2,312.2,148,Electronics,North
2023-08-25,Winter Jacket,9,1397.22,88,Apparel,South
2023-08-25,Winter Jacket,3,440.42,69,Apparel,West
2023-08-25,Designer Jeans,6,578.4,154,Apparel,North
2023-08-25,Wireless Earbuds,5,794.84,147,Electronics,South
2023-08-25,Running Shoes,6,761.15,127,Apparel,West
2023-08-25,Wireless Earbuds,2,311.97,167,Electronics,West
2023-08-25,Running Shoes,8,1021.27,130,Apparel,North
2023-08-25,Yoga Mat,4,148.15,108,Health,West
2023-08-25,Office Desk,7,2485.77,37,Furniture,West
2023-08-25,Running Shoes,7,802.54,106,Apparel,East
2023-08-25,Designer Jeans,4,356.4,160,Apparel,East
2023-08-25,Ergonomic Chair,2,478.16,59,Furniture,West
2023-08-26,Running Shoes,8,1033.86,106,Apparel,West
2023-08-26,Wireless Earbuds,9,1383.38,157,Electronics,West
2023-08-26,Multivitamins,1,23.11,308,Health,North
2023-08-26,Laptop Pro,6,7206.69,62,Electronics,Central
2023-08-26,Winter Jacket,8,1158.19,73,Apparel,East
2023-08-26,Coffee Table,7,1266.65,45,Furniture,North
2023-08-26,SmartPhone X,2,1700.73,92,Electronics,South
2023-08-26,SmartPhone X,3,2438.6,97,Electronics,West
2023-08-26,Designer Jeans,2,189.44,165,Apparel,Central
2023-08-26,Laptop Pro,2,2186.1,68,Electronics,Central
2023-08-26,Designer Jeans,5,478.24,172,Apparel,West
2023-08-26,Running Shoes,5,647.02,131,Apparel,Central
2023-08-26,Coffee Table,9,1527.91,48,Furniture,Central
2023-08-26,Coffee Table,6,1096.04,40,Furniture,North
2023-08-26,Yoga Mat,1,36.32,111,Health,North
2023-08-26,Laptop Pro,1,1292.2,78,Electronics,West
2023-08-27,Protein Powder,9,389.2,240,Health,South
2023-08-27,Multivitamins,2,47.2,322,Health,Central
2023-08-27,Running Shoes,1,121.89,113,Apparel,West
2023-08-27,Designer Jeans,9,742.01,146,Apparel,North
2023-08-27,Multivitamins,9,236.19,320,Health,Central
2023-08-27,Running Shoes,9,997.57,117,Apparel,North
2023-08-27,Wireless Earbuds,9,1241.49,174,Electronics,Central
2023-08-27,Yoga Mat,9,294.41,87,Health,South
2023-08-27,Protein Powder,8,347.39,231,Health,East
2023-08-27,SmartPhone X,7,5415.04,101,Electronics,West
2023-08-28,Coffee Table,7,1361.15,50,Furniture,North
2023-08-28,Designer Jeans,5,416.87,161,Apparel,Central
2023-08-28,Office Desk,7,2257.24,50,Furniture,West
2023-08-28,SmartPhone X,2,1562.28,86,Electronics,West
2023-08-28,Office Desk,2,639.77,28,Furniture,South
2023-08-28,Wireless Earbuds,2,281.81,147,Electronics,East
2023-08-28,Office Desk,1,352.58,29,Furniture,East
2023-08-28,Wireless Earbuds,9,1287.56,169,Electronics,South
2023-08-28,Office Desk,7,2270.98,48,Furniture,North
2023-08-28,Winter Jacket,5,769.82,92,Apparel,East
2023-08-28,Designer Jeans,3,246.24,164,Apparel,North
2023-08-28,Protein Powder,2,87.58,242,Health,East
2023-08-28,Yoga Mat,5,186.27,109,Health,North
2023-08-28,Wireless Earbuds,1,138.12,146,Electronics,West
2023-08-28,SmartPhone X,7,5273.9,103,Electronics,West
2023-08-28,SmartPhone X,5,3980.18,103,Electronics,East
2023-08-28,Winter Jacket,3,500.02,84,Apparel,South
2023-08-28,Ergonomic Chair,4,1028.88,67,Furniture,West
2023-08-29,Wireless Earbuds,3,458.25,149,Electronics,East
2023-08-29,SmartPhone X,3,2637.33,89,Electronics,East
2023-08-29,SmartPhone X,1,745.96,96,Electronics,North
2023-08-29,SmartPhone X,2,1459.38,88,Electronics,South
2023-08-29,Winter Jacket,1,161.07,79,Apparel,North
2023-08-29,Office Desk,4,1471.25,28,Furniture,West
2023-08-29,SmartPhone X,7,6088.18,97,Electronics,North
2023-08-29,Ergonomic Chair,2,483.26,58,Furniture,South
2023-08-29,Designer Jeans,6,587.98,147,Apparel,North
2023-08-29,Protein Powder,7,258.26,234,Health,North
2023-08-29,Protein Powder,3,123.35,246,Health,East
2023-08-29,Winter Jacket,3,456.67,94,Apparel,South
2023-08-29,Designer Jeans,1,90.26,159,Apparel,North
2023-08-29,Multivitamins,2,47.21,306,Health,West
2023-08-29,Ergonomic Chair,5,1135.62,64,Furniture,East
2023-08-29,Laptop Pro,6,7456.41,80,Electronics,North
2023-08-29,Laptop Pro,9,11826.64,78,Electronics,East
2023-08-29,Coffee Table,9,1488.68,31,Furniture,West
2023-08-29,Wireless Earbuds,1,157.18,159,Electronics,West
2023-08-29,Designer Jeans,9,861.55,160,Apparel,East
2023-08-29,Designer Jeans,4,395.42,150,Apparel,West
2023-08-29,Protein Powder,3,118.79,236,Health,East
2023-08-29,Multivitamins,2,46.33,302,Health,South
2023-08-29,Wireless Earbuds,1,140.31,173,Electronics,Central
2023-08-29,Designer Jeans,8,701.78,167,Apparel,East
2023-08-29,Office Desk,4,1421.83,56,Furniture,East
2023-08-29,Coffee Table,3,503.32,43,Furniture,West
2023-08-30,Designer Jeans,3,248.69,170,Apparel,South
2023-08-30,Wireless Earbuds,7,1142.58,155,Electronics,East
2023-08-30,SmartPhone X,4,3033.94,83,Electronics,West
2023-08-30,Running Shoes,8,929.83,125,Apparel,North
2023-08-30,Multivitamins,4,91.85,318,Health,Central
2023-08-30,Designer Jeans,6,549.36,159,Apparel,Central
2023-08-30,Coffee Table,7,1181.5,32,Furniture,South
2023-08-30,Laptop Pro,5,5556.75,58,Electronics,East
2023-08-30,Protein Powder,7,265.63,243,Health,East
2023-08-30,Designer Jeans,7,592.08,173,Apparel,West
2023-08-30,Wireless Earbuds,2,297.71,161,Electronics,North
2023-08-30,Coffee Table,7,1320.41,26,Furniture,Central
2023-08-30,Office Desk,7,2515.67,41,Furniture,North
2023-08-30,Coffee Table,2,342.8,27,Furniture,Central
2023-08-30,Ergonomic Chair,8,2046.37,60,Furniture,Central
2023-08-30,Protein Powder,6,236.47,246,Health,East
2023-08-30,Coffee Table,8,1476.31,34,Furniture,South
2023-08-30,Laptop Pro,3,3938.32,75,Electronics,South
2023-08-31,Laptop Pro,8,9192.84,66,Electronics,North
2023-08-31,Laptop Pro,4,4860.93,63,Electronics,West
2023-08-31,Coffee Table,8,1449.21,47,Furniture,Central
2023-08-31,Wireless Earbuds,6,859.14,168,Electronics,North
2023-08-31,Coffee Table,1,162.53,49,Furniture,Central
2023-08-31,Multivitamins,1,26.45,322,Health,West
2023-08-31,Office Desk,4,1479.97,56,Furniture,West
2023-08-31,Designer Jeans,2,187.25,169,Apparel,North
2023-08-31,Designer Jeans,4,356.72,160,Apparel,East
2023-08-31,Winter Jacket,5,794.86,78,Apparel,East
2023-08-31,SmartPhone X,9,6827.13,108,Electronics,North
2023-08-31,Wireless Earbuds,1,161.59,160,Electronics,Central
2023-08-31,Designer Jeans,2,192.83,169,Apparel,East
2023-08-31,Wireless Earbuds,9,1273.51,156,Electronics,Central
2023-08-31,Wireless Earbuds,4,540.02,170,Electronics,West
2023-08-31,Designer Jeans,9,747.0,144,Apparel,Central
2023-08-31,Ergonomic Chair,4,959.58,65,Furniture,East
2023-08-31,Coffee Table,2,367.18,43,Furniture,West
2023-08-31,Designer Jeans,3,249.69,166,Apparel,North
2023-08-31,Wireless Earbuds,9,1305.98,171,Electronics,Central
2023-08-31,Office Desk,3,1045.93,38,Furniture,East
2023-08-31,Running Shoes,7,776.43,128,Apparel,East
2023-08-31,Wireless Earbuds,5,777.18,155,Electronics,North
2023-08-31,Wireless Earbuds,7,1146.04,162,Electronics,North
2023-08-31,Coffee Table,4,716.81,24,Furniture,North
2023-08-31,Ergonomic Chair,8,1804.41,55,Furniture,South
2023-08-31,Wireless Earbuds,5,783.28,148,Electronics,North
2023-08-31,Designer Jeans,2,197.61,170,Apparel,Central
2023-08-31,Wireless Earbuds,5,824.67,155,Electronics,North
2023-09-01,Coffee Table,2,376.88,25,Furniture,Central
2023-09-01,Ergonomic Chair,7,1686.34,73,Furniture,South
2023-09-01,Multivitamins,4,92.05,310,Health,East
2023-09-01,Winter Jacket,1,154.35,81,Apparel,North
2023-09-01,Wireless Earbuds,8,1222.47,161,Electronics,North
2023-09-01,Ergonomic Chair,3,786.51,67,Furniture,North
2023-09-01,Laptop Pro,8,8952.25,80,Electronics,North
2023-09-01,Yoga Mat,5,185.23,91,Health,North
2023-09-01,Designer Jeans,6,515.99,170,Apparel,Central
2023-09-01,Running Shoes,1,114.27,134,Apparel,East
2023-09-01,Wireless Earbuds,4,584.41,152,Electronics,North
2023-09-01,SmartPhone X,8,5885.93,95,Electronics,North
2023-09-01,Designer Jeans,8,751.95,161,Apparel,East
2023-09-01,Ergonomic Chair,3,801.65,46,Furniture,North
2023-09-01,Laptop Pro,4,4636.07,60,Electronics,Central
2023-09-01,Multivitamins,4,104.1,299,Health,West
2023-09-01,Office Desk,5,1871.51,50,Furniture,East
2023-09-01,Wireless Earbuds,1,140.89,164,Electronics,South
2023-09-01,Coffee Table,8,1453.4,31,Furniture,West
2023-09-01,Office Desk,8,2664.33,37,Furniture,East
2023-09-01,Ergonomic Chair,1,229.75,45,Furniture,North
2023-09-02,Designer Jeans,4,384.59,160,Apparel,North
2023-09-02,Running Shoes,2,237.48,109,Apparel,South
2023-09-02,Coffee Table,4,715.37,28,Furniture,South
2023-09-02,Office Desk,7,2206.84,47,Furniture,Central
2023-09-02,Ergonomic Chair,8,1960.61,71,Furniture,Central
2023-09-02,Designer Jeans,7,601.74,148,Apparel,West
2023-09-02,Wireless Earbuds,9,1424.17,147,Electronics,South
2023-09-02,Multivitamins,7,161.02,326,Health,North
2023-09-02,Yoga Mat,2,63.53,97,Health,West
2023-09-02,Winter Jacket,7,1009.04,90,Apparel,North
2023-09-02,Coffee Table,7,1272.44,41,Furniture,South
2023-09-02,Running Shoes,9,1088.85,124,Apparel,Central
2023-09-02,Office Desk,7,2538.19,28,Furniture,East
2023-09-02,Protein Powder,3,110.56,229,Health,Central
2023-09-02,Office Desk,2,703.62,46,Furniture,Central
2023-09-02,Yoga Mat,1,33.8,96,Health,Central
2023-09-02,Office Desk,2,752.39,28,Furniture,North
2023-09-02,Multivitamins,9,205.77,308,Health,North
2023-09-03,Laptop Pro,2,2193.99,58,Electronics,East
2023-09-03,Designer Jeans,2,186.33,164,Apparel,East
2023-09-03,Yoga Mat,6,191.54,109,Health,South
2023-09-03,Coffee Table,2,364.69,30,Furniture,West
2023-09-03,SmartPhone X,6,4616.9,82,Electronics,North
2023-09-03,Office Desk,8,2943.93,42,Furniture,South
2023-09-03,Running Shoes,5,645.22,120,Apparel,West
2023-09-03,Ergonomic Chair,3,787.87,65,Furniture,South
2023-09-03,Running Shoes,2,225.45,125,Apparel,North
2023-09-03,Multivitamins,7,187.05,308,Health,East
2023-09-03,Laptop Pro,3,3679.5,61,Electronics,West
2023-09-03,Wireless Earbuds,4,659.21,146,Electronics,East
2023-09-03,Office Desk,9,2981.06,42,Furniture,South
2023-09-03,Ergonomic Chair,8,1931.93,49,Furniture,East
2023-09-03,Multivitamins,4,104.99,320,Health,Central
2023-09-03,Yoga Mat,1,33.08,108,Health,West
2023-09-03,SmartPhone X,6,4871.91,103,Electronics,Central
2023-09-03,Coffee Table,5,847.5,22,Furniture,East
2023-09-03,Designer Jeans,9,759.71,160,Apparel,South
2023-09-04,Running Shoes,3,394.36,110,Apparel,South
2023-09-04,Winter Jacket,7,1080.36,83,Apparel,North
2023-09-04,Designer Jeans,6,502.1,161,Apparel,Central
2023-09-04,Designer Jeans,9,794.5,154,Apparel,North
2023-09-04,Multivitamins,4,93.79,314,Health,Central
2023-09-04,Wireless Earbuds,8,1085.75,150,Electronics,North
2023-09-04,Running Shoes,6,731.65,111,Apparel,South
2023-09-04,Yoga Mat,1,31.86,99,Health,Central
2023-09-04,SmartPhone X,8,5855.14,110,Electronics,West
2023-09-04,SmartPhone X,3,2193.44,102,Electronics,West
2023-09-04,SmartPhone X,5,4039.4,90,Electronics,Central
2023-09-04,Protein Powder,6,227.74,240,Health,West
2023-09-04,Yoga Mat,7,256.79,102,Health,East
2023-09-04,Protein Powder,3,116.29,230,Health,North
2023-09-04,Ergonomic Chair,1,262.14,63,Furniture,North
2023-09-04,SmartPhone X,2,1523.83,82,Electronics,West
2023-09-05,Multivitamins,8,197.25,311,Health,East
2023-09-05,Office Desk,2,736.25,28,Furniture,Central
2023-09-05,Office Desk,3,1034.58,28,Furniture,South
2023-09-05,Running Shoes,4,506.23,108,Apparel,South
2023-09-05,Ergonomic Chair,7,1822.48,64,Furniture,North
2023-09-05,Wireless Earbuds,9,1278.85,152,Electronics,North
2023-09-05,Running Shoes,8,1008.56,114,Apparel,Central
2023-09-05,Yoga Mat,4,135.77,87,Health,West
2023-09-05,SmartPhone X,5,4075.97,100,Electronics,East
2023-09-05,Office Desk,7,2365.5,30,Furniture,West
2023-09-05,Office Desk,4,1335.42,32,Furniture,North
2023-09-05,Laptop Pro,3,3722.59,74,Electronics,North
2023-09-05,Designer Jeans,2,184.74,167,Apparel,North
2023-09-05,Protein Powder,2,73.82,246,Health,North
2023-09-05,Designer Jeans,6,523.55,172,Apparel,North
2023-09-05,Running Shoes,1,122.77,113,Apparel,South
2023-09-05,Yoga Mat,5,178.06,93,Health,East
2023-09-05,Wireless Earbuds,2,316.47,163,Electronics,Central
2023-09-05,Wireless Earbuds,1,148.59,167,Electronics,East
2023-09-05,Laptop Pro,1,1266.9,59,Electronics,West
2023-09-05,Designer Jeans,6,532.39,163,Apparel,North
2023-09-05,Laptop Pro,7,7791.89,57,Electronics,East
2023-09-05,Running Shoes,6,733.84,113,Apparel,Central
2023-09-05,Protein Powder,2,73.24,237,Health,Central
2023-09-05,Designer Jeans,6,502.63,164,Apparel,Central
2023-09-05,Running Shoes,2,246.15,107,Apparel,South
2023-09-05,Coffee Table,4,736.42,35,Furniture,North
2023-09-05,Protein Powder,6,252.15,244,Health,South
2023-09-06,Yoga Mat,6,193.38,88,Health,South
2023-09-06,Office Desk,8,2714.63,51,Furniture,South
2023-09-06,Wireless Earbuds,9,1394.38,155,Electronics,West
2023-09-06,Yoga Mat,3,102.73,104,Health,North
2023-09-06,Laptop Pro,7,8920.11,54,Electronics,West
2023-09-06,Winter Jacket,5,862.45,84,Apparel,Central
2023-09-06,Office Desk,5,1719.7,44,Furniture,West
2023-09-06,Protein Powder,3,125.14,248,Health,West
2023-09-06,Wireless Earbuds,7,1073.95,162,Electronics,East
2023-09-06,Ergonomic Chair,9,2220.2,49,Furniture,North
2023-09-06,Running Shoes,9,1022.41,121,Apparel,West
2023-09-06,Laptop Pro,6,7327.86,62,Electronics,Central
2023-09-06,Multivitamins,4,98.99,300,Health,Central
2023-09-06,Office Desk,5,1677.49,53,Furniture,Central
2023-09-06,Office Desk,8,2801.44,40,Furniture,Central
2023-09-06,SmartPhone X,5,4210.15,89,Electronics,West
2023-09-06,Coffee Table,1,162.45,32,Furniture,East
2023-09-06,Yoga Mat,9,320.12,100,Health,South
2023-09-06,SmartPhone X,4,3339.69,88,Electronics,Central
2023-09-06,Coffee Table,3,542.32,43,Furniture,East
2023-09-07,Protein Powder,2,72.08,244,Health,Central
2023-09-07,Ergonomic Chair,1,252.5,48,Furniture,West
2023-09-07,Office Desk,9,3129.03,28,Furniture,East
2023-09-07,Wireless Earbuds,8,1268.35,158,Electronics,East
2023-09-07,Designer Jeans,8,715.19,150,Apparel,West
2023-09-07,Winter Jacket,1,171.21,74,Apparel,Central
2023-09-07,Coffee Table,9,1514.96,40,Furniture,North
2023-09-07,Yoga Mat,6,191.84,91,Health,Central
2023-09-07,Office Desk,4,1476.11,33,Furniture,West
2023-09-07,Designer Jeans,1,94.72,146,Apparel,Central
2023-09-07,Designer Jeans,7,573.67,156,Apparel,East
2023-09-07,Running Shoes,9,1000.81,132,Apparel,West
2023-09-07,Multivitamins,8,181.33,302,Health,West
2023-09-07,Running Shoes,1,108.22,128,Apparel,East
2023-09-07,Running Shoes,3,380.06,110,Apparel,South
2023-09-07,Coffee Table,5,906.31,20,Furniture,East
2023-09-07,Protein Powder,6,231.1,232,Health,West
2023-09-07,Laptop Pro,4,4832.17,62,Electronics,South
2023-09-07,Laptop Pro,9,11840.53,71,Electronics,East
2023-09-07,Laptop Pro,3,3311.83,70,Electronics,Central
2023-09-07,Winter Jacket,1,145.26,83,Apparel,North
2023-09-07,Designer Jeans,2,185.34,164,Apparel,Central
2023-09-07,Multivitamins,6,140.03,304,Health,South
2023-09-08,SmartPhone X,4,2906.17,86,Electronics,North
2023-09-08,Laptop Pro,8,10338.67,57,Electronics,East
2023-09-08,Multivitamins,8,204.72,319,Health,West
2023-09-08,Laptop Pro,7,8646.0,52,Electronics,West
2023-09-08,Office Desk,3,989.92,49,Furniture,Central
2023-09-08,Winter Jacket,7,1055.91,75,Apparel,Central
2023-09-08,Designer Jeans,6,517.58,164,Apparel,North
2023-09-08,Laptop Pro,3,3879.29,60,Electronics,South
2023-09-08,Wireless Earbuds,5,808.39,152,Electronics,North
2023-09-08,Winter Jacket,3,526.26,80,Apparel,North
2023-09-08,Coffee Table,1,179.86,38,Furniture,North
2023-09-08,Winter Jacket,3,523.62,70,Apparel,South
2023-09-08,Winter Jacket,8,1231.79,95,Apparel,East
2023-09-08,Winter Jacket,6,1038.8,67,Apparel,North
2023-09-08,Coffee Table,4,695.22,23,Furniture,Central
2023-09-08,Protein Powder,5,208.79,226,Health,Central
2023-09-08,Laptop Pro,6,7458.73,72,Electronics,South
2023-09-08,Protein Powder,5,198.48,223,Health,Central
2023-09-08,Running Shoes,3,352.76,113,Apparel,East
2023-09-09,Office Desk,7,2680.33,52,Furniture,North
2023-09-09,Running Shoes,8,1050.12,105,Apparel,North
2023-09-09,Multivitamins,6,152.62,302,Health,South
2023-09-09,Office Desk,4,1336.33,46,Furniture,Central
2023-09-09,Running Shoes,7,909.23,124,Apparel,North
2023-09-09,Designer Jeans,7,580.05,156,Apparel,West
2023-09-09,Designer Jeans,2,165.29,142,Apparel,South
2023-09-09,Office Desk,7,2542.36,28,Furniture,East
2023-09-09,Winter Jacket,8,1280.13,72,Apparel,South
2023-09-09,Office Desk,3,976.53,52,Furniture,South
2023-09-09,Wireless Earbuds,8,1157.66,160,Electronics,South
2023-09-09,Wireless Earbuds,1,154.86,168,Electronics,South
2023-09-09,SmartPhone X,2,1699.85,107,Electronics,East
2023-09-09,Coffee Table,5,821.56,28,Furniture,North
2023-09-10,Protein Powder,7,302.87,237,Health,West
2023-09-10,Winter Jacket,6,969.04,67,Apparel,North
2023-09-10,Coffee Table,7,1259.17,21,Furniture,South
2023-09-10,Designer Jeans,3,269.1,151,Apparel,Central
2023-09-10,Protein Powder,9,358.36,244,Health,West
2023-09-10,Protein Powder,9,342.14,238,Health,North
2023-09-10,Running Shoes,9,1103.48,118,Apparel,East
2023-09-10,Office Desk,2,746.28,36,Furniture,West
2023-09-10,Office Desk,9,3012.38,35,Furniture,East
2023-09-10,Wireless Earbuds,5,802.42,144,Electronics,West
2023-09-10,Designer Jeans,5,456.11,157,Apparel,South
2023-09-11,Protein Powder,4,166.87,218,Health,South
2023-09-11,Running Shoes,5,648.1,110,Apparel,North
2023-09-11,Yoga Mat,2,71.04,108,Health,South
2023-09-11,Yoga Mat,6,212.16,104,Health,North
2023-09-11,Office Desk,1,316.1,28,Furniture,East
2023-09-11,Multivitamins,4,109.17,302,Health,East
2023-09-11,Coffee Table,1,186.58,30,Furniture,South
2023-09-11,Designer Jeans,1,92.94,153,Apparel,East
2023-09-11,Office Desk,9,3356.31,56,Furniture,Central
2023-09-11,Winter Jacket,8,1192.0,79,Apparel,East
2023-09-11,Designer Jeans,2,181.38,158,Apparel,Central
2023-09-11,Office Desk,3,1078.9,54,Furniture,East
2023-09-11,Winter Jacket,2,322.59,80,Apparel,Central
2023-09-11,Protein Powder,3,109.05,222,Health,North
2023-09-11,Ergonomic Chair,3,820.66,47,Furniture,East
2023-09-11,Protein Powder,4,164.96,232,Health,North
2023-09-11,Wireless Earbuds,4,587.09,153,Electronics,South
2023-09-11,Office Desk,2,655.0,43,Furniture,North
2023-09-11,Yoga Mat,2,71.02,97,Health,North
2023-09-11,Multivitamins,2,48.67,319,Health,North
2023-09-11,Multivitamins,5,116.26,323,Health,North
2023-09-11,Protein Powder,6,255.95,222,Health,North
2023-09-11,Running Shoes,1,120.42,133,Apparel,North
2023-09-12,Office Desk,8,3072.14,45,Furniture,East
2023-09-12,Ergonomic Chair,5,1346.63,52,Furniture,West
2023-09-12,Winter Jacket,9,1368.6,81,Apparel,Central
2023-09-12,Winter Jacket,8,1402.71,95,Apparel,North
2023-09-12,Laptop Pro,6,6861.93,61,Electronics,East
2023-09-12,SmartPhone X,4,3464.48,97,Electronics,South
2023-09-12,Laptop Pro,9,9733.15,50,Electronics,Central
2023-09-12,Ergonomic Chair,5,1298.74,60,Furniture,East
2023-09-12,Winter Jacket,4,688.24,80,Apparel,West
2023-09-12,Multivitamins,6,135.46,322,Health,North
2023-09-12,Coffee Table,2,345.64,39,Furniture,East
2023-09-12,Wireless Earbuds,4,567.16,156,Electronics,East
2023-09-12,Protein Powder,2,85.94,246,Health,South
2023-09-12,SmartPhone X,5,4237.93,102,Electronics,North
2023-09-12,Wireless Earbuds,3,431.63,147,Electronics,West
2023-09-12,Laptop Pro,6,6982.13,56,Electronics,North
2023-09-12,Protein Powder,4,168.21,240,Health,South
2023-09-12,Office Desk,9,2968.66,56,Furniture,West
2023-09-12,Designer Jeans,2,186.4,163,Apparel,Central
2023-09-12,Multivitamins,4,98.02,320,Health,West
2023-09-12,Designer Jeans,6,515.39,156,Apparel,Central
2023-09-12,Running Shoes,2,234.62,121,Apparel,North
2023-09-12,Multivitamins,2,45.65,309,Health,North
2023-09-12,Ergonomic Chair,3,706.73,65,Furniture,East
2023-09-12,Running Shoes,2,219.08,128,Apparel,South
2023-09-13,Winter Jacket,5,771.75,89,Apparel,South
2023-09-13,Coffee Table,4,748.76,21,Furniture,South
2023-09-13,Protein Powder,6,245.81,237,Health,West
2023-09-13,SmartPhone X,2,1535.72,105,Electronics,South
2023-09-13,SmartPhone X,5,4257.06,95,Electronics,North
2023-09-13,Laptop Pro,7,8074.18,54,Electronics,West
2023-09-13,Laptop Pro,2,2340.36,72,Electronics,West
2023-09-13,Ergonomic Chair,6,1410.43,61,Furniture,East
2023-09-13,Office Desk,8,2729.49,32,Furniture,East
2023-09-13,Ergonomic Chair,9,2158.65,49,Furniture,North
2023-09-13,Protein Powder,7,278.21,235,Health,North
2023-09-13,Multivitamins,5,123.13,297,Health,West
2023-09-13,Multivitamins,1,22.77,308,Health,Central
2023-09-13,Yoga Mat,3,113.32,84,Health,West
2023-09-13,Protein Powder,2,85.26,240,Health,West
2023-09-13,Ergonomic Chair,5,1279.02,65,Furniture,South
2023-09-13,Winter Jacket,9,1351.26,74,Apparel,East
2023-09-13,SmartPhone X,4,3251.31,101,Electronics,North
2023-09-13,Coffee Table,8,1503.69,34,Furniture,West
2023-09-13,Multivitamins,4,91.78,316,Health,West
2023-09-13,Ergonomic Chair,5,1279.18,70,Furniture,East
2023-09-13,Winter Jacket,6,913.29,70,Apparel,West
2023-09-13,Winter Jacket,5,828.78,89,Apparel,East
2023-09-13,SmartPhone X,4,3349.48,108,Electronics,South
2023-09-13,Winter Jacket,9,1447.3,94,Apparel,North
2023-09-13,Office Desk,4,1431.67,49,Furniture,North
2023-09-13,Laptop Pro,5,6164.87,60,Electronics,East
2023-09-14,Office Desk,3,1108.51,55,Furniture,South
2023-09-14,Office Desk,7,2537.31,29,Furniture,North
2023-09-14,Wireless Earbuds,3,439.72,160,Electronics,East
2023-09-14,Yoga Mat,6,191.5,95,Health,South
2023-09-14,Laptop Pro,6,6667.47,74,Electronics,Central
2023-09-14,Winter Jacket,1,159.83,72,Apparel,North
2023-09-14,SmartPhone X,3,2401.79,109,Electronics,East
2023-09-14,Winter Jacket,9,1402.36,77,Apparel,West
2023-09-14,Winter Jacket,8,1251.29,85,Apparel,West
2023-09-14,Protein Powder,3,127.25,225,Health,Central
2023-09-14,Ergonomic Chair,4,1081.38,61,Furniture,West
2023-09-14,Running Shoes,5,565.02,126,Apparel,East
2023-09-14,Yoga Mat,3,114.41,91,Health,Central
2023-09-14,Wireless Earbuds,8,1197.51,169,Electronics,South
2023-09-14,Coffee Table,2,329.42,44,Furniture,East
2023-09-14,Wireless Earbuds,7,1091.05,156,Electronics,South
2023-09-14,Protein Powder,7,296.89,217,Health,West
2023-09-14,Coffee Table,8,1430.71,22,Furniture,West
2023-09-14,Protein Powder,6,234.48,220,Health,North
2023-09-14,Multivitamins,9,222.8,309,Health,Central
2023-09-14,Protein Powder,1,43.16,230,Health,Central
2023-09-14,Running Shoes,6,776.22,113,Apparel,Central
2023-09-14,Office Desk,3,952.35,34,Furniture,South
2023-09-14,Office Desk,6,2007.06,36,Furniture,North
2023-09-14,Multivitamins,1,25.75,314,Health,North
2023-09-15,Laptop Pro,4,4873.38,73,Electronics,Central
2023-09-15,Office Desk,9,3289.24,48,Furniture,North
2023-09-15,Laptop Pro,9,11751.77,52,Electronics,East
2023-09-15,Yoga Mat,4,134.67,102,Health,South
2023-09-15,Laptop Pro,9,10754.69,54,Electronics,East
2023-09-15,Protein Powder,9,329.68,235,Health,Central
2023-09-15,Protein Powder,8,308.61,229,Health,South
2023-09-15,SmartPhone X,4,3224.27,92,Electronics,Central
2023-09-15,Ergonomic Chair,5,1178.83,67,Furniture,East
2023-09-15,Wireless Earbuds,8,1178.86,149,Electronics,Central
2023-09-15,Laptop Pro,9,10592.7,51,Electronics,Central
2023-09-15,Ergonomic Chair,4,1052.8,71,Furniture,North
2023-09-15,Laptop Pro,1,1137.83,70,Electronics,South
2023-09-15,Designer Jeans,8,660.28,153,Apparel,North
2023-09-15,Wireless Earbuds,8,1219.91,152,Electronics,West
2023-09-16,Designer Jeans,7,602.92,141,Apparel,Central
2023-09-16,Multivitamins,4,95.81,295,Health,North
2023-09-16,Laptop Pro,3,3905.44,59,Electronics,West
2023-09-16,Ergonomic Chair,4,980.27,45,Furniture,East
2023-09-16,Designer Jeans,7,651.28,151,Apparel,West
2023-09-16,Multivitamins,6,145.4,321,Health,East
2023-09-16,SmartPhone X,1,745.49,103,Electronics,West
2023-09-16,Ergonomic Chair,1,235.92,44,Furniture,East
2023-09-16,Wireless Earbuds,6,878.4,144,Electronics,South
2023-09-16,Laptop Pro,2,2521.54,55,Electronics,Central
2023-09-16,Running Shoes,8,1010.56,123,Apparel,West
2023-09-16,Ergonomic Chair,5,1186.46,71,Furniture,Central
2023-09-16,Wireless Earbuds,3,472.3,147,Electronics,North
2023-09-16,Designer Jeans,6,542.3,144,Apparel,East
2023-09-16,Ergonomic Chair,6,1541.89,64,Furniture,Central
2023-09-16,Yoga Mat,3,99.28,89,Health,West
2023-09-16,Protein Powder,6,242.87,225,Health,South
2023-09-16,Yoga Mat,2,64.66,94,Health,West
2023-09-17,SmartPhone X,8,6957.96,98,Electronics,East
2023-09-17,Winter Jacket,3,478.87,75,Apparel,Central
2023-09-17,Coffee Table,8,1309.16,49,Furniture,West
2023-09-17,Coffee Table,2,381.02,30,Furniture,North
2023-09-17,Coffee Table,2,358.3,46,Furniture,Central
2023-09-17,SmartPhone X,6,4623.87,86,Electronics,East
2023-09-17,Coffee Table,6,996.34,38,Furniture,North
2023-09-17,Wireless Earbuds,1,150.75,166,Electronics,West
2023-09-17,Office Desk,9,3221.2,31,Furniture,South
2023-09-17,Winter Jacket,4,578.65,73,Apparel,Central
2023-09-17,Office Desk,9,3154.64,47,Furniture,Central
2023-09-17,Running Shoes,3,332.7,119,Apparel,East
2023-09-17,Running Shoes,2,226.47,126,Apparel,East
2023-09-18,Wireless Earbuds,7,1076.98,142,Electronics,South
2023-09-18,SmartPhone X,9,6852.44,107,Electronics,North
2023-09-18,SmartPhone X,3,2271.86,103,Electronics,South
2023-09-18,Laptop Pro,5,6507.81,60,Electronics,South
2023-09-18,SmartPhone X,8,5798.14,93,Electronics,West
2023-09-18,Yoga Mat,1,32.81,96,Health,South
2023-09-18,Running Shoes,8,882.2,109,Apparel,South
2023-09-18,Designer Jeans,6,488.1,155,Apparel,West
2023-09-18,Multivitamins,9,208.67,311,Health,West
2023-09-18,Protein Powder,3,109.31,220,Health,South
2023-09-18,Multivitamins,4,106.74,311,Health,West
2023-09-18,Designer Jeans,8,722.02,141,Apparel,West
2023-09-18,Office Desk,4,1433.76,55,Furniture,South
2023-09-18,Yoga Mat,5,178.96,107,Health,South
2023-09-18,Designer Jeans,4,363.29,152,Apparel,South
2023-09-18,Ergonomic Chair,4,1087.05,58,Furniture,South
2023-09-18,Office Desk,2,745.22,43,Furniture,South
2023-09-19,Laptop Pro,3,3368.54,55,Electronics,South
2023-09-19,Yoga Mat,6,208.65,97,Health,Central
2023-09-19,Office Desk,2,654.96,31,Furniture,West
2023-09-19,Yoga Mat,7,230.61,103,Health,South
2023-09-19,Laptop Pro,6,7772.09,69,Electronics,East
2023-09-19,Ergonomic Chair,7,1662.63,62,Furniture,North
2023-09-19,Yoga Mat,1,37.09,98,Health,West
2023-09-19,Winter Jacket,3,498.34,66,Apparel,North
2023-09-19,Coffee Table,6,1183.02,25,Furniture,South
2023-09-19,Wireless Earbuds,5,765.1,147,Electronics,North
2023-09-19,Wireless Earbuds,1,140.83,162,Electronics,North
2023-09-19,Multivitamins,1,23.88,318,Health,East
2023-09-19,Running Shoes,7,818.97,128,Apparel,South
2023-09-19,Coffee Table,9,1597.55,36,Furniture,East
2023-09-19,Yoga Mat,5,184.28,101,Health,South
2023-09-19,Designer Jeans,7,641.69,169,Apparel,North
2023-09-19,Wireless Earbuds,6,829.58,167,Electronics,Central
2023-09-19,Yoga Mat,6,220.51,92,Health,South
2023-09-19,Winter Jacket,2,294.44,68,Apparel,East
2023-09-19,Office Desk,1,350.51,29,Furniture,South
2023-09-19,Office Desk,4,1310.01,40,Furniture,East
2023-09-19,Running Shoes,4,472.99,129,Apparel,South
2023-09-19,Running Shoes,6,736.42,118,Apparel,East
2023-09-19,Wireless Earbuds,1,143.74,152,Electronics,East
2023-09-19,Laptop Pro,9,11877.86,63,Electronics,West
2023-09-20,SmartPhone X,6,4342.56,85,Electronics,North
2023-09-20,Wireless Earbuds,4,553.29,162,Electronics,Central
2023-09-20,Multivitamins,3,73.1,302,Health,East
2023-09-20,Protein Powder,4,165.01,218,Health,East
2023-09-20,Ergonomic Chair,2,545.97,70,Furniture,North
2023-09-20,Multivitamins,1,25.36,299,Health,Central
2023-09-20,Office Desk,4,1301.9,42,Furniture,West
2023-09-20,Protein Powder,8,305.82,216,Health,South
2023-09-20,Coffee Table,7,1356.79,37,Furniture,South
2023-09-20,Winter Jacket,1,169.68,71,Apparel,South
2023-09-20,Office Desk,1,351.93,32,Furniture,East
2023-09-20,Protein Powder,6,254.42,226,Health,North
2023-09-20,Designer Jeans,1,84.91,161,Apparel,East
2023-09-20,Running Shoes,8,1050.74,128,Apparel,North
2023-09-20,Running Shoes,3,334.06,126,Apparel,East
2023-09-20,Protein Powder,4,156.8,244,Health,East
2023-09-20,Ergonomic Chair,5,1271.23,64,Furniture,East
2023-09-20,SmartPhone X,9,7281.83,80,Electronics,Central
2023-09-20,Running Shoes,5,614.79,114,Apparel,Central
2023-09-20,SmartPhone X,1,807.44,97,Electronics,Central
2023-09-20,Winter Jacket,4,640.2,78,Apparel,East
2023-09-20,Coffee Table,9,1715.49,28,Furniture,Central
2023-09-20,Coffee Table,2,329.18,29,Furniture,Central
2023-09-20,Designer Jeans,9,779.36,163,Apparel,Central
2023-09-21,Coffee Table,3,496.79,36,Furniture,North
2023-09-21,Laptop Pro,2,2240.34,55,Electronics,West
2023-09-21,Wireless Earbuds,2,295.53,140,Electronics,North
2023-09-21,Yoga Mat,3,113.13,89,Health,Central
2023-09-21,Multivitamins,5,134.66,313,Health,West
2023-09-21,Coffee Table,8,1557.68,26,Furniture,North
2023-09-21,Laptop Pro,5,6479.31,59,Electronics,South
2023-09-21,Wireless Earbuds,9,1372.14,147,Electronics,North
2023-09-21,Coffee Table,6,1042.38,35,Furniture,North
2023-09-21,Protein Powder,9,395.72,225,Health,West
2023-09-21,Ergonomic Chair,9,2407.29,44,Furniture,Central
2023-09-21,Wireless Earbuds,3,452.9,145,Electronics,West
2023-09-21,Office Desk,6,2188.88,47,Furniture,North
2023-09-21,Laptop Pro,2,2279.29,61,Electronics,South
2023-09-21,Ergonomic Chair,4,980.08,65,Furniture,West
2023-09-21,Office Desk,4,1295.08,46,Furniture,South
2023-09-21,Ergonomic Chair,8,2026.0,55,Furniture,West
2023-09-21,Running Shoes,7,845.67,120,Apparel,Central
2023-09-21,SmartPhone X,6,4672.04,84,Electronics,North
2023-09-21,Running Shoes,6,657.35,110,Apparel,South
2023-09-21,Yoga Mat,6,200.87,94,Health,East
2023-09-21,Yoga Mat,9,326.45,91,Health,South
2023-09-21,Wireless Earbuds,9,1438.96,141,Electronics,North
2023-09-21,Laptop Pro,8,8803.91,53,Electronics,South
2023-09-21,Laptop Pro,6,7703.17,70,Electronics,Central
2023-09-21,SmartPhone X,1,787.32,105,Electronics,West
2023-09-21,SmartPhone X,8,6689.14,102,Electronics,West
2023-09-21,SmartPhone X,4,3221.59,94,Electronics,West
2023-09-22,Running Shoes,8,873.56,106,Apparel,Central
2023-09-22,Designer Jeans,2,185.31,141,Apparel,East
2023-09-22,Multivitamins,7,178.13,292,Health,West
2023-09-22,Winter Jacket,7,1061.23,65,Apparel,Central
2023-09-22,Laptop Pro,9,11720.62,63,Electronics,South
2023-09-22,Designer Jeans,5,493.4,145,Apparel,East
2023-09-22,Yoga Mat,6,191.62,104,Health,East
2023-09-22,Running Shoes,4,448.17,131,Apparel,North
2023-09-22,Protein Powder,2,74.75,237,Health,East
2023-09-22,SmartPhone X,6,4745.93,109,Electronics,East
2023-09-22,Designer Jeans,9,741.42,162,Apparel,West
2023-09-22,Coffee Table,4,777.57,44,Furniture,North
2023-09-22,Running Shoes,4,434.37,111,Apparel,West
2023-09-22,Laptop Pro,6,6587.92,52,Electronics,West
2023-09-22,Ergonomic Chair,1,244.18,43,Furniture,South
2023-09-22,Laptop Pro,3,3738.89,53,Electronics,North
2023-09-22,Winter Jacket,4,622.91,73,Apparel,South
2023-09-22,Office Desk,7,2506.79,29,Furniture,Central
2023-09-22,Running Shoes,4,509.95,125,Apparel,West
2023-09-23,Office Desk,6,2301.83,37,Furniture,West
2023-09-23,Protein Powder,9,335.59,222,Health,West
2023-09-23,Office Desk,9,3191.29,47,Furniture,East
2023-09-23,Ergonomic Chair,3,785.91,54,Furniture,East
2023-09-23,Winter Jacket,5,771.43,78,Apparel,South
2023-09-23,Multivitamins,3,81.9,311,Health,East
2023-09-23,Yoga Mat,4,153.36,109,Health,West
2023-09-23,Ergonomic Chair,2,545.33,55,Furniture,East
2023-09-23,Winter Jacket,4,646.26,86,Apparel,West
2023-09-23,Laptop Pro,2,2256.41,51,Electronics,Central
2023-09-23,Multivitamins,7,166.42,299,Health,West
2023-09-23,Designer Jeans,5,437.41,145,Apparel,Central
2023-09-23,Multivitamins,7,160.96,296,Health,South
2023-09-23,Yoga Mat,1,36.77,84,Health,East
2023-09-23,SmartPhone X,4,3344.87,80,Electronics,North
2023-09-23,Running Shoes,4,473.06,121,Apparel,East
2023-09-23,Wireless Earbuds,9,1472.46,147,Electronics,Central
2023-09-23,Multivitamins,8,197.04,290,Health,South
2023-09-23,Winter Jacket,9,1457.43,74,Apparel,North
2023-09-24,Ergonomic Chair,8,2199.54,63,Furniture,West
2023-09-24,Laptop Pro,6,6540.87,61,Electronics,East
2023-09-24,Winter Jacket,7,1063.13,85,Apparel,East
2023-09-24,Designer Jeans,9,796.69,165,Apparel,Central
2023-09-24,SmartPhone X,4,3332.78,88,Electronics,Central
2023-09-24,Winter Jacket,5,816.22,79,Apparel,East
2023-09-24,Laptop Pro,6,7287.08,77,Electronics,North
2023-09-24,SmartPhone X,8,6623.28,96,Electronics,North
2023-09-24,Coffee Table,8,1544.37,43,Furniture,East
2023-09-24,Multivitamins,2,54.51,304,Health,South
2023-09-24,Protein Powder,2,76.33,217,Health,South
2023-09-24,Running Shoes,8,1045.34,113,Apparel,East
2023-09-24,Designer Jeans,3,289.24,169,Apparel,North
2023-09-24,Yoga Mat,3,96.58,107,Health,North
2023-09-25,Ergonomic Chair,6,1470.4,69,Furniture,West
2023-09-25,SmartPhone X,4,2988.7,106,Electronics,North
2023-09-25,SmartPhone X,3,2595.24,102,Electronics,Central
2023-09-25,Office Desk,2,652.98,34,Furniture,West
2023-09-25,Winter Jacket,8,1165.33,76,Apparel,Central
2023-09-25,Coffee Table,4,709.73,38,Furniture,Central
2023-09-25,Wireless Earbuds,6,947.92,155,Electronics,Central
2023-09-25,SmartPhone X,1,781.95,81,Electronics,South
2023-09-25,Wireless Earbuds,3,492.26,151,Electronics,East
2023-09-25,Coffee Table,1,170.03,47,Furniture,Central
2023-09-25,Coffee Table,3,495.48,19,Furniture,West
2023-09-25,Yoga Mat,4,135.27,82,Health,East
2023-09-25,Running Shoes,8,995.49,124,Apparel,East
2023-09-25,Designer Jeans,7,572.47,140,Apparel,East
2023-09-25,Laptop Pro,9,10803.38,78,Electronics,Central
2023-09-25,SmartPhone X,7,5231.24,93,Electronics,East
2023-09-25,Winter Jacket,2,313.23,75,Apparel,West
2023-09-25,Yoga Mat,7,262.04,104,Health,East
2023-09-25,SmartPhone X,8,6545.23,80,Electronics,Central
2023-09-25,SmartPhone X,5,4123.04,100,Electronics,South
2023-09-26,Protein Powder,6,232.96,232,Health,North
2023-09-26,Wireless Earbuds,8,1308.73,139,Electronics,West
2023-09-26,Running Shoes,6,703.01,131,Apparel,Central
2023-09-26,Yoga Mat,4,146.35,104,Health,South
2023-09-26,Winter Jacket,9,1403.19,79,Apparel,West
2023-09-26,Coffee Table,1,195.28,21,Furniture,South
2023-09-26,Office Desk,4,1344.11,43,Furniture,North
2023-09-26,Winter Jacket,6,910.36,81,Apparel,West
2023-09-26,SmartPhone X,6,4439.52,98,Electronics,South
2023-09-26,Laptop Pro,4,4995.25,70,Electronics,Central
2023-09-26,Winter Jacket,8,1346.16,82,Apparel,East
2023-09-26,Winter Jacket,1,154.2,76,Apparel,East
2023-09-26,Coffee Table,2,364.44,31,Furniture,South
2023-09-26,Protein Powder,2,80.51,224,Health,Central
2023-09-26,Wireless Earbuds,3,470.33,163,Electronics,North
2023-09-26,Running Shoes,8,938.4,104,Apparel,West
2023-09-26,Wireless Earbuds,3,454.81,143,Electronics,East
2023-09-26,Office Desk,6,2037.54,35,Furniture,Central
2023-09-27,Protein Powder,8,299.98,242,Health,Central
2023-09-27,Office Desk,5,1872.2,48,Furniture,West
2023-09-27,Wireless Earbuds,1,163.05,144,Electronics,West
2023-09-27,Winter Jacket,9,1401.23,78,Apparel,East
2023-09-27,Office Desk,6,1924.03,42,Furniture,North
2023-09-27,Running Shoes,4,524.77,118,Apparel,East
2023-09-27,Winter Jacket,3,503.29,80,Apparel,Central
2023-09-27,Multivitamins,7,177.86,308,Health,South
2023-09-27,Ergonomic Chair,6,1441.92,48,Furniture,East
2023-09-27,Yoga Mat,7,247.05,100,Health,East
2023-09-27,Coffee Table,7,1361.9,38,Furniture,North
2023-09-27,Coffee Table,9,1731.59,34,Furniture,North
2023-09-27,Multivitamins,6,149.59,315,Health,South
2023-09-27,Laptop Pro,4,4511.13,54,Electronics,South
2023-09-27,Office Desk,2,736.62,42,Furniture,Central
2023-09-28,Laptop Pro,5,6578.3,58,Electronics,North
2023-09-28,Yoga Mat,2,75.56,106,Health,North
2023-09-28,Office Desk,8,2651.08,30,Furniture,Central
2023-09-28,Ergonomic Chair,8,2086.44,53,Furniture,Central
2023-09-28,Multivitamins,2,47.7,293,Health,South
2023-09-28,Laptop Pro,5,5918.82,50,Electronics,South
2023-09-28,Wireless Earbuds,9,1271.01,140,Electronics,North
2023-09-28,Laptop Pro,8,9881.49,65,Electronics,Central
2023-09-28,Yoga Mat,4,153.3,95,Health,East
2023-09-28,SmartPhone X,9,7242.11,92,Electronics,West
2023-09-28,Protein Powder,1,39.19,218,Health,East
2023-09-28,Ergonomic Chair,7,1692.63,57,Furniture,Central
2023-09-28,Yoga Mat,1,33.41,85,Health,South
2023-09-28,Running Shoes,4,462.3,124,Apparel,West
2023-09-28,Laptop Pro,2,2261.51,60,Electronics,West
2023-09-28,Protein Powder,7,271.42,237,Health,South
2023-09-28,Yoga Mat,4,126.96,92,Health,North
2023-09-28,Wireless Earbuds,3,422.52,140,Electronics,South
2023-09-28,Running Shoes,9,1034.17,107,Apparel,South
2023-09-28,Wireless Earbuds,3,466.63,149,Electronics,West
2023-09-28,Ergonomic Chair,2,482.68,50,Furniture,North
2023-09-28,Protein Powder,8,314.79,216,Health,East
2023-09-28,Designer Jeans,7,684.47,156,Apparel,North
2023-09-28,Ergonomic Chair,4,928.68,71,Furniture,West
2023-09-28,Office Desk,6,2214.05,39,Furniture,North
2023-09-28,Winter Jacket,9,1474.88,68,Apparel,East
2023-09-29,Laptop Pro,8,10327.8,72,Electronics,West
2023-09-29,Multivitamins,3,78.71,289,Health,Central
2023-09-29,Protein Powder,2,87.12,215,Health,South
2023-09-29,Designer Jeans,7,567.17,164,Apparel,Central
2023-09-29,Multivitamins,9,212.4,304,Health,Central
2023-09-29,Protein Powder,7,292.73,228,Health,Central
2023-09-29,Coffee Table,5,912.62,43,Furniture,East
2023-09-29,SmartPhone X,8,6627.83,95,Electronics,East
2023-09-29,Office Desk,6,2156.19,30,Furniture,North
2023-09-29,Designer Jeans,2,178.71,168,Apparel,East
2023-09-29,Protein Powder,4,148.51,240,Health,Central
2023-09-29,Protein Powder,5,187.46,216,Health,Central
2023-09-29,Office Desk,1,350.01,50,Furniture,Central
2023-09-29,Coffee Table,3,507.35,41,Furniture,West
2023-09-29,Office Desk,9,3394.18,42,Furniture,Central
2023-09-29,Coffee Table,9,1548.87,29,Furniture,North
2023-09-29,Coffee Table,9,1758.58,44,Furniture,Central
2023-09-29,Yoga Mat,4,135.22,84,Health,North
2023-09-30,Coffee Table,9,1669.11,26,Furniture,East
2023-09-30,SmartPhone X,6,4760.95,91,Electronics,West
2023-09-30,Running Shoes,7,865.52,110,Apparel,North
2023-09-30,Running Shoes,1,112.4,129,Apparel,West
2023-09-30,Winter Jacket,8,1351.79,72,Apparel,Central
2023-09-30,Designer Jeans,6,524.51,148,Apparel,Central
2023-09-30,Yoga Mat,9,286.29,87,Health,Central
2023-09-30,Running Shoes,9,1118.75,126,Apparel,South
2023-09-30,Protein Powder,8,315.92,231,Health,East
2023-09-30,Laptop Pro,2,2254.84,64,Electronics,North
2023-09-30,Ergonomic Chair,4,1000.34,71,Furniture,North
2023-09-30,Office Desk,2,666.52,53,Furniture,East
2023-10-01,Office Desk,5,1610.84,41,Furniture,East
2023-10-01,Wireless Earbuds,11,1708.16,142,Electronics,South
2023-10-01,Wireless Earbuds,9,1428.58,148,Electronics,South
2023-10-01,Multivitamins,2,47.57,291,Health,Central
2023-10-01,Yoga Mat,2,68.21,82,Health,North
2023-10-01,Running Shoes,10,1119.42,106,Apparel,South
2023-10-01,Ergonomic Chair,10,2564.12,64,Furniture,South
2023-10-01,Coffee Table,5,951.46,27,Furniture,Central
2023-10-01,Office Desk,2,749.99,52,Furniture,East
2023-10-01,Running Shoes,11,1425.43,102,Apparel,North
2023-10-01,Designer Jeans,7,646.94,142,Apparel,East
2023-10-01,Laptop Pro,1,1100.11,66,Electronics,East
2023-10-01,Wireless Earbuds,7,1048.76,154,Electronics,East
2023-10-01,Coffee Table,5,967.8,28,Furniture,East
2023-10-02,Designer Jeans,6,565.24,160,Apparel,West
2023-10-02,Running Shoes,9,1021.93,101,Apparel,West
2023-10-02,Office Desk,3,1060.71,43,Furniture,South
2023-10-02,Winter Jacket,6,935.21,72,Apparel,South
2023-10-02,Running Shoes,5,622.43,101,Apparel,North
2023-10-02,Multivitamins,11,285.67,303,Health,North
2023-10-02,Ergonomic Chair,9,2428.01,60,Furniture,East
2023-10-02,Wireless Earbuds,1,163.54,163,Electronics,North
2023-10-02,Laptop Pro,5,5444.61,49,Electronics,South
2023-10-02,Yoga Mat,6,227.53,80,Health,East
2023-10-02,Ergonomic Chair,11,2517.72,68,Furniture,East
2023-10-02,Multivitamins,6,161.37,305,Health,West
2023-10-02,Wireless Earbuds,6,978.03,149,Electronics,Central
2023-10-02,Designer Jeans,6,576.33,141,Apparel,Central
2023-10-02,Running Shoes,2,254.25,113,Apparel,East
2023-10-02,Wireless Earbuds,2,282.3,151,Electronics,West
2023-10-02,Yoga Mat,11,389.64,86,Health,East
2023-10-02,Protein Powder,11,475.45,219,Health,South
2023-10-02,Designer Jeans,6,531.48,151,Apparel,South
2023-10-02,Multivitamins,1,24.44,294,Health,North
2023-10-02,Multivitamins,2,47.95,316,Health,East
2023-10-02,Coffee Table,11,1938.0,36,Furniture,South
2023-10-02,Multivitamins,6,162.39,292,Health,South
2023-10-02,Protein Powder,10,431.06,232,Health,Central
2023-10-02,SmartPhone X,2,1624.39,88,Electronics,North
2023-10-03,Laptop Pro,6,7412.52,55,Electronics,West
2023-10-03,Coffee Table,9,1618.02,31,Furniture,Central
2023-10-03,Wireless Earbuds,2,319.97,160,Electronics,East
2023-10-03,Ergonomic Chair,10,2745.28,48,Furniture,South
2023-10-03,Laptop Pro,10,13141.3,53,Electronics,North
2023-10-03,SmartPhone X,3,2512.26,99,Electronics,East
2023-10-03,Multivitamins,10,254.06,287,Health,North
2023-10-03,Laptop Pro,5,5681.94,76,Electronics,West
2023-10-03,Yoga Mat,11,372.21,102,Health,West
2023-10-03,Running Shoes,1,108.64,125,Apparel,East
2023-10-03,Ergonomic Chair,5,1268.07,42,Furniture,Central
2023-10-03,Coffee Table,3,571.69,34,Furniture,East
2023-10-03,Wireless Earbuds,3,460.5,151,Electronics,South
2023-10-03,Coffee Table,3,570.34,30,Furniture,North
2023-10-03,Laptop Pro,3,3410.87,67,Electronics,East
2023-10-03,Running Shoes,11,1414.01,105,Apparel,South
2023-10-03,Laptop Pro,2,2287.46,69,Electronics,North
2023-10-03,Designer Jeans,9,844.38,162,Apparel,West
2023-10-03,Coffee Table,1,195.4,36,Furniture,North
2023-10-03,Multivitamins,10,243.54,288,Health,South
2023-10-03,SmartPhone X,2,1518.45,87,Electronics,West
2023-10-03,Laptop Pro,10,10877.63,50,Electronics,Central
2023-10-03,Yoga Mat,2,70.72,105,Health,West
2023-10-03,Laptop Pro,7,8098.36,54,Electronics,East
2023-10-04,Wireless Earbuds,5,816.86,150,Electronics,Central
2023-10-04,Running Shoes,5,627.67,130,Apparel,West
2023-10-04,Multivitamins,11,277.73,287,Health,East
2023-10-04,Yoga Mat,10,379.95,103,Health,West
2023-10-04,Running Shoes,5,589.36,119,Apparel,North
2023-10-04,Ergonomic Chair,7,1904.85,53,Furniture,West
2023-10-04,Winter Jacket,33,5492.5,82,Apparel,West
2023-10-04,Office Desk,5,1673.71,54,Furniture,Central
2023-10-04,Protein Powder,3,110.0,224,Health,West
2023-10-04,Designer Jeans,11,971.04,165,Apparel,West
2023-10-04,Office Desk,6,2083.48,31,Furniture,South
2023-10-04,Office Desk,1,341.24,41,Furniture,East
2023-10-04,Wireless Earbuds,6,960.17,155,Electronics,West
2023-10-04,Laptop Pro,11,12587.54,64,Electronics,East
2023-10-04,Laptop Pro,2,2603.7,73,Electronics,East
2023-10-04,Multivitamins,5,127.06,308,Health,Central
2023-10-05,Wireless Earbuds,3,485.99,139,Electronics,East
2023-10-05,SmartPhone X,10,7378.45,105,Electronics,Central
2023-10-05,Ergonomic Chair,2,522.84,62,Furniture,South
2023-10-05,Office Desk,11,3505.54,31,Furniture,East
2023-10-05,Coffee Table,3,495.82,42,Furniture,South
2023-10-05,SmartPhone X,5,4067.33,91,Electronics,North
2023-10-05,SmartPhone X,7,5394.09,89,Electronics,West
2023-10-05,Laptop Pro,9,10646.74,66,Electronics,South
2023-10-05,Multivitamins,9,223.01,305,Health,West
2023-10-05,Designer Jeans,7,674.16,163,Apparel,North
2023-10-05,Coffee Table,3,552.12,37,Furniture,East
2023-10-05,Laptop Pro,9,11136.02,60,Electronics,East
2023-10-05,Protein Powder,10,398.55,239,Health,North
2023-10-05,Coffee Table,7,1303.38,42,Furniture,Central
2023-10-05,Protein Powder,2,84.38,225,Health,South
2023-10-06,Coffee Table,2,325.54,20,Furniture,East
2023-10-06,Winter Jacket,33,4931.22,73,Apparel,Central
2023-10-06,Designer Jeans,9,876.24,139,Apparel,Central
2023-10-06,Winter Jacket,27,4022.94,82,Apparel,North
2023-10-06,Wireless Earbuds,7,1088.52,139,Electronics,East
2023-10-06,Yoga Mat,5,170.08,87,Health,South
2023-10-06,Multivitamins,3,77.09,285,Health,West
2023-10-06,Designer Jeans,10,830.32,142,Apparel,East
2023-10-06,Multivitamins,1,23.49,285,Health,East
2023-10-06,Ergonomic Chair,6,1555.12,42,Furniture,North
2023-10-06,Wireless Earbuds,3,443.07,152,Electronics,West
2023-10-06,Wireless Earbuds,10,1616.58,163,Electronics,North
2023-10-06,Office Desk,2,648.7,53,Furniture,Central
2023-10-06,Wireless Earbuds,1,138.3,153,Electronics,Central
2023-10-06,Wireless Earbuds,6,813.2,158,Electronics,South
2023-10-06,Laptop Pro,9,10763.18,75,Electronics,West
2023-10-07,Office Desk,5,1785.75,32,Furniture,North
2023-10-07,Protein Powder,9,353.37,236,Health,North
2023-10-07,Ergonomic Chair,10,2270.22,56,Furniture,North
2023-10-07,Protein Powder,10,374.52,213,Health,North
2023-10-07,Laptop Pro,7,7801.21,64,Electronics,South
2023-10-07,Multivitamins,10,252.16,313,Health,West
2023-10-07,Designer Jeans,6,558.79,149,Apparel,South
2023-10-07,Winter Jacket,21,3457.51,73,Apparel,West
2023-10-07,Coffee Table,5,925.91,46,Furniture,North
2023-10-07,SmartPhone X,2,1548.02,96,Electronics,East
2023-10-07,Ergonomic Chair,2,517.47,64,Furniture,South
2023-10-07,Yoga Mat,6,189.06,90,Health,West
2023-10-07,Multivitamins,11,277.57,308,Health,Central
2023-10-07,SmartPhone X,9,6581.57,88,Electronics,South
2023-10-07,Ergonomic Chair,9,2137.36,53,Furniture,East
2023-10-07,Coffee Table,5,933.8,28,Furniture,South
2023-10-07,Laptop Pro,2,2282.12,57,Electronics,South
2023-10-07,Laptop Pro,6,7720.65,62,Electronics,South
2023-10-07,SmartPhone X,9,6517.38,80,Electronics,West
2023-10-08,Winter Jacket,6,1050.67,76,Apparel,West
2023-10-08,Winter Jacket,33,5686.88,64,Apparel,Central
2023-10-08,Office Desk,1,374.47,44,Furniture,East
2023-10-08,Yoga Mat,9,315.77,82,Health,North
2023-10-08,Wireless Earbuds,2,280.76,160,Electronics,North
2023-10-08,Yoga Mat,10,383.87,92,Health,North
2023-10-08,Laptop Pro,10,12706.45,72,Electronics,South
2023-10-08,Winter Jacket,3,435.82,92,Apparel,East
2023-10-08,Designer Jeans,2,165.08,142,Apparel,South
2023-10-08,Running Shoes,1,116.18,104,Apparel,South
2023-10-09,Winter Jacket,15,2195.03,90,Apparel,North
2023-10-09,Ergonomic Chair,1,246.51,46,Furniture,West
2023-10-09,Laptop Pro,9,11356.15,49,Electronics,Central
2023-10-09,Protein Powder,9,394.5,224,Health,West
2023-10-09,Laptop Pro,10,13048.65,74,Electronics,South
2023-10-09,Winter Jacket,15,2309.3,71,Apparel,North
2023-10-09,Coffee Table,1,170.21,26,Furniture,East
2023-10-09,Multivitamins,5,120.36,301,Health,West
2023-10-09,Multivitamins,1,26.24,299,Health,South
2023-10-09,Winter Jacket,21,3137.75,83,Apparel,North
2023-10-09,Ergonomic Chair,6,1592.3,70,Furniture,West
2023-10-09,Ergonomic Chair,11,2662.12,69,Furniture,West
2023-10-09,Winter Jacket,9,1368.06,79,Apparel,East
2023-10-09,Wireless Earbuds,7,1136.0,151,Electronics,West
2023-10-09,Running Shoes,10,1289.08,101,Apparel,East
2023-10-09,Yoga Mat,9,288.59,82,Health,West
2023-10-09,Ergonomic Chair,1,271.92,47,Furniture,North
2023-10-09,Designer Jeans,7,692.09,149,Apparel,East
2023-10-09,Coffee Table,10,1667.06,29,Furniture,South
2023-10-09,Laptop Pro,2,2437.09,49,Electronics,Central
2023-10-09,Designer Jeans,3,284.23,147,Apparel,West
2023-10-09,Coffee Table,2,334.5,36,Furniture,South
2023-10-09,Winter Jacket,3,441.2,88,Apparel,Central
2023-10-09,Coffee Table,9,1723.44,19,Furniture,South
2023-10-09,Office Desk,9,3425.75,27,Furniture,West
2023-10-09,Designer Jeans,1,87.76,146,Apparel,South
2023-10-09,SmartPhone X,7,6004.17,85,Electronics,West
2023-10-09,Winter Jacket,30,4345.77,74,Apparel,Central
2023-10-09,Office Desk,9,3079.88,42,Furniture,South
2023-10-10,Multivitamins,2,52.68,295,Health,South
2023-10-10,Coffee Table,1,193.66,36,Furniture,North
2023-10-10,Multivitamins,1,23.04,303,Health,South
2023-10-10,Yoga Mat,3,98.86,80,Health,Central
2023-10-10,SmartPhone X,3,2263.53,101,Electronics,North
2023-10-10,Ergonomic Chair,7,1678.96,54,Furniture,South
2023-10-10,Laptop Pro,9,10200.66,70,Electronics,East
2023-10-10,Office Desk,11,3530.26,26,Furniture,Central
2023-10-10,Protein Powder,6,249.28,219,Health,North
2023-10-10,Coffee Table,11,2031.03,20,Furniture,Central
2023-10-10,Office Desk,9,3387.19,53,Furniture,West
2023-10-10,Laptop Pro,2,2286.0,69,Electronics,North
2023-10-10,Protein Powder,2,84.94,212,Health,South
2023-10-10,Yoga Mat,6,189.49,99,Health,North
2023-10-10,Wireless Earbuds,11,1526.98,150,Electronics,South
2023-10-10,Coffee Table,6,1065.32,24,Furniture,East
2023-10-10,Laptop Pro,10,12980.39,49,Electronics,North
2023-10-10,Yoga Mat,3,98.16,93,Health,Central
2023-10-11,Running Shoes,7,893.33,103,Apparel,East
2023-10-11,Winter Jacket,9,1483.97,77,Apparel,East
2023-10-11,Office Desk,5,1661.51,54,Furniture,North
2023-10-11,Coffee Table,6,1101.38,42,Furniture,North
2023-10-11,Protein Powder,2,79.85,223,Health,East
2023-10-11,Protein Powder,3,108.83,232,Health,South
2023-10-11,Multivitamins,5,122.47,283,Health,West
2023-10-11,SmartPhone X,9,7470.15,94,Electronics,East
2023-10-11,Ergonomic Chair,1,246.57,63,Furniture,Central
2023-10-11,Office Desk,11,4045.86,49,Furniture,North
2023-10-11,Ergonomic Chair,11,2490.46,52,Furniture,Central
2023-10-11,Office Desk,3,1150.88,43,Furniture,Central
2023-10-11,Coffee Table,9,1596.12,23,Furniture,Central
2023-10-11,Multivitamins,10,247.81,298,Health,South
2023-10-11,Yoga Mat,3,97.57,84,Health,East
2023-10-11,Wireless Earbuds,6,915.01,145,Electronics,North
2023-10-11,SmartPhone X,11,8089.4,104,Electronics,North
2023-10-11,Wireless Earbuds,11,1771.92,136,Electronics,West
2023-10-11,Designer Jeans,10,967.66,165,Apparel,North
2023-10-11,Multivitamins,5,122.71,293,Health,Central
2023-10-11,Office Desk,6,2014.79,49,Furniture,Central
2023-10-11,SmartPhone X,10,7606.2,85,Electronics,North
2023-10-11,Office Desk,6,1895.99,52,Furniture,East
2023-10-11,Winter Jacket,21,3406.49,75,Apparel,Central
2023-10-11,Coffee Table,1,185.56,29,Furniture,North
2023-10-11,Designer Jeans,6,507.72,146,Apparel,Central
2023-10-11,Laptop Pro,10,13082.48,75,Electronics,Central
2023-10-11,Coffee Table,3,536.35,46,Furniture,West
2023-10-11,Protein Powder,9,380.59,219,Health,North
2023-10-12,Laptop Pro,1,1083.23,57,Electronics,East
2023-10-12,Multivitamins,5,129.57,308,Health,Central
2023-10-12,Yoga Mat,1,36.28,102,Health,Central
2023-10-12,Wireless Earbuds,5,757.94,136,Electronics,Central
2023-10-12,Running Shoes,3,366.97,115,Apparel,Central
2023-10-12,Laptop Pro,2,2218.98,59,Electronics,Central
2023-10-12,Ergonomic Chair,2,511.86,69,Furniture,North
2023-10-12,Yoga Mat,10,351.56,102,Health,Central
2023-10-12,Ergonomic Chair,3,803.42,59,Furniture,North
2023-10-12,Multivitamins,1,26.74,304,Health,North
2023-10-12,Laptop Pro,9,9825.97,64,Electronics,Central
2023-10-12,Protein Powder,3,120.59,215,Health,Central
2023-10-12,Multivitamins,5,120.87,303,Health,North
2023-10-12,Coffee Table,6,1173.78,34,Furniture,North
2023-10-12,Wireless Earbuds,7,955.04,152,Electronics,East
2023-10-12,Running Shoes,2,246.05,105,Apparel,North
2023-10-12,Winter Jacket,18,2614.43,67,Apparel,South
2023-10-12,Winter Jacket,21,3040.15,85,Apparel,South
2023-10-12,Wireless Earbuds,11,1508.16,141,Electronics,West
2023-10-12,Wireless Earbuds,11,1688.38,154,Electronics,Central
2023-10-13,Ergonomic Chair,11,2632.26,65,Furniture,East
2023-10-13,Designer Jeans,2,190.12,140,Apparel,South
2023-10-13,Laptop Pro,2,2204.88,60,Electronics,South
2023-10-13,Running Shoes,6,754.97,111,Apparel,North
2023-10-13,Coffee Table,9,1596.48,25,Furniture,North
2023-10-13,Laptop Pro,5,6478.43,58,Electronics,South
2023-10-13,Ergonomic Chair,3,688.01,41,Furniture,West
2023-10-13,Running Shoes,6,750.99,106,Apparel,West
2023-10-13,Winter Jacket,3,520.05,81,Apparel,East
2023-10-13,Protein Powder,6,232.1,233,Health,South
2023-10-13,Ergonomic Chair,10,2386.69,41,Furniture,East
2023-10-13,Running Shoes,5,652.02,106,Apparel,West
2023-10-13,Coffee Table,5,948.46,19,Furniture,South
2023-10-13,Ergonomic Chair,5,1288.36,46,Furniture,West
2023-10-13,SmartPhone X,6,4819.59,104,Electronics,West
2023-10-13,Protein Powder,3,121.09,210,Health,South
2023-10-13,Protein Powder,5,210.39,227,Health,South
2023-10-13,Wireless Earbuds,7,1072.76,164,Electronics,Central
2023-10-13,SmartPhone X,3,2564.51,92,Electronics,East
2023-10-13,Ergonomic Chair,10,2392.35,42,Furniture,South
2023-10-13,Ergonomic Chair,9,2195.59,59,Furniture,North
2023-10-13,Protein Powder,9,344.44,222,Health,Central
2023-10-14,Coffee Table,3,489.34,24,Furniture,South
2023-10-14,Protein Powder,3,114.42,229,Health,Central
2023-10-14,SmartPhone X,3,2363.68,81,Electronics,South
2023-10-14,Laptop Pro,2,2399.01,57,Electronics,West
2023-10-14,SmartPhone X,10,8400.62,98,Electronics,South
2023-10-14,Running Shoes,3,370.94,121,Apparel,North
2023-10-14,Ergonomic Chair,10,2645.21,54,Furniture,West
2023-10-14,Protein Powder,7,305.29,221,Health,West
2023-10-14,Designer Jeans,11,1049.39,153,Apparel,West
2023-10-14,Ergonomic Chair,6,1629.49,50,Furniture,South
2023-10-15,Coffee Table,7,1218.89,33,Furniture,East
2023-10-15,Running Shoes,11,1339.46,109,Apparel,East
2023-10-15,Coffee Table,9,1766.52,44,Furniture,South
2023-10-15,Office Desk,2,744.72,30,Furniture,West
2023-10-15,Coffee Table,6,1047.75,37,Furniture,Central
2023-10-15,Wireless Earbuds,7,1067.96,164,Electronics,North
2023-10-15,Winter Jacket,27,4029.69,92,Apparel,North
2023-10-15,Protein Powder,3,122.54,218,Health,North
2023-10-15,Coffee Table,3,538.78,37,Furniture,South
2023-10-15,SmartPhone X,11,8930.89,82,Electronics,Central
2023-10-16,Laptop Pro,6,7068.97,57,Electronics,East
2023-10-16,Multivitamins,2,46.35,305,Health,North
2023-10-16,Running Shoes,11,1407.97,107,Apparel,East
2023-10-16,Running Shoes,3,348.33,111,Apparel,West
2023-10-16,Ergonomic Chair,7,1642.09,63,Furniture,South
2023-10-16,Wireless Earbuds,6,813.47,142,Electronics,West
2023-10-16,Protein Powder,11,429.83,220,Health,West
2023-10-16,Ergonomic Chair,1,254.43,62,Furniture,East
2023-10-16,Yoga Mat,6,212.61,97,Health,Central
2023-10-16,Coffee Table,11,1942.78,36,Furniture,Central
2023-10-16,Ergonomic Chair,9,2371.72,58,Furniture,East
2023-10-16,Laptop Pro,3,3581.06,55,Electronics,South
2023-10-16,Laptop Pro,2,2622.79,56,Electronics,Central
2023-10-16,SmartPhone X,9,7630.13,98,Electronics,East
2023-10-16,Multivitamins,10,238.76,282,Health,East
2023-10-16,Yoga Mat,6,189.01,93,Health,East
2023-10-16,Running Shoes,5,611.15,101,Apparel,South
2023-10-16,Ergonomic Chair,5,1206.49,60,Furniture,North
2023-10-16,Ergonomic Chair,10,2564.32,64,Furniture,South
2023-10-16,SmartPhone X,3,2263.08,86,Electronics,South
2023-10-16,Multivitamins,7,183.67,284,Health,Central
2023-10-16,SmartPhone X,1,748.51,81,Electronics,East
2023-10-16,SmartPhone X,10,8082.73,83,Electronics,Central
2023-10-17,Wireless Earbuds,3,452.27,147,Electronics,North
2023-10-17,Designer Jeans,10,934.0,162,Apparel,North
2023-10-17,Multivitamins,2,51.99,296,Health,West
2023-10-17,Office Desk,2,670.66,41,Furniture,North
2023-10-17,Office Desk,3,1097.24,48,Furniture,West
2023-10-17,Multivitamins,6,143.68,290,Health,East
2023-10-17,Multivitamins,3,69.16,308,Health,North
2023-10-17,Office Desk,6,1968.5,47,Furniture,South
2023-10-17,SmartPhone X,7,5356.4,95,Electronics,North
2023-10-17,Designer Jeans,7,576.0,145,Apparel,North
2023-10-17,Protein Powder,7,253.77,218,Health,North
2023-10-17,Protein Powder,3,123.5,222,Health,Central
2023-10-17,Coffee Table,5,931.28,26,Furniture,North
2023-10-17,Multivitamins,9,233.57,297,Health,Central
2023-10-17,Designer Jeans,6,539.34,156,Apparel,South
2023-10-17,Coffee Table,1,180.76,32,Furniture,North
2023-10-17,Yoga Mat,1,34.77,102,Health,North
2023-10-17,Designer Jeans,7,606.73,150,Apparel,East
2023-10-17,Office Desk,7,2541.54,29,Furniture,West
2023-10-17,Protein Powder,3,116.39,225,Health,West
2023-10-17,Wireless Earbuds,7,1057.85,161,Electronics,West
2023-10-17,Laptop Pro,11,13229.9,77,Electronics,South
2023-10-18,Running Shoes,6,788.1,122,Apparel,Central
2023-10-18,Coffee Table,11,2148.91,37,Furniture,East
2023-10-18,Winter Jacket,33,5013.42,87,Apparel,Central
2023-10-18,Yoga Mat,11,405.76,86,Health,South
2023-10-18,Multivitamins,11,295.93,299,Health,East
2023-10-18,Designer Jeans,2,192.99,153,Apparel,Central
2023-10-18,Winter Jacket,3,442.29,85,Apparel,North
2023-10-18,Designer Jeans,6,562.96,151,Apparel,Central
2023-10-18,Office Desk,2,699.49,44,Furniture,South
2023-10-18,Office Desk,1,336.75,35,Furniture,East
2023-10-18,Multivitamins,6,140.11,285,Health,Central
2023-10-18,Coffee Table,10,1898.7,22,Furniture,South
2023-10-18,Winter Jacket,27,4559.98,70,Apparel,East
2023-10-18,Laptop Pro,11,13428.0,71,Electronics,East
2023-10-18,Office Desk,9,2997.46,45,Furniture,Central
2023-10-18,Coffee Table,5,866.73,24,Furniture,Central
2023-10-18,Wireless Earbuds,11,1599.57,164,Electronics,North
2023-10-19,Yoga Mat,9,333.44,100,Health,West
2023-10-19,Wireless Earbuds,9,1466.05,154,Electronics,North
2023-10-19,Winter Jacket,3,433.75,68,Apparel,North
2023-10-19,Multivitamins,1,24.98,283,Health,North
2023-10-19,Multivitamins,3,68.85,291,Health,East
2023-10-19,Laptop Pro,1,1227.93,48,Electronics,Central
2023-10-19,Designer Jeans,10,894.28,151,Apparel,West
2023-10-19,Wireless Earbuds,7,1115.51,160,Electronics,West
2023-10-19,Winter Jacket,6,951.94,75,Apparel,West
2023-10-19,Running Shoes,3,390.67,123,Apparel,Central
2023-10-19,Running Shoes,9,1178.74,126,Apparel,South
2023-10-19,Protein Powder,7,301.35,226,Health,Central
2023-10-19,Laptop Pro,7,7695.14,66,Electronics,East
2023-10-19,Running Shoes,5,569.99,127,Apparel,East
2023-10-19,Coffee Table,10,1872.54,46,Furniture,West
2023-10-19,SmartPhone X,1,876.95,90,Electronics,Central
2023-10-19,Office Desk,9,3174.84,28,Furniture,East
2023-10-19,Yoga Mat,2,63.12,85,Health,East
2023-10-19,Coffee Table,7,1158.61,45,Furniture,West
2023-10-19,Coffee Table,6,1124.26,45,Furniture,South
2023-10-19,Winter Jacket,18,3107.36,76,Apparel,West
2023-10-20,Multivitamins,3,76.24,283,Health,North
2023-10-20,Ergonomic Chair,10,2691.56,46,Furniture,East
2023-10-20,Yoga Mat,9,296.66,88,Health,North
2023-10-20,Ergonomic Chair,7,1726.68,42,Furniture,North
2023-10-20,Yoga Mat,10,321.83,102,Health,Central
2023-10-20,Laptop Pro,3,3366.28,57,Electronics,East
2023-10-20,Yoga Mat,11,379.26,79,Health,East
2023-10-20,Laptop Pro,11,13289.17,59,Electronics,South
2023-10-20,Designer Jeans,3,259.18,146,Apparel,North
2023-10-20,Multivitamins,5,132.49,289,Health,West
2023-10-20,Ergonomic Chair,2,533.19,64,Furniture,South
2023-10-20,Ergonomic Chair,9,2075.07,55,Furniture,South
2023-10-20,Office Desk,5,1826.58,44,Furniture,East
2023-10-20,Running Shoes,9,1007.92,104,Apparel,East
2023-10-20,Yoga Mat,3,104.06,102,Health,South
2023-10-20,SmartPhone X,11,8599.15,89,Electronics,Central
2023-10-20,Yoga Mat,9,327.52,96,Health,Central
2023-10-20,Multivitamins,9,225.28,294,Health,West
2023-10-20,Wireless Earbuds,10,1424.19,151,Electronics,South
2023-10-20,Running Shoes,5,653.99,104,Apparel,East
2023-10-20,Ergonomic Chair,1,231.97,63,Furniture,North
2023-10-20,Laptop Pro,2,2514.16,74,Electronics,Central
2023-10-20,SmartPhone X,1,876.48,85,Electronics,Central
2023-10-21,Running Shoes,9,974.73,104,Apparel,South
2023-10-21,Ergonomic Chair,9,2054.31,53,Furniture,Central
2023-10-21,Designer Jeans,3,255.15,135,Apparel,North
2023-10-21,Wireless Earbuds,6,935.23,152,Electronics,South
2023-10-21,Laptop Pro,6,6703.78,69,Electronics,West
2023-10-21,Yoga Mat,11,352.98,92,Health,Central
2023-10-21,Winter Jacket,6,955.35,74,Apparel,Central
2023-10-21,Yoga Mat,10,371.36,98,Health,West
2023-10-21,Designer Jeans,9,767.67,146,Apparel,North
2023-10-21,Yoga Mat,11,376.93,92,Health,Central
2023-10-21,SmartPhone X,2,1580.17,84,Electronics,East
2023-10-21,SmartPhone X,9,7515.75,96,Electronics,South
2023-10-22,Running Shoes,5,625.67,107,Apparel,North
2023-10-22,Office Desk,10,3414.52,45,Furniture,East
2023-10-22,Designer Jeans,6,553.86,137,Apparel,North
2023-10-22,Wireless Earbuds,9,1481.46,163,Electronics,South
2023-10-22,Yoga Mat,1,34.38,99,Health,South
2023-10-22,Winter Jacket,30,4604.98,87,Apparel,East
2023-10-22,Protein Powder,2,74.12,229,Health,East
2023-10-22,Yoga Mat,11,414.9,78,Health,West
2023-10-22,Laptop Pro,7,8879.51,52,Electronics,North
2023-10-22,Laptop Pro,1,1089.02,54,Electronics,North
2023-10-22,Yoga Mat,5,191.89,102,Health,Central
2023-10-22,Winter Jacket,9,1500.43,65,Apparel,Central
2023-10-23,Multivitamins,5,130.52,282,Health,South
2023-10-23,Protein Powder,5,207.85,223,Health,East
2023-10-23,Yoga Mat,9,333.43,86,Health,West
2023-10-23,Wireless Earbuds,3,413.49,134,Electronics,East
2023-10-23,Ergonomic Chair,3,822.49,51,Furniture,North
2023-10-23,Running Shoes,6,651.17,116,Apparel,South
2023-10-23,Laptop Pro,11,13965.89,62,Electronics,South
2023-10-23,Office Desk,5,1905.52,40,Furniture,North
2023-10-23,Coffee Table,11,1884.16,20,Furniture,Central
2023-10-23,Running Shoes,6,760.27,127,Apparel,North
2023-10-23,Office Desk,6,2186.74,49,Furniture,West
2023-10-23,Multivitamins,6,150.7,308,Health,Central
2023-10-23,Designer Jeans,2,190.26,160,Apparel,East
2023-10-23,Protein Powder,5,199.7,211,Health,West
2023-10-23,Protein Powder,1,41.29,213,Health,West
2023-10-23,Protein Powder,9,338.88,215,Health,West
2023-10-23,Yoga Mat,10,356.78,82,Health,West
2023-10-23,Ergonomic Chair,11,2829.8,48,Furniture,South
2023-10-23,Winter Jacket,9,1383.57,80,Apparel,South
2023-10-23,Designer Jeans,5,480.02,140,Apparel,South
2023-10-23,SmartPhone X,9,7576.81,88,Electronics,North
2023-10-23,Wireless Earbuds,3,415.52,141,Electronics,South
2023-10-24,Ergonomic Chair,5,1318.35,43,Furniture,East
2023-10-24,SmartPhone X,1,788.77,92,Electronics,East
2023-10-24,Designer Jeans,2,190.41,159,Apparel,South
2023-10-24,Office Desk,6,2071.64,33,Furniture,South
2023-10-24,Designer Jeans,11,906.59,147,Apparel,South
2023-10-24,Coffee Table,11,2023.76,40,Furniture,East
2023-10-24,Coffee Table,6,1104.42,36,Furniture,South
2023-10-24,Coffee Table,11,1814.79,22,Furniture,Central
2023-10-24,Coffee Table,7,1293.25,24,Furniture,East
2023-10-24,Laptop Pro,11,12232.36,61,Electronics,South
2023-10-24,Multivitamins,6,140.5,289,Health,East
2023-10-24,Wireless Earbuds,3,448.46,157,Electronics,South
2023-10-24,Ergonomic Chair,10,2747.93,61,Furniture,South
2023-10-24,Running Shoes,9,976.55,116,Apparel,Central
2023-10-24,Protein Powder,11,427.11,221,Health,West
2023-10-24,Office Desk,3,1037.84,43,Furniture,West
2023-10-24,Winter Jacket,33,5600.77,80,Apparel,North
2023-10-24,Ergonomic Chair,5,1161.39,69,Furniture,South
2023-10-24,Yoga Mat,7,240.11,91,Health,South
2023-10-24,Office Desk,10,3845.98,44,Furniture,East
2023-10-24,Wireless Earbuds,1,140.08,139,Electronics,South
2023-10-24,Office Desk,9,3377.07,37,Furniture,Central
2023-10-24,Wireless Earbuds,6,883.97,138,Electronics,South
2023-10-24,Winter Jacket,33,5422.51,79,Apparel,East
2023-10-24,Coffee Table,7,1225.71,26,Furniture,South
2023-10-24,Coffee Table,9,1734.15,35,Furniture,North
2023-10-24,SmartPhone X,6,5137.81,104,Electronics,Central
2023-10-25,Winter Jacket,18,2929.02,83,Apparel,Central
2023-10-25,Designer Jeans,11,1023.8,157,Apparel,North
2023-10-25,Yoga Mat,7,245.74,78,Health,South
2023-10-25,Winter Jacket,6,878.89,63,Apparel,West
2023-10-25,Ergonomic Chair,6,1428.65,60,Furniture,West
2023-10-25,Designer Jeans,1,91.11,151,Apparel,Central
2023-10-25,Laptop Pro,5,6206.73,51,Electronics,South
2023-10-25,Winter Jacket,33,4794.17,62,Apparel,West
2023-10-25,Yoga Mat,11,362.65,83,Health,North
2023-10-25,Office Desk,6,2255.42,41,Furniture,Central
2023-10-25,Coffee Table,7,1189.2,36,Furniture,North
2023-10-25,Winter Jacket,33,5088.55,86,Apparel,West
2023-10-25,Laptop Pro,3,3560.61,62,Electronics,East
2023-10-25,Yoga Mat,9,304.33,96,Health,South
2023-10-25,Coffee Table,1,180.87,42,Furniture,East
2023-10-25,Winter Jacket,18,2861.8,91,Apparel,West
2023-10-25,Coffee Table,9,1575.16,36,Furniture,South
2023-10-25,Protein Powder,1,41.04,214,Health,South
2023-10-25,Coffee Table,1,189.26,26,Furniture,West
2023-10-25,Multivitamins,2,48.78,281,Health,North
2023-10-25,Ergonomic Chair,2,472.08,50,Furniture,West
2023-10-25,Office Desk,3,1136.06,45,Furniture,West
2023-10-25,Multivitamins,6,158.57,282,Health,West
2023-10-25,Winter Jacket,21,3339.24,74,Apparel,West
2023-10-25,Office Desk,7,2457.34,28,Furniture,Central
2023-10-25,Wireless Earbuds,7,1092.33,154,Electronics,Central
2023-10-25,Yoga Mat,5,172.91,92,Health,Central
2023-10-25,Ergonomic Chair,1,256.91,40,Furniture,Central
2023-10-25,Yoga Mat,2,66.21,80,Health,East
2023-10-26,Multivitamins,11,298.08,292,Health,Central
2023-10-26,Ergonomic Chair,9,2107.6,55,Furniture,North
2023-10-26,Office Desk,7,2369.38,44,Furniture,Central
2023-10-26,Coffee Table,6,1118.81,44,Furniture,Central
2023-10-26,Protein Powder,7,261.74,208,Health,North
2023-10-26,Yoga Mat,5,189.43,77,Health,East
2023-10-26,Yoga Mat,11,412.01,85,Health,Central
2023-10-26,Protein Powder,2,79.08,235,Health,South
2023-10-26,Winter Jacket,27,4457.8,86,Apparel,South
2023-10-26,Winter Jacket,30,5012.62,71,Apparel,North
2023-10-26,Laptop Pro,11,12796.81,70,Electronics,North
2023-10-26,Designer Jeans,2,174.52,136,Apparel,Central
2023-10-26,Protein Powder,9,342.94,230,Health,Central
2023-10-26,Multivitamins,7,171.04,293,Health,South
2023-10-26,Designer Jeans,5,467.94,148,Apparel,South
2023-10-26,Laptop Pro,7,7800.83,47,Electronics,East
2023-10-26,Protein Powder,2,74.87,227,Health,South
2023-10-26,Wireless Earbuds,9,1328.11,155,Electronics,North
2023-10-26,Ergonomic Chair,5,1213.74,53,Furniture,South
2023-10-26,Designer Jeans,11,1008.02,151,Apparel,North
2023-10-26,Coffee Table,11,2072.61,30,Furniture,Central
2023-10-26,Ergonomic Chair,10,2659.57,67,Furniture,Central
2023-10-26,Winter Jacket,9,1485.45,81,Apparel,East
2023-10-26,Ergonomic Chair,2,461.68,40,Furniture,East
2023-10-26,Designer Jeans,10,988.37,136,Apparel,South
2023-10-26,Running Shoes,1,114.09,113,Apparel,South
2023-10-26,Running Shoes,11,1259.74,124,Apparel,North
2023-10-26,Wireless Earbuds,9,1385.39,156,Electronics,North
2023-10-27,Office Desk,10,3515.48,34,Furniture,West
2023-10-27,Yoga Mat,2,74.73,103,Health,East
2023-10-27,Protein Powder,5,194.05,219,Health,Central
2023-10-27,Designer Jeans,10,971.68,161,Apparel,South
2023-10-27,Protein Powder,3,116.31,217,Health,East
2023-10-27,Designer Jeans,3,268.08,133,Apparel,East
2023-10-27,Ergonomic Chair,10,2416.38,64,Furniture,North
2023-10-27,Office Desk,10,3607.28,33,Furniture,West
2023-10-27,Office Desk,7,2586.81,47,Furniture,South
2023-10-27,Protein Powder,10,415.52,226,Health,East
2023-10-27,Laptop Pro,9,11585.58,60,Electronics,East
2023-10-27,Laptop Pro,1,1207.74,72,Electronics,Central
2023-10-27,Designer Jeans,2,175.51,154,Apparel,West
2023-10-27,Ergonomic Chair,7,1691.99,44,Furniture,West
2023-10-27,Laptop Pro,9,11048.21,62,Electronics,West
2023-10-27,Wireless Earbuds,6,849.32,147,Electronics,West
2023-10-27,Protein Powder,11,428.66,227,Health,West
2023-10-27,Multivitamins,10,261.16,290,Health,West
2023-10-27,Yoga Mat,5,175.58,90,Health,West
2023-10-27,Yoga Mat,10,346.01,84,Health,Central
2023-10-27,Yoga Mat,1,38.41,95,Health,East
2023-10-28,Laptop Pro,7,8240.22,62,Electronics,South
2023-10-28,Ergonomic Chair,1,252.65,45,Furniture,East
2023-10-28,Laptop Pro,3,3520.94,64,Electronics,West
2023-10-28,Coffee Table,5,922.78,32,Furniture,East
2023-10-28,Coffee Table,2,326.64,43,Furniture,Central
2023-10-28,SmartPhone X,2,1689.51,76,Electronics,South
2023-10-28,Ergonomic Chair,9,2207.02,50,Furniture,Central
2023-10-28,Laptop Pro,1,1153.79,56,Electronics,West
2023-10-28,Wireless Earbuds,9,1297.58,154,Electronics,West
2023-10-28,Running Shoes,5,654.51,98,Apparel,South
2023-10-28,SmartPhone X,9,7674.34,94,Electronics,West
2023-10-28,Protein Powder,9,384.78,219,Health,North
2023-10-28,Protein Powder,6,230.52,233,Health,North
2023-10-28,Yoga Mat,5,170.9,93,Health,North
2023-10-28,Winter Jacket,30,5274.72,70,Apparel,North
2023-10-28,Office Desk,11,3906.72,29,Furniture,West
2023-10-29,Protein Powder,1,39.11,224,Health,North
2023-10-29,Coffee Table,1,176.37,29,Furniture,North
2023-10-29,Office Desk,3,1147.96,35,Furniture,Central
2023-10-29,Coffee Table,10,1730.63,19,Furniture,South
2023-10-29,Coffee Table,10,1668.35,33,Furniture,South
2023-10-29,Protein Powder,1,43.16,206,Health,North
2023-10-29,Protein Powder,10,387.48,233,Health,West
2023-10-29,Multivitamins,2,47.51,281,Health,North
2023-10-29,Winter Jacket,30,5138.41,74,Apparel,Central
2023-10-29,Office Desk,11,3865.67,26,Furniture,Central
2023-10-30,Winter Jacket,6,1050.11,81,Apparel,North
2023-10-30,Winter Jacket,33,5466.63,67,Apparel,Central
2023-10-30,Multivitamins,9,203.33,283,Health,South
2023-10-30,Running Shoes,9,1012.64,102,Apparel,West
2023-10-30,SmartPhone X,2,1725.14,88,Electronics,South
2023-10-30,Winter Jacket,18,3124.94,64,Apparel,West
2023-10-30,Ergonomic Chair,10,2710.23,69,Furniture,North
2023-10-30,Coffee Table,9,1766.47,25,Furniture,South
2023-10-30,Designer Jeans,10,853.94,162,Apparel,North
2023-10-30,Winter Jacket,30,4825.73,72,Apparel,North
2023-10-30,Multivitamins,5,131.8,305,Health,Central
2023-10-30,SmartPhone X,11,8795.86,88,Electronics,Central
2023-10-30,Coffee Table,1,193.83,39,Furniture,East
2023-10-30,Protein Powder,5,195.94,223,Health,North
2023-10-30,Ergonomic Chair,9,2253.4,53,Furniture,South
2023-10-30,Protein Powder,2,73.04,211,Health,East
2023-10-30,Ergonomic Chair,6,1610.54,49,Furniture,North
2023-10-31,SmartPhone X,9,7458.68,99,Electronics,South
2023-10-31,Office Desk,11,3669.16,41,Furniture,East
2023-10-31,Wireless Earbuds,5,803.84,150,Electronics,Central
2023-10-31,SmartPhone X,3,2618.99,75,Electronics,North
2023-10-31,Winter Jacket,33,5364.53,63,Apparel,South
2023-10-31,Winter Jacket,6,1012.77,82,Apparel,West
2023-10-31,SmartPhone X,1,733.97,79,Electronics,East
2023-10-31,Laptop Pro,11,13082.79,59,Electronics,South
2023-10-31,SmartPhone X,5,4139.07,85,Electronics,South
2023-10-31,Wireless Earbuds,9,1440.97,143,Electronics,North
2023-10-31,Running Shoes,11,1237.28,119,Apparel,South
2023-10-31,Running Shoes,9,1020.72,101,Apparel,South
2023-10-31,Multivitamins,7,179.09,302,Health,South
2023-10-31,Winter Jacket,6,908.12,61,Apparel,North
2023-10-31,Yoga Mat,9,335.67,87,Health,East
2023-10-31,Protein Powder,7,306.36,223,Health,West
2023-10-31,Laptop Pro,7,8376.12,65,Electronics,Central
2023-10-31,Laptop Pro,9,10236.62,54,Electronics,North
2023-10-31,Designer Jeans,9,875.74,140,Apparel,South
2023-10-31,SmartPhone X,2,1445.42,102,Electronics,South
2023-10-31,Running Shoes,5,580.23,124,Apparel,East
2023-10-31,Office Desk,6,2007.02,28,Furniture,North
2023-10-31,Designer Jeans,5,448.4,156,Apparel,South
2023-10-31,Winter Jacket,21,3447.48,65,Apparel,East
2023-10-31,Multivitamins,1,24.76,277,Health,Central
2023-10-31,Office Desk,6,2230.37,28,Furniture,South
2023-10-31,Protein Powder,5,197.38,214,Health,North
2023-10-31,Running Shoes,3,336.59,112,Apparel,South
2023-10-31,Wireless Earbuds,3,425.18,149,Electronics,North
2023-11-01,Laptop Pro,9,10971.52,48,Electronics,Central
2023-11-01,Running Shoes,1,126.88,109,Apparel,East
2023-11-01,Multivitamins,6,141.46,301,Health,South
2023-11-01,Winter Jacket,33,5522.75,78,Apparel,East
2023-11-01,SmartPhone X,6,4508.29,96,Electronics,Central
2023-11-01,Office Desk,3,1125.98,41,Furniture,West
2023-11-01,Multivitamins,6,155.5,283,Health,North
2023-11-01,Laptop Pro,1,1148.29,68,Electronics,North
2023-11-01,Protein Powder,6,249.13,221,Health,North
2023-11-01,Coffee Table,3,490.63,35,Furniture,West
2023-11-01,Designer Jeans,1,88.46,150,Apparel,West
2023-11-01,Laptop Pro,9,10627.0,54,Electronics,East
2023-11-01,Coffee Table,1,176.96,42,Furniture,South
2023-11-01,Yoga Mat,9,332.28,93,Health,East
2023-11-01,Coffee Table,5,884.38,27,Furniture,East
2023-11-01,Running Shoes,10,1223.13,121,Apparel,Central
2023-11-01,SmartPhone X,11,8415.52,78,Electronics,East
2023-11-01,Multivitamins,11,299.28,300,Health,Central
2023-11-02,Laptop Pro,9,9882.74,49,Electronics,East
2023-11-02,Winter Jacket,15,2601.86,69,Apparel,Central
2023-11-02,Running Shoes,10,1102.29,97,Apparel,East
2023-11-02,Protein Powder,3,112.52,215,Health,East
2023-11-02,Running Shoes,2,223.69,125,Apparel,East
2023-11-02,Coffee Table,10,1772.32,45,Furniture,Central
2023-11-02,Coffee Table,7,1153.38,28,Furniture,West
2023-11-02,Yoga Mat,9,328.58,76,Health,West
2023-11-02,Designer Jeans,2,178.29,135,Apparel,East
2023-11-02,Laptop Pro,7,7614.86,66,Electronics,Central
2023-11-02,SmartPhone X,5,4354.24,81,Electronics,North
2023-11-02,Coffee Table,9,1757.05,40,Furniture,East
2023-11-02,Yoga Mat,2,73.95,75,Health,South
2023-11-02,Wireless Earbuds,6,930.56,151,Electronics,West
2023-11-02,SmartPhone X,11,8822.84,98,Electronics,West
2023-11-02,Laptop Pro,7,9084.25,51,Electronics,East
2023-11-02,Winter Jacket,27,4350.33,74,Apparel,North
2023-11-02,Laptop Pro,5,5718.81,60,Electronics,South
2023-11-02,Running Shoes,7,794.5,124,Apparel,South
2023-11-02,Office Desk,7,2490.16,50,Furniture,North
2023-11-02,Coffee Table,2,390.71,20,Furniture,South
2023-11-02,Winter Jacket,6,1012.48,81,Apparel,South
2023-11-02,Winter Jacket,18,2803.32,88,Apparel,East
2023-11-02,Winter Jacket,15,2392.98,75,Apparel,East
2023-11-02,Coffee Table,1,196.51,33,Furniture,West
2023-11-02,Multivitamins,7,188.43,275,Health,West
2023-11-02,Winter Jacket,3,481.11,65,Apparel,West
2023-11-02,Running Shoes,9,1036.94,100,Apparel,East
2023-11-02,Winter Jacket,33,5210.12,81,Apparel,North
2023-11-03,Office Desk,6,2256.41,39,Furniture,South
2023-11-03,Laptop Pro,6,6671.06,52,Electronics,North
2023-11-03,Coffee Table,2,360.23,41,Furniture,Central
2023-11-03,Running Shoes,10,1290.61,123,Apparel,West
2023-11-03,Yoga Mat,10,341.94,79,Health,East
2023-11-03,Protein Powder,7,276.17,207,Health,East
2023-11-03,Designer Jeans,1,88.4,152,Apparel,Central
2023-11-03,Protein Powder,5,219.99,217,Health,West
2023-11-03,Designer Jeans,1,84.75,161,Apparel,South
2023-11-03,Office Desk,2,719.32,36,Furniture,West
2023-11-03,Yoga Mat,6,204.16,99,Health,South
2023-11-03,Running Shoes,9,1070.34,117,Apparel,North
2023-11-03,Wireless Earbuds,5,789.12,143,Electronics,East
2023-11-03,Winter Jacket,33,5589.77,65,Apparel,West
2023-11-03,Running Shoes,10,1240.26,96,Apparel,East
2023-11-03,Running Shoes,11,1435.95,103,Apparel,East
2023-11-03,Yoga Mat,1,34.29,80,Health,East
2023-11-03,Winter Jacket,18,2966.91,63,Apparel,East
2023-11-03,Designer Jeans,7,616.96,159,Apparel,Central
2023-11-03,Laptop Pro,7,8814.53,59,Electronics,West
2023-11-03,Running Shoes,5,550.0,106,Apparel,Central
2023-11-03,Protein Powder,9,339.79,205,Health,West
2023-11-03,Multivitamins,3,77.57,275,Health,South
2023-11-03,Wireless Earbuds,6,948.53,150,Electronics,Central
2023-11-03,SmartPhone X,3,2635.5,80,Electronics,West
2023-11-03,SmartPhone X,5,3625.7,98,Electronics,West
2023-11-03,SmartPhone X,1,833.07,97,Electronics,Central
2023-11-03,Coffee Table,1,186.78,32,Furniture,West
2023-11-03,Running Shoes,10,1279.69,96,Apparel,Central
2023-11-04,Wireless Earbuds,2,276.22,151,Electronics,South
2023-11-04,Designer Jeans,10,866.52,141,Apparel,East
2023-11-04,SmartPhone X,5,3990.0,85,Electronics,East
2023-11-04,Yoga Mat,6,216.11,103,Health,North
2023-11-04,Multivitamins,3,78.42,283,Health,Central
2023-11-04,Ergonomic Chair,9,2431.53,44,Furniture,South
2023-11-04,Designer Jeans,10,825.49,138,Apparel,West
2023-11-04,Office Desk,1,376.45,43,Furniture,East
2023-11-04,Coffee Table,2,345.78,20,Furniture,North
2023-11-04,Coffee Table,1,162.32,20,Furniture,Central
2023-11-04,Yoga Mat,7,254.27,99,Health,South
2023-11-05,SmartPhone X,2,1582.53,94,Electronics,Central
2023-11-05,Running Shoes,9,1070.02,99,Apparel,Central
2023-11-05,Running Shoes,3,362.85,114,Apparel,West
2023-11-05,SmartPhone X,3,2386.45,92,Electronics,Central
2023-11-05,Laptop Pro,5,5568.05,48,Electronics,East
2023-11-05,Protein Powder,9,341.02,203,Health,East
2023-11-05,Protein Powder,1,36.88,209,Health,Central
2023-11-05,Laptop Pro,10,12192.41,73,Electronics,North
2023-11-05,Multivitamins,2,53.02,286,Health,Central
2023-11-05,Laptop Pro,1,1228.26,62,Electronics,East
2023-11-05,Designer Jeans,1,98.01,135,Apparel,South
2023-11-05,Wireless Earbuds,9,1235.87,143,Electronics,Central
2023-11-05,Winter Jacket,27,4082.19,67,Apparel,Central
2023-11-05,SmartPhone X,5,3744.24,92,Electronics,West
2023-11-05,Winter Jacket,33,5166.95,85,Apparel,North
2023-11-05,Protein Powder,10,390.7,218,Health,Central
2023-11-06,Designer Jeans,5,424.03,135,Apparel,East
2023-11-06,Winter Jacket,15,2224.92,78,Apparel,South
2023-11-06,Protein Powder,10,408.45,225,Health,West
2023-11-06,Office Desk,3,961.03,50,Furniture,Central
2023-11-06,Running Shoes,6,733.37,110,Apparel,Central
2023-11-06,Office Desk,6,2171.19,46,Furniture,North
2023-11-06,Designer Jeans,9,793.86,134,Apparel,Central
2023-11-06,Protein Powder,9,386.37,205,Health,North
2023-11-06,Multivitamins,2,46.28,296,Health,South
2023-11-06,SmartPhone X,5,4046.51,85,Electronics,North
2023-11-06,Office Desk,7,2239.05,41,Furniture,West
2023-11-06,Designer Jeans,3,268.32,133,Apparel,East
2023-11-06,SmartPhone X,7,6072.19,96,Electronics,Central
2023-11-06,SmartPhone X,6,5178.61,95,Electronics,West
2023-11-06,Laptop Pro,11,13455.98,58,Electronics,West
2023-11-06,Office Desk,7,2259.7,50,Furniture,West
2023-11-06,Winter Jacket,3,493.65,70,Apparel,North
2023-11-06,Ergonomic Chair,3,706.07,39,Furniture,East
2023-11-06,Wireless Earbuds,10,1572.71,132,Electronics,North
2023-11-06,Wireless Earbuds,10,1619.3,133,Electronics,South
2023-11-06,Coffee Table,10,1750.41,24,Furniture,North
2023-11-06,Protein Powder,7,253.54,213,Health,North
2023-11-06,Laptop Pro,2,2501.12,57,Electronics,Central
2023-11-06,Wireless Earbuds,1,162.68,147,Electronics,West
2023-11-06,SmartPhone X,10,8799.13,79,Electronics,South
2023-11-06,Office Desk,7,2234.22,50,Furniture,East
2023-11-06,Ergonomic Chair,6,1561.44,53,Furniture,South
2023-11-06,SmartPhone X,1,779.75,93,Electronics,East
2023-11-07,Coffee Table,11,2051.5,18,Furniture,West
2023-11-07,Wireless Earbuds,1,153.01,159,Electronics,South
2023-11-07,Multivitamins,6,145.0,302,Health,Central
2023-11-07,Office Desk,10,3663.7,40,Furniture,Central
2023-11-07,Office Desk,2,647.6,27,Furniture,West
2023-11-07,Wireless Earbuds,3,409.26,134,Electronics,South
2023-11-07,Winter Jacket,9,1463.6,65,Apparel,North
2023-11-07,Winter Jacket,9,1344.74,63,Apparel,North
2023-11-07,SmartPhone X,5,4199.43,81,Electronics,South
2023-11-07,Yoga Mat,9,288.85,101,Health,North
2023-11-07,Winter Jacket,18,2893.65,63,Apparel,South
2023-11-07,Yoga Mat,10,326.64,102,Health,West
2023-11-07,Wireless Earbuds,3,451.92,156,Electronics,East
2023-11-07,Coffee Table,11,1865.27,33,Furniture,East
2023-11-07,Yoga Mat,9,293.31,92,Health,West
2023-11-07,Coffee Table,9,1690.88,20,Furniture,East
2023-11-07,Running Shoes,6,658.58,125,Apparel,North
2023-11-07,Ergonomic Chair,7,1863.14,63,Furniture,East
2023-11-07,Ergonomic Chair,11,2965.37,62,Furniture,East
2023-11-07,Wireless Earbuds,5,765.91,138,Electronics,North
2023-11-07,Office Desk,7,2460.7,31,Furniture,Central
2023-11-07,Designer Jeans,5,441.11,139,Apparel,West
2023-11-07,SmartPhone X,9,7579.59,77,Electronics,Central
2023-11-07,Wireless Earbuds,11,1514.21,159,Electronics,West
2023-11-07,SmartPhone X,5,4286.24,103,Electronics,East
2023-11-07,Laptop Pro,6,7640.72,61,Electronics,West
2023-11-08,Coffee Table,5,857.57,37,Furniture,East
2023-11-08,SmartPhone X,11,9667.2,80,Electronics,West
2023-11-08,Running Shoes,10,1312.74,115,Apparel,West
2023-11-08,Multivitamins,10,270.23,288,Health,East
2023-11-08,Designer Jeans,3,265.84,141,Apparel,East
2023-11-08,Coffee Table,9,1755.23,36,Furniture,North
2023-11-08,Designer Jeans,10,828.64,156,Apparel,Central
2023-11-08,Running Shoes,3,351.06,104,Apparel,North
2023-11-08,Yoga Mat,7,241.99,78,Health,East
2023-11-08,Ergonomic Chair,6,1648.2,40,Furniture,Central
2023-11-08,Designer Jeans,7,626.68,145,Apparel,East
2023-11-08,Multivitamins,9,211.02,292,Health,North
2023-11-08,Winter Jacket,33,5027.44,76,Apparel,South
2023-11-08,Laptop Pro,5,5439.83,51,Electronics,South
2023-11-08,Laptop Pro,6,6763.23,46,Electronics,South
2023-11-08,Running Shoes,6,787.23,97,Apparel,West
2023-11-08,Office Desk,2,742.02,27,Furniture,West
2023-11-08,Ergonomic Chair,5,1292.24,68,Furniture,West
2023-11-08,SmartPhone X,5,4059.06,83,Electronics,North
2023-11-08,Protein Powder,11,422.22,231,Health,West
2023-11-08,SmartPhone X,7,5866.96,103,Electronics,East
2023-11-08,Running Shoes,3,353.47,115,Apparel,North
2023-11-09,Ergonomic Chair,7,1701.75,60,Furniture,North
2023-11-09,Wireless Earbuds,2,292.51,136,Electronics,Central
2023-11-09,Coffee Table,1,176.66,21,Furniture,North
2023-11-09,Wireless Earbuds,9,1262.92,151,Electronics,East
2023-11-09,SmartPhone X,2,1711.37,84,Electronics,Central
2023-11-09,Wireless Earbuds,1,151.09,159,Electronics,South
2023-11-09,Running Shoes,1,117.64,118,Apparel,Central
2023-11-09,Running Shoes,11,1451.44,96,Apparel,North
2023-11-09,Coffee Table,6,1151.93,21,Furniture,East
2023-11-09,Winter Jacket,3,498.37,74,Apparel,South
2023-11-09,Multivitamins,5,129.79,291,Health,Central
2023-11-09,Designer Jeans,6,553.55,145,Apparel,Central
2023-11-09,Wireless Earbuds,11,1590.08,134,Electronics,East
2023-11-09,Protein Powder,11,482.56,206,Health,West
2023-11-09,Winter Jacket,33,4921.35,63,Apparel,West
2023-11-09,Laptop Pro,2,2368.48,63,Electronics,North
2023-11-09,Ergonomic Chair,2,483.6,39,Furniture,North
2023-11-10,Coffee Table,1,172.4,21,Furniture,East
2023-11-10,SmartPhone X,3,2174.2,87,Electronics,North
2023-11-10,Office Desk,10,3435.27,52,Furniture,East
2023-11-10,Running Shoes,9,1116.51,104,Apparel,South
2023-11-10,Designer Jeans,1,84.84,149,Apparel,West
2023-11-10,Multivitamins,2,54.81,299,Health,Central
2023-11-10,Running Shoes,9,1090.04,106,Apparel,East
2023-11-10,Coffee Table,11,1891.69,19,Furniture,North
2023-11-10,Laptop Pro,11,14354.37,46,Electronics,North
2023-11-10,Office Desk,9,3275.49,54,Furniture,West
2023-11-10,Ergonomic Chair,2,533.47,41,Furniture,East
2023-11-10,Multivitamins,11,271.25,300,Health,West
2023-11-10,Yoga Mat,9,327.97,79,Health,South
2023-11-10,Wireless Earbuds,3,429.54,157,Electronics,Central
2023-11-10,SmartPhone X,6,5120.46,80,Electronics,West
2023-11-10,Yoga Mat,9,319.05,92,Health,West
2023-11-10,Multivitamins,3,76.83,272,Health,North
2023-11-11,Running Shoes,7,868.5,104,Apparel,North
2023-11-11,SmartPhone X,10,7810.14,79,Electronics,East
2023-11-11,Yoga Mat,7,249.79,96,Health,South
2023-11-11,Multivitamins,9,220.43,285,Health,South
2023-11-11,SmartPhone X,9,6550.91,98,Electronics,Central
2023-11-11,Multivitamins,1,26.72,285,Health,West
2023-11-11,Coffee Table,1,193.02,23,Furniture,South
2023-11-11,Laptop Pro,6,6485.8,54,Electronics,East
2023-11-11,Yoga Mat,10,328.08,91,Health,East
2023-11-11,Protein Powder,10,414.35,215,Health,East
2023-11-11,Laptop Pro,6,6538.35,70,Electronics,East
2023-11-11,Yoga Mat,1,37.39,78,Health,North
2023-11-11,SmartPhone X,2,1705.59,77,Electronics,West
2023-11-11,Protein Powder,11,458.24,225,Health,West
2023-11-11,Coffee Table,11,2154.96,44,Furniture,North
2023-11-11,Yoga Mat,1,33.12,85,Health,West
2023-11-11,Laptop Pro,7,8343.88,50,Electronics,North
2023-11-11,Wireless Earbuds,6,836.93,154,Electronics,East
2023-11-11,Office Desk,6,1950.66,42,Furniture,East
2023-11-12,Ergonomic Chair,11,2766.22,60,Furniture,East
2023-11-12,Protein Powder,9,332.42,202,Health,East
2023-11-12,SmartPhone X,9,7822.49,74,Electronics,South
2023-11-12,Multivitamins,9,240.99,281,Health,North
2023-11-12,Wireless Earbuds,7,1010.1,136,Electronics,South
2023-11-12,Designer Jeans,9,819.2,150,Apparel,East
2023-11-12,Multivitamins,10,230.17,273,Health,South
2023-11-12,Office Desk,9,2862.42,30,Furniture,East
2023-11-12,Wireless Earbuds,11,1528.02,145,Electronics,South
2023-11-12,Ergonomic Chair,2,529.12,55,Furniture,South
2023-11-12,Office Desk,2,692.36,31,Furniture,East
2023-11-12,Winter Jacket,15,2457.19,86,Apparel,East
2023-11-12,Running Shoes,10,1239.36,112,Apparel,South
2023-11-13,Multivitamins,1,22.7,276,Health,Central
2023-11-13,Wireless Earbuds,9,1233.08,150,Electronics,East
2023-11-13,Protein Powder,11,430.48,216,Health,South
2023-11-13,SmartPhone X,3,2496.32,98,Electronics,North
2023-11-13,Designer Jeans,5,467.62,143,Apparel,Central
2023-11-13,Running Shoes,7,856.32,110,Apparel,South
2023-11-13,Ergonomic Chair,11,2654.17,65,Furniture,South
2023-11-13,Winter Jacket,9,1422.18,61,Apparel,East
2023-11-13,SmartPhone X,10,7580.68,90,Electronics,East
2023-11-13,Running Shoes,7,783.96,101,Apparel,East
2023-11-13,Protein Powder,2,85.86,225,Health,Central
2023-11-13,Running Shoes,5,624.34,102,Apparel,East
2023-11-13,Winter Jacket,3,468.2,71,Apparel,West
2023-11-13,Running Shoes,9,1142.51,107,Apparel,East
2023-11-13,Running Shoes,9,1051.1,95,Apparel,East
2023-11-13,Multivitamins,1,27.05,275,Health,North
2023-11-13,Wireless Earbuds,5,759.51,155,Electronics,West
2023-11-13,SmartPhone X,7,5771.05,83,Electronics,West
2023-11-13,Coffee Table,7,1180.41,36,Furniture,North
2023-11-13,Running Shoes,5,581.19,122,Apparel,North
2023-11-13,Wireless Earbuds,11,1646.3,137,Electronics,Central
2023-11-13,Protein Powder,11,430.09,223,Health,West
2023-11-13,Laptop Pro,11,12383.58,53,Electronics,North
2023-11-13,Wireless Earbuds,11,1594.05,147,Electronics,West
2023-11-13,Designer Jeans,10,933.68,138,Apparel,East
2023-11-13,Running Shoes,11,1282.43,114,Apparel,Central
2023-11-13,Ergonomic Chair,9,2231.91,53,Furniture,North
2023-11-13,Designer Jeans,6,532.01,146,Apparel,South
2023-11-14,Winter Jacket,33,4829.16,62,Apparel,Central
2023-11-14,Winter Jacket,3,513.06,77,Apparel,Central
2023-11-14,Ergonomic Chair,1,252.92,49,Furniture,West
2023-11-14,Protein Powder,11,472.3,223,Health,West
2023-11-14,Laptop Pro,11,12820.83,60,Electronics,Central
2023-11-14,Multivitamins,11,249.41,287,Health,North
2023-11-14,Multivitamins,7,175.98,280,Health,West
2023-11-14,Designer Jeans,11,1052.3,158,Apparel,Central
2023-11-14,Protein Powder,2,87.86,208,Health,East
2023-11-14,Protein Powder,10,389.12,217,Health,East
2023-11-14,SmartPhone X,3,2539.23,94,Electronics,Central
2023-11-14,Designer Jeans,2,187.55,148,Apparel,East
2023-11-14,Office Desk,7,2623.56,31,Furniture,East
2023-11-14,Winter Jacket,33,5233.9,70,Apparel,North
2023-11-14,Yoga Mat,2,65.91,89,Health,East
2023-11-14,Coffee Table,5,908.4,24,Furniture,Central
2023-11-14,Yoga Mat,7,269.1,83,Health,North
2023-11-14,Winter Jacket,30,4607.99,73,Apparel,West
2023-11-14,Running Shoes,5,629.31,97,Apparel,North
2023-11-14,Running Shoes,1,124.1,103,Apparel,West
2023-11-14,Multivitamins,7,166.03,272,Health,South
2023-11-14,Office Desk,10,3268.01,47,Furniture,East
2023-11-14,Winter Jacket,3,441.79,60,Apparel,South
2023-11-14,Protein Powder,1,42.19,210,Health,Central
2023-11-14,Designer Jeans,1,97.14,152,Apparel,North
2023-11-14,Winter Jacket,27,4672.27,64,Apparel,West
2023-11-14,Multivitamins,7,174.82,277,Health,North
2023-11-14,Ergonomic Chair,11,2621.96,52,Furniture,South
2023-11-14,Yoga Mat,5,163.94,96,Health,Central
2023-11-15,Yoga Mat,7,263.32,88,Health,Central
2023-11-15,Protein Powder,10,430.27,202,Health,Central
2023-11-15,Multivitamins,2,54.6,281,Health,South
2023-11-15,Winter Jacket,30,4782.99,87,Apparel,North
2023-11-15,Running Shoes,2,261.23,100,Apparel,South
2023-11-15,Designer Jeans,1,84.71,154,Apparel,West
2023-11-15,Wireless Earbuds,7,1151.58,130,Electronics,Central
2023-11-15,Office Desk,6,2081.42,28,Furniture,East
2023-11-15,Wireless Earbuds,1,135.38,141,Electronics,West
2023-11-15,Ergonomic Chair,2,511.02,63,Furniture,Central
2023-11-15,SmartPhone X,11,8121.16,89,Electronics,East
2023-11-15,Protein Powder,11,470.18,215,Health,North
2023-11-15,Office Desk,2,694.73,43,Furniture,North
2023-11-15,Running Shoes,3,366.78,107,Apparel,East
2023-11-15,Laptop Pro,2,2260.83,69,Electronics,Central
2023-11-15,SmartPhone X,2,1659.48,98,Electronics,Central
2023-11-15,SmartPhone X,9,7901.78,96,Electronics,Central
2023-11-15,Multivitamins,10,257.87,275,Health,West
2023-11-15,Yoga Mat,11,423.3,91,Health,East
2023-11-15,Wireless Earbuds,1,151.14,156,Electronics,Central
2023-11-15,Winter Jacket,18,2858.18,69,Apparel,West
2023-11-15,Protein Powder,3,120.75,227,Health,North
2023-11-15,Ergonomic Chair,5,1356.7,41,Furniture,West
2023-11-15,Laptop Pro,6,7692.49,61,Electronics,West
2023-11-15,Protein Powder,5,208.73,225,Health,North
2023-11-16,Ergonomic Chair,3,807.57,62,Furniture,West
2023-11-16,Laptop Pro,5,5957.67,50,Electronics,Central
2023-11-16,Ergonomic Chair,3,776.7,52,Furniture,West
2023-11-16,Wireless Earbuds,5,770.01,148,Electronics,North
2023-11-16,Designer Jeans,1,94.55,157,Apparel,Central
2023-11-16,Designer Jeans,5,485.76,147,Apparel,Central
2023-11-16,Office Desk,1,380.74,31,Furniture,West
2023-11-16,Coffee Table,11,2106.97,36,Furniture,Central
2023-11-16,Ergonomic Chair,6,1392.99,41,Furniture,South
2023-11-16,Laptop Pro,1,1136.89,53,Electronics,North
2023-11-16,Protein Powder,9,341.28,217,Health,North
2023-11-16,SmartPhone X,11,8615.71,77,Electronics,West
2023-11-16,Winter Jacket,3,468.13,72,Apparel,Central
2023-11-16,Winter Jacket,3,442.52,67,Apparel,East
2023-11-16,Laptop Pro,10,11708.86,61,Electronics,North
2023-11-16,Protein Powder,5,212.7,229,Health,North
2023-11-16,Running Shoes,2,245.87,101,Apparel,Central
2023-11-16,Office Desk,3,1027.3,33,Furniture,East
2023-11-16,Multivitamins,7,180.28,278,Health,North
2023-11-16,Yoga Mat,11,375.33,80,Health,South
2023-11-16,Wireless Earbuds,10,1525.99,131,Electronics,East
2023-11-16,Designer Jeans,6,486.36,145,Apparel,Central
2023-11-16,Running Shoes,3,366.51,105,Apparel,West
2023-11-16,Protein Powder,7,307.21,206,Health,Central
2023-11-16,Winter Jacket,9,1329.96,68,Apparel,Central
2023-11-16,Running Shoes,10,1296.89,119,Apparel,East
2023-11-16,Protein Powder,1,41.46,211,Health,East
2023-11-17,Winter Jacket,21,3219.54,74,Apparel,Central
2023-11-17,Winter Jacket,30,4436.97,80,Apparel,East
2023-11-17,Yoga Mat,9,284.25,93,Health,Central
2023-11-17,Coffee Table,3,498.88,17,Furniture,North
2023-11-17,Running Shoes,7,913.65,117,Apparel,North
2023-11-17,Office Desk,1,381.49,45,Furniture,Central
2023-11-17,Laptop Pro,3,3572.28,52,Electronics,Central
2023-11-17,Office Desk,6,1987.74,38,Furniture,Central
2023-11-17,Protein Powder,6,254.07,202,Health,East
2023-11-17,Yoga Mat,10,350.97,92,Health,West
2023-11-17,Ergonomic Chair,1,262.89,53,Furniture,West
2023-11-17,Protein Powder,2,82.97,228,Health,East
2023-11-17,Multivitamins,3,79.01,293,Health,East
2023-11-17,Protein Powder,11,419.84,218,Health,Central
2023-11-17,SmartPhone X,1,811.93,86,Electronics,North
2023-11-17,Wireless Earbuds,10,1471.6,138,Electronics,Central
2023-11-17,Laptop Pro,2,2332.4,67,Electronics,West
2023-11-17,Winter Jacket,33,5385.91,63,Apparel,North
2023-11-17,Yoga Mat,7,222.41,74,Health,West
2023-11-17,Running Shoes,5,624.59,108,Apparel,North
2023-11-17,Coffee Table,6,1152.75,19,Furniture,North
2023-11-17,Protein Powder,10,366.9,214,Health,Central
2023-11-18,Ergonomic Chair,11,2840.96,56,Furniture,Central
2023-11-18,Coffee Table,11,2113.41,41,Furniture,South
2023-11-18,Yoga Mat,5,173.4,102,Health,South
2023-11-18,Coffee Table,9,1492.67,46,Furniture,South
2023-11-18,Wireless Earbuds,10,1549.98,148,Electronics,West
2023-11-18,Office Desk,7,2644.23,37,Furniture,South
2023-11-18,Coffee Table,6,1090.97,36,Furniture,North
2023-11-18,Protein Powder,7,272.78,213,Health,North
2023-11-18,Multivitamins,1,26.09,298,Health,Central
2023-11-18,Ergonomic Chair,10,2423.48,40,Furniture,Central
2023-11-18,SmartPhone X,5,4114.19,94,Electronics,East
2023-11-18,Designer Jeans,2,166.06,130,Apparel,South
2023-11-18,Multivitamins,9,220.14,283,Health,East
2023-11-19,Running Shoes,9,1142.44,109,Apparel,South
2023-11-19,Wireless Earbuds,3,491.34,136,Electronics,West
2023-11-19,Laptop Pro,2,2380.1,64,Electronics,Central
2023-11-19,Multivitamins,11,256.15,271,Health,Central
2023-11-19,Office Desk,10,3406.21,53,Furniture,South
2023-11-19,Wireless Earbuds,3,427.03,148,Electronics,North
2023-11-19,Office Desk,1,334.35,45,Furniture,North
2023-11-19,Laptop Pro,7,8318.75,46,Electronics,South
2023-11-19,Multivitamins,9,208.85,284,Health,East
2023-11-19,SmartPhone X,11,8467.89,96,Electronics,North
2023-11-19,Designer Jeans,6,491.77,143,Apparel,East
2023-11-19,Protein Powder,5,215.97,199,Health,West
2023-11-19,Coffee Table,7,1313.18,38,Furniture,South
2023-11-19,Coffee Table,1,164.34,35,Furniture,South
2023-11-19,Wireless Earbuds,11,1771.44,134,Electronics,North
2023-11-19,Ergonomic Chair,7,1621.23,49,Furniture,West
2023-11-19,Yoga Mat,5,167.92,76,Health,North
2023-11-19,Ergonomic Chair,6,1427.41,50,Furniture,North
2023-11-20,Yoga Mat,5,167.97,73,Health,South
2023-11-20,Coffee Table,6,999.58,21,Furniture,West
2023-11-20,Wireless Earbuds,3,455.9,155,Electronics,West
2023-11-20,Ergonomic Chair,1,249.77,50,Furniture,North
2023-11-20,Protein Powder,3,121.84,219,Health,East
2023-11-20,Multivitamins,10,241.96,276,Health,West
2023-11-20,Yoga Mat,3,109.66,82,Health,South
2023-11-20,Coffee Table,1,167.39,42,Furniture,West
2023-11-20,Multivitamins,1,25.81,274,Health,North
2023-11-20,Ergonomic Chair,11,2972.29,41,Furniture,South
2023-11-20,Laptop Pro,2,2299.87,49,Electronics,North
2023-11-20,SmartPhone X,11,8726.9,84,Electronics,Central
2023-11-20,SmartPhone X,3,2609.5,91,Electronics,West
2023-11-20,Coffee Table,10,1712.35,36,Furniture,Central
2023-11-20,Designer Jeans,5,411.92,156,Apparel,North
2023-11-20,Ergonomic Chair,2,542.53,47,Furniture,East
2023-11-20,Designer Jeans,7,681.31,134,Apparel,West
2023-11-20,Laptop Pro,7,8331.7,52,Electronics,East
2023-11-21,Designer Jeans,5,405.87,137,Apparel,North
2023-11-21,Protein Powder,5,181.33,214,Health,East
2023-11-21,Coffee Table,9,1559.77,43,Furniture,East
2023-11-21,Laptop Pro,5,6300.1,61,Electronics,North
2023-11-21,Coffee Table,2,349.15,30,Furniture,West
2023-11-21,Multivitamins,1,27.17,274,Health,West
2023-11-21,Yoga Mat,3,105.01,86,Health,Central
2023-11-21,Yoga Mat,6,220.03,93,Health,West
2023-11-21,Yoga Mat,10,344.93,102,Health,North
2023-11-21,Multivitamins,10,244.07,294,Health,South
2023-11-21,Protein Powder,2,76.24,215,Health,West
2023-11-21,Multivitamins,5,117.4,296,Health,Central
2023-11-21,Protein Powder,1,41.01,204,Health,Central
2023-11-21,Coffee Table,1,170.77,34,Furniture,West
2023-11-21,Ergonomic Chair,5,1240.44,58,Furniture,West
2023-11-21,Designer Jeans,5,435.59,134,Apparel,East
2023-11-21,Office Desk,3,950.64,46,Furniture,East
2023-11-21,Yoga Mat,9,290.17,76,Health,West
2023-11-21,Winter Jacket,3,491.48,63,Apparel,Central
2023-11-21,Office Desk,3,995.01,29,Furniture,South
2023-11-21,Winter Jacket,18,2757.74,83,Apparel,South
2023-11-21,Wireless Earbuds,3,434.64,155,Electronics,South
2023-11-21,Laptop Pro,5,6466.04,47,Electronics,West
2023-11-21,Yoga Mat,1,34.34,73,Health,Central
2023-11-22,Winter Jacket,33,5153.4,83,Apparel,North
2023-11-22,Wireless Earbuds,11,1717.42,156,Electronics,West
2023-11-22,Protein Powder,3,114.57,210,Health,East
2023-11-22,Designer Jeans,3,250.67,146,Apparel,West
2023-11-22,Winter Jacket,21,3115.58,64,Apparel,West
2023-11-22,Coffee Table,7,1369.8,29,Furniture,East
2023-11-22,Multivitamins,6,163.45,282,Health,North
2023-11-22,Ergonomic Chair,6,1434.37,65,Furniture,East
2023-11-22,Ergonomic Chair,11,2995.22,63,Furniture,North
2023-11-22,Protein Powder,7,263.85,201,Health,East
2023-11-22,Coffee Table,2,394.59,41,Furniture,Central
2023-11-22,Running Shoes,2,243.54,123,Apparel,East
2023-11-22,Running Shoes,6,711.8,105,Apparel,North
2023-11-22,Ergonomic Chair,9,2144.13,39,Furniture,Central
2023-11-22,Wireless Earbuds,7,1130.61,148,Electronics,South
2023-11-22,Yoga Mat,7,245.56,95,Health,South
2023-11-23,Running Shoes,6,690.21,98,Apparel,North
2023-11-23,Designer Jeans,5,410.93,149,Apparel,Central
2023-11-23,Multivitamins,1,25.79,271,Health,Central
2023-11-23,Designer Jeans,9,873.57,144,Apparel,South
2023-11-23,Protein Powder,7,306.88,219,Health,North
2023-11-23,Coffee Table,6,1132.74,30,Furniture,Central
2023-11-23,Protein Powder,3,109.77,218,Health,West
2023-11-23,Multivitamins,2,53.23,294,Health,West
2023-11-23,Laptop Pro,9,10956.97,47,Electronics,East
2023-11-23,Running Shoes,11,1384.7,96,Apparel,West
2023-11-23,Coffee Table,5,810.79,39,Furniture,East
2023-11-23,Designer Jeans,5,447.5,141,Apparel,South
2023-11-23,Coffee Table,6,1182.5,37,Furniture,South
2023-11-23,SmartPhone X,2,1465.95,83,Electronics,North
2023-11-23,Coffee Table,7,1215.78,46,Furniture,North
2023-11-23,Yoga Mat,1,35.76,97,Health,Central
2023-11-23,Yoga Mat,9,345.87,86,Health,North
2023-11-23,Office Desk,1,353.13,52,Furniture,Central
2023-11-23,Yoga Mat,11,407.49,85,Health,South
2023-11-23,SmartPhone X,7,5588.28,98,Electronics,East
2023-11-23,Coffee Table,10,1778.81,41,Furniture,Central
2023-11-23,Ergonomic Chair,3,750.8,59,Furniture,Central
2023-11-23,Running Shoes,9,1133.08,96,Apparel,East
2023-11-23,Designer Jeans,6,512.72,129,Apparel,Central
2023-11-24,Protein Powder,9,354.87,200,Health,East
2023-11-24,SmartPhone X,1,851.59,76,Electronics,North
2023-11-24,SmartPhone X,9,7037.66,90,Electronics,Central
2023-11-24,Office Desk,9,2904.05,32,Furniture,Central
2023-11-24,Designer Jeans,5,482.69,152,Apparel,East
2023-11-24,Designer Jeans,9,832.57,154,Apparel,East
2023-11-24,SmartPhone X,3,2232.82,92,Electronics,Central
2023-11-24,Laptop Pro,9,11371.17,58,Electronics,East
2023-11-24,Coffee Table,7,1220.14,34,Furniture,North
2023-11-24,Laptop Pro,1,1092.28,45,Electronics,West
2023-11-24,Designer Jeans,3,244.26,155,Apparel,East
2023-11-24,Designer Jeans,11,1086.54,145,Apparel,Central
2023-11-24,Designer Jeans,1,87.77,135,Apparel,East
2023-11-24,Laptop Pro,2,2185.62,69,Electronics,South
2023-11-24,Multivitamins,2,45.74,272,Health,East
2023-11-24,Yoga Mat,9,322.01,91,Health,East
2023-11-24,Laptop Pro,3,3301.14,60,Electronics,Central
2023-11-24,Multivitamins,2,53.82,271,Health,East
2023-11-24,Ergonomic Chair,10,2288.2,48,Furniture,West
2023-11-24,Laptop Pro,6,6580.54,53,Electronics,North
2023-11-24,Multivitamins,6,164.72,282,Health,North
2023-11-24,Running Shoes,6,668.68,110,Apparel,South
2023-11-24,Ergonomic Chair,7,1800.92,65,Furniture,Central
2023-11-24,Multivitamins,10,252.08,292,Health,West
2023-11-24,Running Shoes,3,355.61,119,Apparel,North
2023-11-24,Ergonomic Chair,5,1256.97,44,Furniture,West
2023-11-24,Winter Jacket,30,4867.19,59,Apparel,North
2023-11-24,Coffee Table,6,1042.92,24,Furniture,Central
2023-11-24,Laptop Pro,3,3354.15,48,Electronics,East
2023-11-25,Laptop Pro,9,9852.01,60,Electronics,West
2023-11-25,Coffee Table,10,1788.09,36,Furniture,West
2023-11-25,Laptop Pro,5,6514.89,61,Electronics,Central
2023-11-25,SmartPhone X,9,6935.9,100,Electronics,Central
2023-11-25,Running Shoes,11,1367.4,98,Apparel,West
2023-11-25,Ergonomic Chair,3,731.55,61,Furniture,North
2023-11-25,SmartPhone X,5,4042.46,81,Electronics,East
2023-11-25,Office Desk,7,2556.78,49,Furniture,West
2023-11-25,Wireless Earbuds,2,279.54,150,Electronics,East
2023-11-25,Designer Jeans,3,258.69,140,Apparel,North
2023-11-25,Winter Jacket,27,4016.38,59,Apparel,Central
2023-11-25,Multivitamins,3,74.28,282,Health,North
2023-11-25,Coffee Table,6,1165.13,42,Furniture,East
2023-11-25,Yoga Mat,10,324.32,98,Health,East
2023-11-25,Office Desk,11,3586.61,34,Furniture,West
2023-11-25,Ergonomic Chair,7,1913.22,55,Furniture,Central
2023-11-25,Coffee Table,3,506.12,21,Furniture,West
2023-11-25,Ergonomic Chair,2,520.57,52,Furniture,Central
2023-11-25,Laptop Pro,3,3280.51,57,Electronics,Central
2023-11-26,Protein Powder,10,404.32,200,Health,South
2023-11-26,Multivitamins,5,120.67,277,Health,East
2023-11-26,Winter Jacket,33,5424.31,71,Apparel,North
2023-11-26,SmartPhone X,7,5532.37,79,Electronics,East
2023-11-26,Laptop Pro,6,7420.81,45,Electronics,East
2023-11-26,Ergonomic Chair,7,1904.86,46,Furniture,South
2023-11-26,Running Shoes,7,875.14,108,Apparel,South
2023-11-26,Protein Powder,5,219.47,213,Health,Central
2023-11-26,Laptop Pro,11,12357.58,63,Electronics,West
2023-11-26,SmartPhone X,5,3628.06,93,Electronics,West
2023-11-26,Wireless Earbuds,7,1130.59,147,Electronics,Central
2023-11-26,Protein Powder,6,228.86,198,Health,Central
2023-11-26,Designer Jeans,10,878.79,136,Apparel,East
2023-11-26,SmartPhone X,11,8402.73,98,Electronics,West
2023-11-26,Designer Jeans,11,1024.98,129,Apparel,East
2023-11-26,Designer Jeans,3,284.84,128,Apparel,Central
2023-11-27,Laptop Pro,1,1163.67,55,Electronics,South
2023-11-27,Winter Jacket,27,4120.14,66,Apparel,North
2023-11-27,Office Desk,7,2478.83,38,Furniture,South
2023-11-27,Coffee Table,10,1957.12,35,Furniture,North
2023-11-27,Running Shoes,3,373.63,101,Apparel,West
2023-11-27,Coffee Table,11,2165.23,41,Furniture,North
2023-11-27,Designer Jeans,7,629.72,135,Apparel,South
2023-11-27,Designer Jeans,9,750.23,147,Apparel,Central
2023-11-27,Multivitamins,7,191.82,288,Health,North
2023-11-27,Coffee Table,6,1157.76,22,Furniture,West
2023-11-27,Winter Jacket,3,463.19,82,Apparel,North
2023-11-27,Winter Jacket,21,3254.18,72,Apparel,East
2023-11-27,Winter Jacket,6,910.53,84,Apparel,East
2023-11-27,Office Desk,3,1117.75,25,Furniture,South
2023-11-27,Laptop Pro,7,7624.06,61,Electronics,East
2023-11-27,Protein Powder,7,267.69,202,Health,Central
2023-11-27,SmartPhone X,11,8896.95,101,Electronics,East
2023-11-27,Wireless Earbuds,5,742.85,132,Electronics,Central
2023-11-27,Running Shoes,3,360.07,107,Apparel,North
2023-11-27,Running Shoes,11,1267.93,97,Apparel,Central
2023-11-27,Laptop Pro,6,7261.3,66,Electronics,East
2023-11-27,Office Desk,7,2396.16,40,Furniture,South
2023-11-27,Laptop Pro,3,3737.16,70,Electronics,North
2023-11-27,Winter Jacket,21,3294.36,75,Apparel,West
2023-11-27,Multivitamins,6,145.84,269,Health,South
2023-11-27,Yoga Mat,7,221.2,76,Health,East
2023-11-28,Yoga Mat,10,316.42,90,Health,East
2023-11-28,Office Desk,3,1037.23,43,Furniture,West
2023-11-28,Coffee Table,1,183.72,42,Furniture,South
2023-11-28,Running Shoes,7,818.72,113,Apparel,South
2023-11-28,Running Shoes,3,373.1,118,Apparel,East
2023-11-28,Designer Jeans,7,610.64,151,Apparel,East
2023-11-28,Office Desk,3,1077.09,29,Furniture,West
2023-11-28,SmartPhone X,7,5232.23,95,Electronics,Central
2023-11-28,Yoga Mat,6,211.35,95,Health,East
2023-11-28,Running Shoes,10,1297.83,95,Apparel,East
2023-11-28,Laptop Pro,6,7482.05,50,Electronics,North
2023-11-28,Yoga Mat,2,71.86,93,Health,North
2023-11-28,Multivitamins,1,27.4,275,Health,East
2023-11-28,Laptop Pro,5,6249.04,50,Electronics,South
2023-11-28,Running Shoes,10,1276.1,107,Apparel,South
2023-11-28,SmartPhone X,6,5059.61,83,Electronics,South
2023-11-28,Wireless Earbuds,1,137.92,127,Electronics,Central
2023-11-28,Coffee Table,11,2041.83,35,Furniture,North
2023-11-28,Coffee Table,2,351.93,23,Furniture,East
2023-11-28,Multivitamins,9,209.82,293,Health,North
2023-11-28,Laptop Pro,3,3400.34,70,Electronics,East
2023-11-28,Multivitamins,9,219.09,269,Health,West
2023-11-29,Yoga Mat,9,337.77,101,Health,West
2023-11-29,Designer Jeans,3,256.16,156,Apparel,Central
2023-11-29,Laptop Pro,6,6943.66,70,Electronics,West
2023-11-29,Yoga Mat,3,104.91,90,Health,West
2023-11-29,Winter Jacket,15,2542.41,84,Apparel,West
2023-11-29,Protein Powder,5,191.5,203,Health,North
2023-11-29,Coffee Table,2,350.9,22,Furniture,East
2023-11-29,Wireless Earbuds,9,1335.64,156,Electronics,West
2023-11-29,Running Shoes,6,783.0,94,Apparel,South
2023-11-29,Office Desk,11,3894.65,27,Furniture,West
2023-11-29,Multivitamins,6,154.41,286,Health,Central
2023-11-29,Multivitamins,5,121.12,280,Health,North
2023-11-29,Office Desk,6,2045.28,47,Furniture,South
2023-11-29,Multivitamins,7,157.9,279,Health,Central
2023-11-29,Ergonomic Chair,10,2623.49,67,Furniture,West
2023-11-29,Wireless Earbuds,2,301.34,144,Electronics,Central
2023-11-29,Designer Jeans,5,420.97,136,Apparel,West
2023-11-29,Winter Jacket,3,439.68,79,Apparel,Central
2023-11-29,Laptop Pro,3,3930.49,68,Electronics,East
2023-11-29,Protein Powder,5,196.27,205,Health,North
2023-11-29,SmartPhone X,2,1471.25,77,Electronics,West
2023-11-29,Yoga Mat,9,335.48,101,Health,West
2023-11-29,Yoga Mat,1,34.12,85,Health,North
2023-11-30,Multivitamins,2,48.78,275,Health,North
2023-11-30,Multivitamins,2,48.94,267,Health,South
2023-11-30,Designer Jeans,5,405.31,146,Apparel,West
2023-11-30,Laptop Pro,10,11708.34,45,Electronics,West
2023-11-30,Protein Powder,6,225.69,196,Health,Central
2023-11-30,Multivitamins,6,162.45,266,Health,Central
2023-11-30,Laptop Pro,2,2218.61,56,Electronics,West
2023-11-30,Wireless Earbuds,6,902.92,136,Electronics,West
2023-11-30,Wireless Earbuds,5,705.83,138,Electronics,South
2023-11-30,Multivitamins,5,121.34,274,Health,West
2023-11-30,SmartPhone X,7,5321.54,93,Electronics,Central
2023-11-30,Multivitamins,6,149.26,293,Health,West
2023-11-30,Running Shoes,6,665.69,116,Apparel,West
2023-11-30,Coffee Table,5,860.68,20,Furniture,West
2023-11-30,Office Desk,9,3434.11,45,Furniture,North
2023-11-30,Yoga Mat,5,157.85,91,Health,South
2023-11-30,Yoga Mat,10,376.55,90,Health,West
2023-11-30,Protein Powder,10,389.17,217,Health,South
2023-11-30,Multivitamins,10,254.53,289,Health,West
2023-11-30,Laptop Pro,2,2533.76,45,Electronics,North
2023-11-30,Laptop Pro,2,2353.18,45,Electronics,North
2023-11-30,Designer Jeans,9,828.04,135,Apparel,Central
2023-11-30,Yoga Mat,7,244.97,91,Health,North
2023-11-30,SmartPhone X,2,1464.97,75,Electronics,Central
2023-11-30,Yoga Mat,11,365.48,72,Health,East
2023-12-01,Ergonomic Chair,1,254.85,46,Furniture,South
2023-12-01,Running Shoes,6,751.02,101,Apparel,Central
2023-12-01,SmartPhone X,10,8054.26,81,Electronics,South
2023-12-01,Yoga Mat,7,255.0,93,Health,South
2023-12-01,SmartPhone X,6,4699.06,91,Electronics,South
2023-12-01,Winter Jacket,33,5097.15,85,Apparel,East
2023-12-01,Designer Jeans,7,587.67,145,Apparel,West
2023-12-01,Wireless Earbuds,7,1025.65,149,Electronics,Central
2023-12-01,Laptop Pro,5,6262.24,54,Electronics,South
2023-12-01,Designer Jeans,1,93.15,150,Apparel,South
2023-12-01,Laptop Pro,5,5547.9,62,Electronics,North
2023-12-01,Wireless Earbuds,6,960.81,131,Electronics,East
2023-12-01,Designer Jeans,9,740.09,131,Apparel,West
2023-12-01,Multivitamins,10,233.46,282,Health,North
2023-12-01,Wireless Earbuds,9,1368.21,156,Electronics,Central
2023-12-01,Office Desk,2,682.92,49,Furniture,West
2023-12-01,Protein Powder,3,112.3,198,Health,East
2023-12-01,Running Shoes,1,115.88,119,Apparel,West
2023-12-01,SmartPhone X,7,5457.11,90,Electronics,Central
2023-12-01,Ergonomic Chair,7,1588.76,66,Furniture,North
2023-12-01,Office Desk,5,1708.79,39,Furniture,East
2023-12-01,Ergonomic Chair,2,465.0,64,Furniture,East
2023-12-01,Office Desk,5,1680.79,44,Furniture,North
2023-12-01,Ergonomic Chair,10,2332.83,46,Furniture,West
2023-12-01,SmartPhone X,10,7706.13,88,Electronics,South
2023-12-02,Laptop Pro,3,3724.64,51,Electronics,East
2023-12-02,Running Shoes,9,1051.29,102,Apparel,West
2023-12-02,Yoga Mat,7,250.49,85,Health,Central
2023-12-02,SmartPhone X,6,4549.46,91,Electronics,East
2023-12-02,Laptop Pro,5,6509.39,44,Electronics,East
2023-12-02,Yoga Mat,2,64.63,72,Health,West
2023-12-02,Multivitamins,7,172.91,281,Health,East
2023-12-02,Designer Jeans,3,276.64,141,Apparel,North
2023-12-02,Designer Jeans,7,683.5,148,Apparel,North
2023-12-02,Laptop Pro,1,1106.77,66,Electronics,Central
2023-12-02,SmartPhone X,10,8459.4,82,Electronics,West
2023-12-02,Ergonomic Chair,5,1261.3,49,Furniture,South
2023-12-02,Wireless Earbuds,7,1037.21,132,Electronics,East
2023-12-02,Coffee Table,3,585.48,42,Furniture,North
2023-12-02,Coffee Table,5,923.61,40,Furniture,North
2023-12-02,Yoga Mat,3,97.88,88,Health,East
2023-12-02,Ergonomic Chair,3,774.24,49,Furniture,East
2023-12-02,Yoga Mat,9,307.61,90,Health,East
2023-12-02,Running Shoes,9,1057.31,120,Apparel,Central
2023-12-03,Yoga Mat,11,371.7,99,Health,North
2023-12-03,Winter Jacket,15,2408.0,86,Apparel,South
2023-12-03,Office Desk,11,3871.12,41,Furniture,South
2023-12-03,Laptop Pro,11,13262.7,50,Electronics,South
2023-12-03,Wireless Earbuds,11,1527.9,135,Electronics,South
2023-12-03,Protein Powder,6,260.04,209,Health,West
2023-12-03,Multivitamins,3,68.62,286,Health,South
2023-12-03,Ergonomic Chair,11,2476.4,64,Furniture,North
2023-12-03,Running Shoes,7,788.46,104,Apparel,Central
2023-12-03,Ergonomic Chair,7,1629.4,54,Furniture,North
2023-12-03,Laptop Pro,10,13007.84,65,Electronics,Central
2023-12-03,Multivitamins,3,73.43,291,Health,East
2023-12-03,Office Desk,7,2672.06,33,Furniture,North
2023-12-03,Winter Jacket,21,3172.76,82,Apparel,West
2023-12-03,Multivitamins,2,48.02,267,Health,East
2023-12-03,Yoga Mat,11,359.2,85,Health,Central
2023-12-04,Wireless Earbuds,7,1119.13,132,Electronics,Central
2023-12-04,Coffee Table,6,1148.66,17,Furniture,North
2023-12-04,Multivitamins,2,53.49,266,Health,North
2023-12-04,Multivitamins,11,294.39,279,Health,North
2023-12-04,Yoga Mat,6,204.96,100,Health,North
2023-12-04,Yoga Mat,5,180.36,80,Health,Central
2023-12-04,Coffee Table,3,491.7,19,Furniture,Central
2023-12-04,Laptop Pro,3,3747.62,64,Electronics,South
2023-12-04,Running Shoes,1,117.67,97,Apparel,West
2023-12-04,Running Shoes,7,917.85,107,Apparel,West
2023-12-04,Winter Jacket,33,5387.46,70,Apparel,North
2023-12-04,Designer Jeans,9,872.96,149,Apparel,South
2023-12-04,Designer Jeans,1,88.45,137,Apparel,East
2023-12-04,Winter Jacket,15,2283.46,83,Apparel,South
2023-12-04,Winter Jacket,33,5488.44,68,Apparel,East
2023-12-04,Multivitamins,5,118.87,283,Health,North
2023-12-04,Laptop Pro,9,10633.94,55,Electronics,East
2023-12-04,Wireless Earbuds,3,448.5,147,Electronics,South
2023-12-04,Yoga Mat,11,384.37,88,Health,Central
2023-12-04,Protein Powder,7,283.73,213,Health,West
2023-12-04,Ergonomic Chair,11,2600.57,66,Furniture,North
2023-12-04,Coffee Table,3,589.01,36,Furniture,South
2023-12-04,SmartPhone X,5,4231.1,72,Electronics,South
2023-12-04,Coffee Table,2,382.49,38,Furniture,East
2023-12-04,Designer Jeans,11,1069.84,153,Apparel,Central
2023-12-05,Office Desk,7,2446.71,40,Furniture,West
2023-12-05,Yoga Mat,11,412.8,90,Health,East
2023-12-05,Ergonomic Chair,6,1426.01,53,Furniture,North
2023-12-05,Winter Jacket,27,4701.05,72,Apparel,South
2023-12-05,SmartPhone X,10,8705.63,72,Electronics,West
2023-12-05,Running Shoes,10,1202.75,101,Apparel,North
2023-12-05,Protein Powder,11,396.52,202,Health,North
2023-12-05,Running Shoes,5,542.97,102,Apparel,West
2023-12-05,Yoga Mat,3,97.56,96,Health,Central
2023-12-05,Ergonomic Chair,3,771.5,47,Furniture,North
2023-12-05,Protein Powder,10,372.62,220,Health,South
2023-12-05,Office Desk,2,756.12,46,Furniture,South
2023-12-05,Protein Powder,7,290.09,204,Health,West
2023-12-05,Running Shoes,1,124.86,108,Apparel,North
2023-12-05,Wireless Earbuds,9,1381.9,127,Electronics,West
2023-12-05,Winter Jacket,6,896.86,64,Apparel,North
2023-12-05,Multivitamins,1,25.26,282,Health,North
2023-12-05,Running Shoes,9,1163.16,108,Apparel,East
2023-12-05,Running Shoes,5,627.52,105,Apparel,Central
2023-12-06,SmartPhone X,2,1624.61,82,Electronics,Central
2023-12-06,SmartPhone X,3,2535.66,92,Electronics,East
2023-12-06,Office Desk,7,2539.77,25,Furniture,West
2023-12-06,Ergonomic Chair,7,1676.13,65,Furniture,West
2023-12-06,Coffee Table,11,1804.0,25,Furniture,West
2023-12-06,Protein Powder,3,121.84,215,Health,Central
2023-12-06,Yoga Mat,3,96.1,92,Health,West
2023-12-06,Coffee Table,2,360.17,30,Furniture,Central
2023-12-06,Designer Jeans,2,194.98,128,Apparel,Central
2023-12-06,Ergonomic Chair,11,2984.89,43,Furniture,South
2023-12-06,Winter Jacket,15,2271.59,58,Apparel,East
2023-12-06,Office Desk,7,2379.72,46,Furniture,Central
2023-12-06,Laptop Pro,6,7636.35,73,Electronics,South
2023-12-06,Running Shoes,11,1399.07,103,Apparel,West
2023-12-06,Wireless Earbuds,7,1024.24,145,Electronics,North
2023-12-07,Wireless Earbuds,7,1125.43,130,Electronics,East
2023-12-07,Yoga Mat,5,175.01,83,Health,South
2023-12-07,Office Desk,2,690.09,46,Furniture,South
2023-12-07,Running Shoes,5,649.09,114,Apparel,North
2023-12-07,SmartPhone X,11,8842.9,86,Electronics,East
2023-12-07,Wireless Earbuds,11,1774.38,138,Electronics,South
2023-12-07,Ergonomic Chair,7,1661.91,55,Furniture,South
2023-12-07,Wireless Earbuds,9,1399.11,148,Electronics,Central
2023-12-07,Protein Powder,10,394.18,209,Health,Central
2023-12-07,Coffee Table,3,540.63,22,Furniture,West
2023-12-07,Wireless Earbuds,10,1548.33,130,Electronics,South
2023-12-07,Laptop Pro,1,1164.94,52,Electronics,South
2023-12-07,Multivitamins,2,50.27,279,Health,East
2023-12-07,Multivitamins,1,25.39,280,Health,East
2023-12-07,Coffee Table,2,338.77,27,Furniture,North
2023-12-07,Ergonomic Chair,3,688.7,64,Furniture,West
2023-12-07,Office Desk,2,767.02,50,Furniture,North
2023-12-07,Office Desk,3,1135.74,43,Furniture,West
2023-12-07,Winter Jacket,15,2352.15,60,Apparel,Central
2023-12-07,Ergonomic Chair,9,2341.61,62,Furniture,West
2023-12-07,Laptop Pro,2,2397.27,57,Electronics,South
2023-12-07,Winter Jacket,21,3267.82,66,Apparel,North
2023-12-07,Wireless Earbuds,7,1129.43,153,Electronics,Central
2023-12-07,Designer Jeans,5,408.83,154,Apparel,North
2023-12-07,Office Desk,10,3644.1,53,Furniture,South
2023-12-07,Designer Jeans,9,752.23,132,Apparel,South
2023-12-07,Ergonomic Chair,9,2045.51,45,Furniture,Central
2023-12-08,Coffee Table,2,366.1,17,Furniture,East
2023-12-08,Winter Jacket,3,494.54,71,Apparel,South
2023-12-08,Office Desk,11,4209.79,51,Furniture,Central
2023-12-08,SmartPhone X,1,747.85,78,Electronics,West
2023-12-08,Coffee Table,2,392.04,36,Furniture,West
2023-12-08,Designer Jeans,7,662.39,137,Apparel,West
2023-12-08,Office Desk,11,3963.62,42,Furniture,North
2023-12-08,Winter Jacket,3,482.94,69,Apparel,Central
2023-12-08,Wireless Earbuds,3,478.57,147,Electronics,Central
2023-12-08,Multivitamins,6,158.66,285,Health,West
2023-12-08,Multivitamins,2,50.11,282,Health,South
2023-12-08,Coffee Table,10,1663.78,26,Furniture,South
2023-12-08,Laptop Pro,5,5481.31,69,Electronics,East
2023-12-08,Multivitamins,5,134.97,272,Health,North
2023-12-08,SmartPhone X,7,5848.99,79,Electronics,East
2023-12-08,Wireless Earbuds,3,458.32,130,Electronics,North
2023-12-08,Designer Jeans,11,1060.36,151,Apparel,East
2023-12-08,Ergonomic Chair,6,1605.14,41,Furniture,Central
2023-12-08,Winter Jacket,27,4552.39,87,Apparel,East
2023-12-08,Ergonomic Chair,10,2692.38,53,Furniture,South
2023-12-09,Coffee Table,3,517.36,42,Furniture,East
2023-12-09,Winter Jacket,30,4986.48,81,Apparel,North
2023-12-09,Ergonomic Chair,2,492.14,43,Furniture,Central
2023-12-09,Coffee Table,11,1828.72,33,Furniture,Central
2023-12-09,Yoga Mat,7,242.36,76,Health,South
2023-12-09,Running Shoes,6,686.67,92,Apparel,East
2023-12-09,Wireless Earbuds,2,292.73,141,Electronics,South
2023-12-09,SmartPhone X,10,8501.04,97,Electronics,South
2023-12-09,Yoga Mat,9,296.96,89,Health,East
2023-12-09,Wireless Earbuds,9,1395.99,140,Electronics,West
2023-12-10,Wireless Earbuds,3,489.26,152,Electronics,West
2023-12-10,Coffee Table,11,1953.32,32,Furniture,East
2023-12-10,Wireless Earbuds,1,142.63,136,Electronics,North
2023-12-10,Multivitamins,9,239.06,280,Health,West
2023-12-10,Wireless Earbuds,1,151.18,129,Electronics,East
2023-12-10,SmartPhone X,2,1649.39,96,Electronics,West
2023-12-10,Winter Jacket,27,4086.8,61,Apparel,South
2023-12-10,Running Shoes,7,814.4,110,Apparel,South
2023-12-10,Ergonomic Chair,10,2284.39,53,Furniture,West
2023-12-10,Coffee Table,9,1761.06,44,Furniture,East
2023-12-10,Multivitamins,10,254.3,273,Health,Central
2023-12-11,Designer Jeans,2,186.56,146,Apparel,North
2023-12-11,Yoga Mat,3,95.81,91,Health,Central
2023-12-11,Protein Powder,10,363.04,204,Health,West
2023-12-11,Protein Powder,5,206.58,219,Health,Central
2023-12-11,Running Shoes,2,258.59,95,Apparel,West
2023-12-11,Yoga Mat,7,250.9,81,Health,Central
2023-12-11,Designer Jeans,9,847.96,140,Apparel,North
2023-12-11,Ergonomic Chair,1,246.25,48,Furniture,Central
2023-12-11,SmartPhone X,10,7467.16,73,Electronics,West
2023-12-11,Laptop Pro,5,5602.23,49,Electronics,East
2023-12-11,Laptop Pro,2,2238.91,52,Electronics,South
2023-12-11,Ergonomic Chair,5,1310.75,59,Furniture,West
2023-12-11,Coffee Table,2,351.0,25,Furniture,North
2023-12-11,Running Shoes,2,258.03,117,Apparel,East
2023-12-11,Running Shoes,6,753.01,94,Apparel,North
2023-12-11,Yoga Mat,2,76.27,80,Health,North
2023-12-12,Running Shoes,1,110.88,106,Apparel,East
2023-12-12,SmartPhone X,11,9614.59,93,Electronics,West
2023-12-12,Wireless Earbuds,9,1451.95,142,Electronics,North
2023-12-12,SmartPhone X,10,8038.78,85,Electronics,Central
2023-12-12,Coffee Table,1,192.76,19,Furniture,West
2023-12-12,Wireless Earbuds,9,1382.59,147,Electronics,North
2023-12-12,Running Shoes,6,735.53,105,Apparel,South
2023-12-12,Office Desk,9,3117.59,32,Furniture,East
2023-12-12,Wireless Earbuds,9,1298.61,152,Electronics,Central
2023-12-12,Coffee Table,10,1700.71,28,Furniture,South
2023-12-12,Multivitamins,3,82.06,262,Health,North
2023-12-12,Coffee Table,7,1309.57,40,Furniture,West
2023-12-12,Protein Powder,11,417.49,214,Health,East
2023-12-12,Wireless Earbuds,3,433.7,140,Electronics,West
2023-12-12,Coffee Table,5,873.89,42,Furniture,Central
2023-12-12,Protein Powder,2,85.61,205,Health,North
2023-12-12,Office Desk,6,1893.17,48,Furniture,Central
2023-12-12,Designer Jeans,7,602.45,126,Apparel,North
2023-12-12,SmartPhone X,1,759.37,71,Electronics,West
2023-12-12,Laptop Pro,3,3314.8,50,Electronics,East
2023-12-12,Multivitamins,6,137.65,271,Health,West
2023-12-12,Coffee Table,10,1964.79,32,Furniture,East
2023-12-12,Winter Jacket,15,2262.09,79,Apparel,East
2023-12-13,Running Shoes,2,244.37,91,Apparel,East
2023-12-13,Office Desk,9,3398.15,42,Furniture,West
2023-12-13,SmartPhone X,5,3950.73,91,Electronics,South
2023-12-13,Winter Jacket,6,1043.1,76,Apparel,Central
2023-12-13,Protein Powder,11,433.44,216,Health,Central
2023-12-13,Wireless Earbuds,1,164.34,131,Electronics,South
2023-12-13,Designer Jeans,7,578.75,148,Apparel,West
2023-12-13,Laptop Pro,9,11305.45,65,Electronics,East
2023-12-13,Yoga Mat,7,235.09,72,Health,East
2023-12-13,Designer Jeans,5,434.93,125,Apparel,North
2023-12-13,Yoga Mat,10,357.15,91,Health,South
2023-12-13,SmartPhone X,5,4088.67,85,Electronics,South
2023-12-13,Wireless Earbuds,10,1504.89,136,Electronics,West
2023-12-13,Wireless Earbuds,11,1759.77,137,Electronics,East
2023-12-13,Multivitamins,1,26.66,277,Health,South
2023-12-13,Protein Powder,10,417.41,220,Health,East
2023-12-13,Winter Jacket,33,5290.32,63,Apparel,East
2023-12-13,Running Shoes,7,792.17,111,Apparel,West
2023-12-13,Multivitamins,7,160.47,278,Health,South
2023-12-13,Office Desk,1,321.37,36,Furniture,West
2023-12-13,Running Shoes,11,1263.22,108,Apparel,West
2023-12-13,Protein Powder,11,410.16,221,Health,North
2023-12-13,Wireless Earbuds,11,1647.01,149,Electronics,South
2023-12-13,Winter Jacket,6,972.79,69,Apparel,West
2023-12-13,Office Desk,11,4227.37,29,Furniture,Central
2023-12-14,Running Shoes,10,1221.59,120,Apparel,South
2023-12-14,Coffee Table,11,1791.52,25,Furniture,South
2023-12-14,Protein Powder,11,445.44,202,Health,North
2023-12-14,Running Shoes,11,1440.86,104,Apparel,North
2023-12-14,SmartPhone X,7,5992.13,71,Electronics,Central
2023-12-14,Ergonomic Chair,5,1136.22,66,Furniture,East
2023-12-14,Laptop Pro,11,14088.99,71,Electronics,East
2023-12-14,Coffee Table,5,873.49,27,Furniture,East
2023-12-14,Yoga Mat,3,110.03,97,Health,East
2023-12-14,Ergonomic Chair,1,247.89,45,Furniture,South
2023-12-14,Yoga Mat,5,184.81,94,Health,East
2023-12-14,Multivitamins,5,118.91,286,Health,West
2023-12-14,Protein Powder,6,262.1,194,Health,South
2023-12-14,Laptop Pro,6,7463.59,70,Electronics,Central
2023-12-14,Running Shoes,3,345.64,108,Apparel,Central
2023-12-14,Office Desk,11,4183.92,40,Furniture,West
2023-12-14,Coffee Table,11,1873.61,25,Furniture,North
2023-12-14,Running Shoes,2,222.63,115,Apparel,East
2023-12-14,Yoga Mat,10,324.58,97,Health,North
2023-12-14,Protein Powder,5,204.61,221,Health,South
2023-12-14,Yoga Mat,3,95.32,89,Health,South
2023-12-14,Winter Jacket,6,1023.11,76,Apparel,South
2023-12-14,SmartPhone X,3,2397.11,87,Electronics,West
2023-12-14,Coffee Table,11,2067.45,44,Furniture,North
2023-12-14,Wireless Earbuds,3,415.8,131,Electronics,East
2023-12-14,Multivitamins,7,192.3,278,Health,Central
2023-12-14,Coffee Table,10,1903.96,34,Furniture,North
2023-12-14,Winter Jacket,27,4168.43,60,Apparel,West
2023-12-15,Designer Jeans,6,510.08,153,Apparel,North
2023-12-15,Winter Jacket,27,4098.35,71,Apparel,Central
2023-12-15,Office Desk,6,2289.89,44,Furniture,West
2023-12-15,Office Desk,7,2547.46,51,Furniture,Central
2023-12-15,Winter Jacket,18,3007.3,83,Apparel,South
2023-12-15,Designer Jeans,7,687.78,131,Apparel,West
2023-12-15,Coffee Table,7,1368.83,43,Furniture,North
2023-12-15,Coffee Table,6,1037.72,36,Furniture,South
2023-12-15,Running Shoes,7,762.09,120,Apparel,North
2023-12-15,Designer Jeans,7,638.96,143,Apparel,North
2023-12-15,Office Desk,3,1073.35,29,Furniture,Central
2023-12-15,SmartPhone X,10,7564.42,96,Electronics,East
2023-12-15,Yoga Mat,9,287.89,74,Health,South
2023-12-15,Office Desk,5,1588.85,40,Furniture,South
2023-12-15,Multivitamins,11,255.9,260,Health,Central
2023-12-15,Ergonomic Chair,7,1915.17,55,Furniture,North
2023-12-15,Protein Powder,6,229.0,218,Health,Central
2023-12-15,Yoga Mat,1,38.24,76,Health,South
2023-12-16,Running Shoes,7,756.68,102,Apparel,Central
2023-12-16,Yoga Mat,2,68.96,98,Health,South
2023-12-16,Wireless Earbuds,3,473.55,129,Electronics,East
2023-12-16,Office Desk,2,657.58,28,Furniture,Central
2023-12-16,SmartPhone X,5,3777.16,84,Electronics,East
2023-12-16,Protein Powder,7,304.29,201,Health,North
2023-12-16,Office Desk,10,3287.64,40,Furniture,Central
2023-12-16,Laptop Pro,1,1159.31,66,Electronics,West
2023-12-16,Multivitamins,6,136.58,262,Health,North
2023-12-16,Protein Powder,9,345.3,219,Health,North
2023-12-16,Yoga Mat,7,234.42,89,Health,East
2023-12-16,Yoga Mat,2,75.4,87,Health,West
2023-12-16,Ergonomic Chair,2,470.92,54,Furniture,East
2023-12-16,Winter Jacket,3,484.54,68,Apparel,North
2023-12-16,Coffee Table,3,589.41,16,Furniture,Central
2023-12-17,Laptop Pro,6,7744.58,68,Electronics,East
2023-12-17,Wireless Earbuds,1,157.52,138,Electronics,Central
2023-12-17,Laptop Pro,1,1229.29,49,Electronics,South
2023-12-17,Laptop Pro,9,11220.38,45,Electronics,West
2023-12-17,Running Shoes,2,222.36,93,Apparel,East
2023-12-17,Laptop Pro,3,3495.4,70,Electronics,Central
2023-12-17,Ergonomic Chair,1,234.73,66,Furniture,East
2023-12-17,Laptop Pro,2,2241.76,47,Electronics,Central
2023-12-17,Office Desk,3,961.24,52,Furniture,East
2023-12-17,Protein Powder,2,73.46,198,Health,West
2023-12-17,Wireless Earbuds,1,157.84,142,Electronics,West
2023-12-17,Ergonomic Chair,3,700.28,58,Furniture,Central
2023-12-17,Protein Powder,9,376.21,208,Health,South
2023-12-17,SmartPhone X,2,1608.3,99,Electronics,South
2023-12-18,Ergonomic Chair,11,2588.6,42,Furniture,East
2023-12-18,Office Desk,3,1072.28,41,Furniture,West
2023-12-18,Running Shoes,9,1140.52,92,Apparel,East
2023-12-18,Office Desk,11,4208.44,48,Furniture,South
2023-12-18,Multivitamins,7,160.88,264,Health,East
2023-12-18,Designer Jeans,7,638.27,134,Apparel,Central
2023-12-18,Yoga Mat,6,189.97,77,Health,North
2023-12-18,Protein Powder,2,79.71,205,Health,North
2023-12-18,SmartPhone X,5,3999.27,79,Electronics,Central
2023-12-18,Winter Jacket,6,1036.55,71,Apparel,West
2023-12-18,Wireless Earbuds,3,431.31,140,Electronics,South
2023-12-18,SmartPhone X,7,5397.52,93,Electronics,Central
2023-12-18,Office Desk,10,3749.45,37,Furniture,North
2023-12-18,Running Shoes,1,116.7,96,Apparel,West
2023-12-18,Winter Jacket,27,3992.59,66,Apparel,North
2023-12-18,SmartPhone X,11,8588.19,93,Electronics,Central
2023-12-18,Designer Jeans,11,968.57,146,Apparel,North
2023-12-18,Protein Powder,5,192.97,212,Health,West
2023-12-18,Wireless Earbuds,5,709.83,131,Electronics,West
2023-12-18,Multivitamins,10,252.36,259,Health,Central
2023-12-18,Coffee Table,2,341.53,31,Furniture,East
2023-12-18,Wireless Earbuds,5,759.16,128,Electronics,East
2023-12-18,Laptop Pro,5,5444.15,52,Electronics,East
2023-12-18,Winter Jacket,3,444.31,73,Apparel,North
2023-12-18,Winter Jacket,6,955.62,84,Apparel,South
2023-12-18,Designer Jeans,3,284.45,133,Apparel,Central
2023-12-18,Office Desk,7,2343.38,27,Furniture,South
2023-12-19,Yoga Mat,7,258.58,76,Health,South
2023-12-19,Yoga Mat,2,70.13,99,Health,West
2023-12-19,Multivitamins,9,224.94,268,Health,North
2023-12-19,Laptop Pro,9,11659.19,45,Electronics,South
2023-12-19,Running Shoes,6,652.29,97,Apparel,South
2023-12-19,Running Shoes,10,1306.74,90,Apparel,North
2023-12-19,Winter Jacket,30,4782.73,66,Apparel,North
2023-12-19,Coffee Table,2,359.35,27,Furniture,West
2023-12-19,Multivitamins,5,121.21,261,Health,Central
2023-12-19,Office Desk,10,3290.45,28,Furniture,North
2023-12-19,Laptop Pro,6,6859.42,52,Electronics,East
2023-12-19,Multivitamins,11,248.27,281,Health,Central
2023-12-19,Winter Jacket,18,2991.41,60,Apparel,Central
2023-12-19,Wireless Earbuds,1,155.62,127,Electronics,Central
2023-12-19,Office Desk,11,3803.62,31,Furniture,North
2023-12-19,Designer Jeans,3,277.23,137,Apparel,North
2023-12-19,Coffee Table,9,1691.5,20,Furniture,South
2023-12-19,Office Desk,5,1629.28,39,Furniture,Central
2023-12-19,Wireless Earbuds,7,1003.79,138,Electronics,East
2023-12-19,Protein Powder,1,36.34,199,Health,North
2023-12-19,Running Shoes,6,718.01,110,Apparel,South
2023-12-20,Wireless Earbuds,1,158.85,150,Electronics,West
2023-12-20,Protein Powder,2,74.59,193,Health,North
2023-12-20,Ergonomic Chair,2,523.26,36,Furniture,North
2023-12-20,Laptop Pro,1,1277.45,46,Electronics,East
2023-12-20,Ergonomic Chair,9,2401.02,53,Furniture,West
2023-12-20,Coffee Table,2,348.63,37,Furniture,Central
2023-12-20,Yoga Mat,7,236.94,97,Health,North
2023-12-20,Yoga Mat,9,331.07,75,Health,North
2023-12-20,Coffee Table,11,1980.39,22,Furniture,Central
2023-12-20,Coffee Table,6,1138.73,35,Furniture,West
2023-12-20,SmartPhone X,2,1500.76,86,Electronics,North
2023-12-20,Protein Powder,3,115.99,216,Health,West
2023-12-20,Running Shoes,2,258.17,117,Apparel,South
2023-12-20,Protein Powder,3,117.79,211,Health,Central
2023-12-20,Running Shoes,1,117.11,108,Apparel,North
2023-12-20,Laptop Pro,10,11186.58,48,Electronics,North
2023-12-20,Office Desk,11,4217.03,40,Furniture,East
2023-12-20,Protein Powder,2,84.21,213,Health,Central
2023-12-20,SmartPhone X,11,8433.76,72,Electronics,West
2023-12-20,Running Shoes,11,1217.15,115,Apparel,North
2023-12-20,Multivitamins,10,242.45,266,Health,Central
2023-12-20,Office Desk,3,993.31,31,Furniture,North
2023-12-20,Coffee Table,7,1231.59,36,Furniture,North
2023-12-20,Laptop Pro,9,11847.87,56,Electronics,North
2023-12-21,Protein Powder,5,185.5,207,Health,West
2023-12-21,Multivitamins,3,78.46,270,Health,Central
2023-12-21,Ergonomic Chair,9,2252.06,37,Furniture,East
2023-12-21,Wireless Earbuds,11,1718.36,127,Electronics,North
2023-12-21,Ergonomic Chair,2,525.7,42,Furniture,South
2023-12-21,Wireless Earbuds,1,153.0,136,Electronics,South
2023-12-21,Running Shoes,5,636.75,108,Apparel,South
2023-12-21,SmartPhone X,3,2608.36,93,Electronics,Central
2023-12-21,Laptop Pro,1,1246.49,60,Electronics,East
2023-12-21,Laptop Pro,11,13150.98,58,Electronics,North
2023-12-21,Running Shoes,2,253.48,105,Apparel,North
2023-12-21,Ergonomic Chair,5,1237.78,42,Furniture,South
2023-12-21,Coffee Table,1,164.61,38,Furniture,Central
2023-12-21,Running Shoes,5,604.9,97,Apparel,West
2023-12-21,Running Shoes,9,1089.21,90,Apparel,West
2023-12-21,Office Desk,6,1972.38,43,Furniture,Central
2023-12-21,Coffee Table,3,510.84,31,Furniture,South
2023-12-21,Office Desk,11,3516.92,42,Furniture,East
2023-12-21,Ergonomic Chair,10,2438.82,56,Furniture,West
2023-12-21,Multivitamins,7,168.9,270,Health,West
2023-12-21,Wireless Earbuds,7,1108.5,132,Electronics,North
2023-12-21,Laptop Pro,11,12238.12,70,Electronics,Central
2023-12-21,Multivitamins,3,72.17,270,Health,North
2023-12-21,Winter Jacket,15,2319.54,77,Apparel,Central
2023-12-21,Running Shoes,3,388.24,109,Apparel,North
2023-12-21,Yoga Mat,7,227.79,70,Health,West
2023-12-22,SmartPhone X,3,2330.7,85,Electronics,North
2023-12-22,Office Desk,7,2601.47,47,Furniture,North
2023-12-22,Ergonomic Chair,10,2443.25,53,Furniture,South
2023-12-22,Yoga Mat,10,379.53,99,Health,South
2023-12-22,Wireless Earbuds,5,714.87,128,Electronics,East
2023-12-22,SmartPhone X,1,816.75,80,Electronics,South
2023-12-22,Designer Jeans,3,293.46,139,Apparel,Central
2023-12-22,Coffee Table,2,385.18,29,Furniture,Central
2023-12-22,Laptop Pro,11,13489.24,56,Electronics,West
2023-12-22,Winter Jacket,30,4826.83,67,Apparel,East
2023-12-22,SmartPhone X,10,7342.67,71,Electronics,West
2023-12-22,Ergonomic Chair,10,2450.41,51,Furniture,Central
2023-12-22,Winter Jacket,18,2906.04,85,Apparel,West
2023-12-22,Office Desk,6,2285.31,27,Furniture,Central
2023-12-22,Winter Jacket,9,1564.59,73,Apparel,Central
2023-12-22,Coffee Table,2,353.52,17,Furniture,East
2023-12-22,SmartPhone X,9,6746.65,79,Electronics,East
2023-12-22,Coffee Table,1,188.33,42,Furniture,West
2023-12-22,Winter Jacket,18,3114.32,80,Apparel,North
2023-12-22,Protein Powder,5,208.49,217,Health,South
2023-12-22,Office Desk,1,359.37,52,Furniture,North
2023-12-22,Designer Jeans,5,485.59,145,Apparel,West
2023-12-22,Winter Jacket,3,523.4,70,Apparel,North
2023-12-23,Wireless Earbuds,6,903.36,135,Electronics,West
2023-12-23,Running Shoes,7,922.91,101,Apparel,North
2023-12-23,Yoga Mat,7,255.48,85,Health,North
2023-12-23,Multivitamins,6,149.82,256,Health,North
2023-12-23,Yoga Mat,6,204.48,84,Health,Central
2023-12-23,Protein Powder,2,80.46,190,Health,North
2023-12-23,Wireless Earbuds,6,855.3,148,Electronics,Central
2023-12-23,Ergonomic Chair,6,1396.19,59,Furniture,West
2023-12-23,Wireless Earbuds,7,1146.64,139,Electronics,North
2023-12-23,Designer Jeans,11,1061.19,136,Apparel,Central
2023-12-23,Ergonomic Chair,10,2521.68,55,Furniture,Central
2023-12-23,Office Desk,10,3613.03,31,Furniture,Central
2023-12-23,Ergonomic Chair,3,792.59,53,Furniture,West
2023-12-23,Protein Powder,5,217.09,192,Health,East
2023-12-23,Office Desk,11,3912.59,42,Furniture,East
2023-12-23,Office Desk,3,1041.42,34,Furniture,East
2023-12-23,Wireless Earbuds,2,271.66,132,Electronics,South
2023-12-23,Coffee Table,2,328.84,45,Furniture,East
2023-12-24,Ergonomic Chair,3,801.48,51,Furniture,Central
2023-12-24,Wireless Earbuds,6,941.9,127,Electronics,Central
2023-12-24,Yoga Mat,7,252.46,84,Health,East
2023-12-24,Protein Powder,9,350.09,210,Health,South
2023-12-24,Coffee Table,1,190.61,28,Furniture,West
2023-12-24,Wireless Earbuds,11,1681.33,123,Electronics,South
2023-12-24,Ergonomic Chair,5,1132.4,39,Furniture,North
2023-12-24,Coffee Table,6,1153.09,21,Furniture,East
2023-12-24,Designer Jeans,9,756.41,130,Apparel,North
2023-12-24,Laptop Pro,1,1115.16,60,Electronics,East
2023-12-24,SmartPhone X,11,8609.22,93,Electronics,North
2023-12-24,Wireless Earbuds,1,149.25,134,Electronics,West
2023-12-24,Yoga Mat,3,95.45,76,Health,North
2023-12-24,Laptop Pro,3,3784.67,55,Electronics,East
2023-12-24,Coffee Table,1,183.91,28,Furniture,Central
2023-12-24,Protein Powder,7,265.26,215,Health,North
2023-12-24,Multivitamins,5,115.22,268,Health,West
2023-12-25,Wireless Earbuds,7,1144.31,150,Electronics,North
2023-12-25,Yoga Mat,7,244.22,84,Health,East
2023-12-25,Multivitamins,11,282.97,284,Health,West
2023-12-25,Running Shoes,9,1108.96,93,Apparel,East
2023-12-25,Protein Powder,7,285.98,197,Health,Central
2023-12-25,SmartPhone X,6,4809.85,84,Electronics,North
2023-12-25,Winter Jacket,6,950.82,57,Apparel,East
2023-12-25,Multivitamins,2,47.05,259,Health,North
2023-12-25,Ergonomic Chair,6,1637.49,47,Furniture,West
2023-12-25,Yoga Mat,1,32.05,96,Health,West
2023-12-25,Designer Jeans,9,859.42,128,Apparel,Central
2023-12-25,Laptop Pro,11,13379.23,60,Electronics,West
2023-12-25,Laptop Pro,1,1126.2,68,Electronics,East
2023-12-25,Coffee Table,11,1806.32,21,Furniture,North
2023-12-25,Wireless Earbuds,5,687.16,139,Electronics,East
2023-12-25,Wireless Earbuds,3,486.67,143,Electronics,South
2023-12-25,SmartPhone X,9,7713.87,86,Electronics,East
2023-12-25,Running Shoes,11,1221.56,108,Apparel,East
2023-12-25,Running Shoes,1,120.7,101,Apparel,West
2023-12-25,Wireless Earbuds,11,1672.93,146,Electronics,East
2023-12-25,Ergonomic Chair,1,260.62,36,Furniture,North
2023-12-25,Multivitamins,5,126.76,282,Health,West
2023-12-25,Protein Powder,6,248.76,191,Health,Central
2023-12-25,Laptop Pro,2,2460.72,71,Electronics,South
2023-12-26,Winter Jacket,3,506.24,60,Apparel,West
2023-12-26,SmartPhone X,2,1478.05,86,Electronics,West
2023-12-26,Coffee Table,5,981.02,35,Furniture,East
2023-12-26,Protein Powder,9,360.69,195,Health,West
2023-12-26,Wireless Earbuds,11,1490.85,135,Electronics,West
2023-12-26,Office Desk,7,2235.88,48,Furniture,North
2023-12-26,Yoga Mat,9,343.54,85,Health,East
2023-12-26,Protein Powder,6,238.3,195,Health,North
2023-12-26,Protein Powder,11,409.88,193,Health,South
2023-12-26,Multivitamins,9,244.92,281,Health,East
2023-12-26,Designer Jeans,10,837.5,136,Apparel,South
2023-12-26,Multivitamins,6,161.4,276,Health,West
2023-12-26,Ergonomic Chair,2,464.05,50,Furniture,Central
2023-12-26,Coffee Table,11,2113.92,41,Furniture,South
2023-12-26,Designer Jeans,5,436.62,124,Apparel,North
2023-12-26,Coffee Table,6,1042.56,26,Furniture,East
2023-12-26,Multivitamins,10,255.44,282,Health,South
2023-12-27,Protein Powder,2,85.42,216,Health,Central
2023-12-27,Office Desk,9,3158.97,28,Furniture,Central
2023-12-27,Laptop Pro,10,12340.18,52,Electronics,East
2023-12-27,Ergonomic Chair,1,245.62,36,Furniture,North
2023-12-27,Yoga Mat,3,110.37,77,Health,Central
2023-12-27,Coffee Table,9,1622.95,39,Furniture,North
2023-12-27,Office Desk,10,3548.54,42,Furniture,South
2023-12-27,Laptop Pro,5,5893.08,69,Electronics,West
2023-12-27,Office Desk,2,723.59,36,Furniture,East
2023-12-27,Coffee Table,1,194.52,37,Furniture,South
2023-12-27,Laptop Pro,9,11290.17,58,Electronics,South
2023-12-27,Yoga Mat,10,333.91,80,Health,West
2023-12-27,Wireless Earbuds,6,913.45,127,Electronics,West
2023-12-27,Winter Jacket,27,3989.75,72,Apparel,Central
2023-12-27,SmartPhone X,11,8573.23,81,Electronics,West
2023-12-27,Multivitamins,11,248.13,257,Health,South
2023-12-27,Office Desk,2,733.61,41,Furniture,East
2023-12-27,Winter Jacket,15,2445.75,83,Apparel,East
2023-12-27,Laptop Pro,10,11547.3,47,Electronics,South
2023-12-27,Winter Jacket,15,2528.77,69,Apparel,East
2023-12-27,Laptop Pro,6,6627.92,70,Electronics,North
2023-12-27,Laptop Pro,3,3682.74,61,Electronics,Central
2023-12-27,Wireless Earbuds,6,910.04,145,Electronics,Central
2023-12-28,Winter Jacket,21,3032.83,73,Apparel,North
2023-12-28,Ergonomic Chair,6,1572.85,62,Furniture,North
2023-12-28,Designer Jeans,1,87.31,124,Apparel,West
2023-12-28,Protein Powder,3,113.66,209,Health,Central
2023-12-28,Laptop Pro,10,12846.73,52,Electronics,West
2023-12-28,Winter Jacket,15,2266.83,71,Apparel,East
2023-12-28,Wireless Earbuds,9,1268.35,125,Electronics,East
2023-12-28,Ergonomic Chair,7,1619.66,54,Furniture,North
2023-12-28,Coffee Table,11,1848.22,28,Furniture,East
2023-12-28,Office Desk,6,2275.37,33,Furniture,North
2023-12-28,Protein Powder,2,76.26,201,Health,South
2023-12-28,Running Shoes,2,261.96,96,Apparel,North
2023-12-28,Wireless Earbuds,1,155.14,143,Electronics,West
2023-12-28,Designer Jeans,1,82.16,126,Apparel,North
2023-12-28,Coffee Table,3,551.55,28,Furniture,East
2023-12-28,Ergonomic Chair,1,247.49,49,Furniture,Central
2023-12-28,SmartPhone X,5,4252.33,77,Electronics,West
2023-12-28,Ergonomic Chair,1,250.68,47,Furniture,South
2023-12-28,Multivitamins,5,123.27,256,Health,Central
2023-12-28,Protein Powder,1,41.71,209,Health,West
2023-12-28,Coffee Table,5,841.79,17,Furniture,West
2023-12-28,Wireless Earbuds,6,877.71,144,Electronics,North
2023-12-28,Coffee Table,10,1630.3,29,Furniture,Central
2023-12-28,Protein Powder,7,263.4,212,Health,West
2023-12-28,Coffee Table,7,1189.16,31,Furniture,South
2023-12-28,Laptop Pro,2,2347.7,55,Electronics,North
2023-12-28,Designer Jeans,2,197.89,124,Apparel,West
2023-12-28,SmartPhone X,10,7604.19,80,Electronics,South
2023-12-28,SmartPhone X,5,4101.0,85,Electronics,East
2023-12-29,Protein Powder,1,37.82,213,Health,North
2023-12-29,Wireless Earbuds,7,1114.89,150,Electronics,South
2023-12-29,Wireless Earbuds,5,710.54,145,Electronics,East
2023-12-29,Yoga Mat,11,377.82,88,Health,South
2023-12-29,Running Shoes,2,261.24,114,Apparel,Central
2023-12-29,Office Desk,3,1154.64,34,Furniture,South
2023-12-29,Laptop Pro,3,3739.78,43,Electronics,Central
2023-12-29,Winter Jacket,18,2888.17,60,Apparel,South
2023-12-29,Coffee Table,9,1768.23,40,Furniture,Central
2023-12-29,Coffee Table,7,1135.97,42,Furniture,South
2023-12-29,SmartPhone X,3,2252.41,97,Electronics,Central
2023-12-29,Coffee Table,11,1790.31,18,Furniture,North
2023-12-29,Ergonomic Chair,6,1584.43,49,Furniture,West
2023-12-29,Coffee Table,10,1904.3,32,Furniture,South
2023-12-29,Ergonomic Chair,7,1895.3,46,Furniture,West
2023-12-29,Office Desk,9,3319.42,50,Furniture,North
2023-12-29,SmartPhone X,10,8310.84,92,Electronics,Central
2023-12-29,Ergonomic Chair,9,2448.81,50,Furniture,West
2023-12-29,Protein Powder,2,86.78,216,Health,Central
2023-12-29,Protein Powder,2,82.13,202,Health,West
2023-12-29,Designer Jeans,3,246.08,149,Apparel,Central
2023-12-29,SmartPhone X,10,7233.57,70,Electronics,South
2023-12-30,Office Desk,7,2650.76,47,Furniture,Central
2023-12-30,Wireless Earbuds,6,831.67,125,Electronics,North
2023-12-30,Winter Jacket,18,3130.48,67,Apparel,East
2023-12-30,Wireless Earbuds,5,813.12,126,Electronics,East
2023-12-30,Ergonomic Chair,5,1177.74,44,Furniture,East
2023-12-30,Winter Jacket,6,1019.28,74,Apparel,Central
2023-12-30,Laptop Pro,10,10931.9,50,Electronics,North
2023-12-30,SmartPhone X,3,2429.16,85,Electronics,West
2023-12-30,Office Desk,3,1022.21,38,Furniture,South
2023-12-30,Yoga Mat,9,324.31,83,Health,North
2023-12-30,Winter Jacket,3,513.95,64,Apparel,East
2023-12-30,SmartPhone X,10,8027.45,94,Electronics,Central
2023-12-30,Yoga Mat,2,64.82,76,Health,South
2023-12-30,Multivitamins,3,79.3,277,Health,South
2023-12-31,Coffee Table,5,983.6,20,Furniture,North
2023-12-31,Wireless Earbuds,3,463.0,149,Electronics,Central
2023-12-31,Designer Jeans,6,496.59,124,Apparel,East
2023-12-31,Laptop Pro,9,11641.12,55,Electronics,North
2023-12-31,Designer Jeans,1,95.5,133,Apparel,North
2023-12-31,Coffee Table,1,171.49,19,Furniture,Central
2023-12-31,Protein Powder,1,42.51,190,Health,North
2023-12-31,Multivitamins,5,134.62,269,Health,Central
2023-12-31,Laptop Pro,6,6945.48,69,Electronics,North
2023-12-31,Designer Jeans,6,494.27,143,Apparel,North
2023-12-31,Protein Powder,9,339.71,187,Health,West
2023-12-31,Designer Jeans,1,89.85,124,Apparel,Central
2023-12-31,Yoga Mat,7,224.31,77,Health,East
2023-12-31,Laptop Pro,6,6919.23,60,Electronics,West
2023-12-31,Designer Jeans,3,251.04,137,Apparel,West
2023-12-31,Running Shoes,9,1051.21,103,Apparel,South
2023-12-31,Coffee Table,9,1508.86,24,Furniture,North
2024-01-01,Running Shoes,2,237.06,105,Apparel,North
2024-01-01,Designer Jeans,6,535.89,144,Apparel,North
2024-01-01,Office Desk,2,731.34,46,Furniture,East
2024-01-01,SmartPhone X,3,2514.5,73,Electronics,North
2024-01-01,Yoga Mat,7,242.73,78,Health,East
2024-01-01,Laptop Pro,4,5000.26,60,Electronics,South
2024-01-01,Office Desk,7,2631.75,32,Furniture,West
2024-01-01,Multivitamins,1,26.14,275,Health,North
2024-01-01,Running Shoes,5,631.26,95,Apparel,East
2024-01-01,Protein Powder,1,40.76,194,Health,North
2024-01-01,Winter Jacket,12,1729.67,73,Apparel,West
2024-01-01,Coffee Table,7,1369.07,16,Furniture,East
2024-01-01,Ergonomic Chair,6,1640.28,40,Furniture,East
2024-01-01,Running Shoes,4,445.43,101,Apparel,Central
2024-01-01,Running Shoes,6,743.57,101,Apparel,South
2024-01-02,Office Desk,2,705.14,37,Furniture,North
2024-01-02,Office Desk,3,998.26,26,Furniture,East
2024-01-02,Winter Jacket,15,2586.86,76,Apparel,West
2024-01-02,Wireless Earbuds,7,1044.95,122,Electronics,South
2024-01-02,Coffee Table,2,343.64,20,Furniture,West
2024-01-02,Coffee Table,5,969.65,22,Furniture,Central
2024-01-02,SmartPhone X,4,3373.85,73,Electronics,South
2024-01-02,Wireless Earbuds,3,461.33,129,Electronics,South
2024-01-02,Running Shoes,1,114.07,115,Apparel,South
2024-01-02,Multivitamins,3,81.75,281,Health,North
2024-01-02,Multivitamins,5,130.03,280,Health,Central
2024-01-02,Designer Jeans,6,545.09,146,Apparel,East
2024-01-02,Wireless Earbuds,2,273.67,150,Electronics,North
2024-01-02,Multivitamins,6,137.55,255,Health,Central
2024-01-02,Wireless Earbuds,3,407.77,142,Electronics,West
2024-01-02,SmartPhone X,5,3718.18,77,Electronics,Central
2024-01-02,Winter Jacket,18,2653.34,62,Apparel,West
2024-01-02,Designer Jeans,3,279.04,126,Apparel,East
2024-01-02,Wireless Earbuds,2,295.53,149,Electronics,West
2024-01-02,Office Desk,5,1730.0,32,Furniture,East
2024-01-02,Protein Powder,3,129.41,189,Health,East
2024-01-02,Office Desk,1,384.85,45,Furniture,North
2024-01-02,Designer Jeans,4,377.07,141,Apparel,South
2024-01-02,Running Shoes,3,388.89,116,Apparel,East
2024-01-02,Ergonomic Chair,4,1087.69,54,Furniture,East
2024-01-02,Office Desk,2,751.62,40,Furniture,North
2024-01-02,Designer Jeans,6,577.36,121,Apparel,West
2024-01-02,Office Desk,4,1524.95,34,Furniture,West
2024-01-03,Winter Jacket,0,0.0,82,Apparel,Central
2024-01-03,Wireless Earbuds,7,1136.47,140,Electronics,South
2024-01-03,Running Shoes,2,259.76,88,Apparel,West
2024-01-03,Designer Jeans,3,284.48,141,Apparel,Central
2024-01-03,SmartPhone X,4,3501.51,91,Electronics,West
2024-01-03,Winter Jacket,18,3078.78,58,Apparel,North
2024-01-03,Wireless Earbuds,7,1056.91,125,Electronics,South
2024-01-03,Protein Powder,4,174.43,210,Health,West
2024-01-03,Winter Jacket,6,867.11,81,Apparel,Central
2024-01-03,Winter Jacket,18,2926.19,69,Apparel,East
2024-01-03,Protein Powder,3,109.0,213,Health,South
2024-01-03,Multivitamins,1,25.61,269,Health,Central
2024-01-03,Designer Jeans,6,567.06,143,Apparel,West
2024-01-03,Ergonomic Chair,0,0.0,36,Furniture,Central
2024-01-03,Coffee Table,2,388.04,45,Furniture,West
2024-01-04,Yoga Mat,1,32.17,73,Health,Central
2024-01-04,Winter Jacket,15,2599.27,60,Apparel,North
2024-01-04,Winter Jacket,21,3076.76,78,Apparel,East
2024-01-04,Multivitamins,4,102.8,262,Health,West
2024-01-04,Winter Jacket,3,526.07,77,Apparel,South
2024-01-04,Running Shoes,3,373.44,105,Apparel,Central
2024-01-04,Running Shoes,3,382.36,97,Apparel,East
2024-01-04,Protein Powder,6,253.83,188,Health,Central
2024-01-04,Office Desk,0,0.0,29,Furniture,North
2024-01-04,Yoga Mat,5,158.97,79,Health,West
2024-01-04,SmartPhone X,6,4538.59,73,Electronics,West
2024-01-04,Designer Jeans,2,174.3,127,Apparel,South
2024-01-04,Yoga Mat,4,146.35,88,Health,South
2024-01-04,Designer Jeans,7,645.28,128,Apparel,North
2024-01-04,Multivitamins,6,156.31,262,Health,North
2024-01-04,Office Desk,1,324.62,51,Furniture,Central
2024-01-05,Wireless Earbuds,4,591.91,143,Electronics,South
2024-01-05,Ergonomic Chair,4,963.79,58,Furniture,Central
2024-01-05,SmartPhone X,0,0.0,84,Electronics,East
2024-01-05,SmartPhone X,2,1541.05,79,Electronics,West
2024-01-05,SmartPhone X,4,3309.35,96,Electronics,West
2024-01-05,Coffee Table,5,950.98,33,Furniture,North
2024-01-05,Coffee Table,3,533.48,35,Furniture,Central
2024-01-05,Coffee Table,3,526.8,18,Furniture,North
2024-01-05,Designer Jeans,6,501.27,144,Apparel,North
2024-01-05,Laptop Pro,0,0.0,47,Electronics,West
2024-01-05,Multivitamins,6,152.03,278,Health,Central
2024-01-05,Ergonomic Chair,4,1063.62,43,Furniture,South
2024-01-05,Coffee Table,5,928.83,21,Furniture,South
2024-01-05,Laptop Pro,0,0.0,63,Electronics,North
2024-01-05,Winter Jacket,0,0.0,81,Apparel,West
2024-01-05,Multivitamins,4,91.31,253,Health,South
2024-01-05,Coffee Table,5,832.94,43,Furniture,North
2024-01-05,Laptop Pro,0,0.0,56,Electronics,North
2024-01-05,Wireless Earbuds,6,894.52,148,Electronics,Central
2024-01-05,Winter Jacket,21,3313.62,73,Apparel,South
2024-01-05,Wireless Earbuds,4,593.9,123,Electronics,Central
2024-01-05,Office Desk,3,1041.43,27,Furniture,West
2024-01-06,Laptop Pro,7,7883.43,70,Electronics,North
2024-01-06,Protein Powder,7,272.33,187,Health,North
2024-01-06,Wireless Earbuds,3,437.86,131,Electronics,West
2024-01-06,Coffee Table,7,1264.9,19,Furniture,North
2024-01-06,Designer Jeans,1,91.32,128,Apparel,North
2024-01-06,SmartPhone X,2,1544.37,92,Electronics,North
2024-01-06,Coffee Table,4,655.51,43,Furniture,Central
2024-01-06,Running Shoes,4,499.37,103,Apparel,North
2024-01-06,Winter Jacket,6,992.9,79,Apparel,South
2024-01-06,Wireless Earbuds,4,587.98,146,Electronics,West
2024-01-06,Yoga Mat,1,34.05,92,Health,North
2024-01-06,Protein Powder,5,193.98,213,Health,Central
2024-01-06,Protein Powder,4,175.47,212,Health,North
2024-01-06,Coffee Table,5,934.2,18,Furniture,Central
2024-01-07,Ergonomic Chair,0,0.0,36,Furniture,Central
2024-01-07,Laptop Pro,7,7875.16,54,Electronics,North
2024-01-07,Running Shoes,4,520.94,104,Apparel,South
2024-01-07,Protein Powder,5,209.81,192,Health,South
2024-01-07,Wireless Earbuds,5,684.67,146,Electronics,Central
2024-01-07,Multivitamins,7,190.97,256,Health,Central
2024-01-07,Designer Jeans,0,0.0,121,Apparel,Central
2024-01-07,Office Desk,5,1814.34,43,Furniture,South
2024-01-07,Winter Jacket,21,3507.44,80,Apparel,South
2024-01-07,Wireless Earbuds,5,823.98,143,Electronics,Central
2024-01-07,Coffee Table,7,1178.34,20,Furniture,Central
2024-01-07,Protein Powder,4,151.53,192,Health,South
2024-01-07,Coffee Table,3,588.6,25,Furniture,West
2024-01-08,Coffee Table,1,167.59,44,Furniture,West
2024-01-08,Multivitamins,4,102.58,271,Health,East
2024-01-08,SmartPhone X,2,1659.21,83,Electronics,South
2024-01-08,SmartPhone X,2,1487.69,86,Electronics,Central
2024-01-08,Winter Jacket,3,501.07,64,Apparel,South
2024-01-08,Winter Jacket,9,1372.06,75,Apparel,West
2024-01-08,Coffee Table,1,192.84,18,Furniture,Central
2024-01-08,Office Desk,3,954.82,36,Furniture,East
2024-01-08,Coffee Table,4,680.05,45,Furniture,South
2024-01-08,Running Shoes,0,0.0,111,Apparel,South
2024-01-08,Running Shoes,6,714.39,107,Apparel,North
2024-01-08,Multivitamins,6,154.78,256,Health,East
2024-01-08,Winter Jacket,0,0.0,81,Apparel,West
2024-01-08,Laptop Pro,6,7553.62,65,Electronics,North
2024-01-08,Winter Jacket,3,450.0,73,Apparel,West
2024-01-08,Running Shoes,4,455.3,111,Apparel,East
2024-01-08,Multivitamins,1,25.02,275,Health,Central
2024-01-08,SmartPhone X,4,3186.72,90,Electronics,Central
2024-01-08,Wireless Earbuds,1,145.9,136,Electronics,South
2024-01-08,Designer Jeans,4,331.87,147,Apparel,Central
2024-01-08,Running Shoes,6,704.88,116,Apparel,East
2024-01-08,Wireless Earbuds,7,1104.31,146,Electronics,South
2024-01-09,Running Shoes,4,464.54,100,Apparel,North
2024-01-09,Ergonomic Chair,0,0.0,49,Furniture,West
2024-01-09,Running Shoes,4,454.14,88,Apparel,North
2024-01-09,Designer Jeans,3,259.94,144,Apparel,South
2024-01-09,Ergonomic Chair,4,973.7,37,Furniture,West
2024-01-09,Protein Powder,0,0.0,201,Health,East
2024-01-09,Office Desk,0,0.0,44,Furniture,South
2024-01-09,Wireless Earbuds,5,705.45,121,Electronics,East
2024-01-09,Office Desk,4,1470.23,45,Furniture,West
2024-01-09,Designer Jeans,6,573.61,136,Apparel,West
2024-01-09,Yoga Mat,7,245.25,76,Health,North
2024-01-09,Coffee Table,7,1334.93,37,Furniture,North
2024-01-09,Wireless Earbuds,2,296.17,127,Electronics,Central
2024-01-09,Designer Jeans,2,189.8,132,Apparel,South
2024-01-09,Winter Jacket,12,1991.82,82,Apparel,East
2024-01-09,SmartPhone X,2,1743.15,80,Electronics,East
2024-01-09,Wireless Earbuds,7,971.9,148,Electronics,North
2024-01-09,Wireless Earbuds,6,923.44,139,Electronics,North
2024-01-09,Wireless Earbuds,0,0.0,144,Electronics,West
2024-01-09,Wireless Earbuds,4,653.0,144,Electronics,South
2024-01-09,Ergonomic Chair,7,1595.62,51,Furniture,South
2024-01-09,Running Shoes,3,369.77,101,Apparel,East
2024-01-09,Multivitamins,3,74.6,252,Health,North
2024-01-09,SmartPhone X,0,0.0,72,Electronics,South
2024-01-10,SmartPhone X,3,2264.65,88,Electronics,South
2024-01-10,Winter Jacket,6,966.6,74,Apparel,North
2024-01-10,Coffee Table,4,677.48,18,Furniture,West
2024-01-10,SmartPhone X,2,1675.6,93,Electronics,Central
2024-01-10,Coffee Table,4,671.78,35,Furniture,Central
2024-01-10,Protein Powder,4,151.17,199,Health,Central
2024-01-10,Laptop Pro,4,4899.15,41,Electronics,West
2024-01-10,Multivitamins,3,77.82,250,Health,West
2024-01-10,Multivitamins,6,158.94,251,Health,Central
2024-01-10,Office Desk,0,0.0,40,Furniture,South
2024-01-10,Ergonomic Chair,6,1365.19,37,Furniture,Central
2024-01-10,Ergonomic Chair,3,687.36,54,Furniture,North
2024-01-10,SmartPhone X,1,874.75,94,Electronics,Central
2024-01-10,Laptop Pro,7,9212.85,57,Electronics,North
2024-01-10,Office Desk,0,0.0,26,Furniture,East
2024-01-10,Running Shoes,4,448.4,92,Apparel,West
2024-01-10,Coffee Table,7,1277.96,36,Furniture,East
2024-01-10,Ergonomic Chair,6,1615.46,46,Furniture,West
2024-01-10,Protein Powder,2,81.58,209,Health,East
2024-01-10,SmartPhone X,3,2339.97,75,Electronics,North
2024-01-10,Designer Jeans,4,391.73,120,Apparel,West
2024-01-11,SmartPhone X,5,4031.61,87,Electronics,South
2024-01-11,Protein Powder,1,36.8,199,Health,East
2024-01-11,Wireless Earbuds,7,1072.42,146,Electronics,North
2024-01-11,Winter Jacket,3,506.69,75,Apparel,East
2024-01-11,Office Desk,6,1954.62,51,Furniture,Central
2024-01-11,Multivitamins,1,23.71,257,Health,Central
2024-01-11,Protein Powder,3,111.44,186,Health,Central
2024-01-11,Laptop Pro,5,5930.43,61,Electronics,West
2024-01-11,Ergonomic Chair,1,232.86,46,Furniture,North
2024-01-11,Designer Jeans,3,278.84,148,Apparel,East
2024-01-11,Multivitamins,6,161.13,276,Health,North
2024-01-11,Coffee Table,2,340.23,33,Furniture,South
2024-01-11,Designer Jeans,4,357.75,128,Apparel,Central
2024-01-11,Multivitamins,3,79.59,276,Health,West
2024-01-11,Running Shoes,6,686.16,102,Apparel,Central
2024-01-11,Multivitamins,4,101.37,252,Health,North
2024-01-11,Winter Jacket,21,3274.51,62,Apparel,Central
2024-01-11,Protein Powder,7,280.98,194,Health,North
2024-01-11,Wireless Earbuds,4,616.14,122,Electronics,East
2024-01-11,Running Shoes,1,111.67,111,Apparel,North
2024-01-11,Protein Powder,4,155.66,210,Health,North
2024-01-11,Ergonomic Chair,3,761.39,53,Furniture,Central
2024-01-11,Office Desk,5,1921.74,48,Furniture,West
2024-01-11,SmartPhone X,4,3388.2,80,Electronics,South
2024-01-11,Office Desk,1,371.73,26,Furniture,East
2024-01-12,Ergonomic Chair,6,1384.0,46,Furniture,Central
2024-01-12,Laptop Pro,4,5277.71,58,Electronics,West
2024-01-12,Running Shoes,3,370.58,108,Apparel,East
2024-01-12,SmartPhone X,5,3652.03,74,Electronics,Central
2024-01-12,Winter Jacket,3,524.9,69,Apparel,Central
2024-01-12,Ergonomic Chair,5,1218.17,38,Furniture,South
2024-01-12,SmartPhone X,5,4287.76,89,Electronics,West
2024-01-12,Ergonomic Chair,0,0.0,54,Furniture,South
2024-01-12,Office Desk,7,2406.28,34,Furniture,East
2024-01-12,Winter Jacket,12,1905.4,83,Apparel,West
2024-01-12,Running Shoes,1,129.76,114,Apparel,East
2024-01-12,Ergonomic Chair,3,731.29,56,Furniture,North
2024-01-12,Multivitamins,4,92.99,260,Health,Central
2024-01-12,Ergonomic Chair,7,1834.91,35,Furniture,North
2024-01-12,Wireless Earbuds,4,595.29,138,Electronics,West
2024-01-12,Wireless Earbuds,0,0.0,129,Electronics,Central
2024-01-12,Yoga Mat,2,66.2,76,Health,South
2024-01-12,Protein Powder,0,0.0,197,Health,South
2024-01-12,Protein Powder,0,0.0,184,Health,West
2024-01-12,Office Desk,2,760.73,44,Furniture,North
2024-01-12,Running Shoes,4,447.39,102,Apparel,South
2024-01-12,Protein Powder,6,229.52,201,Health,East
2024-01-12,Multivitamins,5,136.58,249,Health,West
2024-01-12,Multivitamins,6,153.48,249,Health,West
2024-01-12,Winter Jacket,0,0.0,59,Apparel,North
2024-01-12,Laptop Pro,4,4365.25,45,Electronics,Central
2024-01-12,Coffee Table,5,854.09,24,Furniture,East
2024-01-13,Yoga Mat,4,136.13,67,Health,North
2024-01-13,Designer Jeans,2,166.0,120,Apparel,South
2024-01-13,Yoga Mat,7,253.9,90,Health,South
2024-01-13,Wireless Earbuds,2,277.01,139,Electronics,South
2024-01-13,Designer Jeans,3,250.5,145,Apparel,East
2024-01-13,Designer Jeans,5,472.47,131,Apparel,Central
2024-01-13,Designer Jeans,6,581.99,129,Apparel,North
2024-01-13,Designer Jeans,0,0.0,132,Apparel,West
2024-01-13,Multivitamins,4,95.56,272,Health,West
2024-01-13,Ergonomic Chair,7,1780.56,47,Furniture,Central
2024-01-13,Yoga Mat,7,252.66,77,Health,North
2024-01-13,Designer Jeans,1,86.32,138,Apparel,East
2024-01-14,Wireless Earbuds,3,473.49,136,Electronics,West
2024-01-14,Winter Jacket,18,3006.24,72,Apparel,South
2024-01-14,Coffee Table,4,670.69,26,Furniture,East
2024-01-14,Yoga Mat,5,176.67,78,Health,South
2024-01-14,Ergonomic Chair,6,1367.59,46,Furniture,Central
2024-01-14,Coffee Table,1,187.17,43,Furniture,West
2024-01-14,Wireless Earbuds,5,725.11,141,Electronics,West
2024-01-14,Laptop Pro,1,1104.58,44,Electronics,South
2024-01-14,Designer Jeans,0,0.0,123,Apparel,North
2024-01-14,Wireless Earbuds,6,960.12,125,Electronics,Central
2024-01-14,Protein Powder,5,217.23,194,Health,North
2024-01-14,Multivitamins,2,52.5,262,Health,West
2024-01-14,SmartPhone X,4,3138.49,96,Electronics,South
2024-01-14,Laptop Pro,4,5023.65,44,Electronics,North
2024-01-15,Laptop Pro,5,5852.54,42,Electronics,North
2024-01-15,Multivitamins,3,76.86,276,Health,West
2024-01-15,Ergonomic Chair,5,1246.49,46,Furniture,West
2024-01-15,Ergonomic Chair,2,533.74,42,Furniture,East
2024-01-15,Ergonomic Chair,5,1368.89,49,Furniture,South
2024-01-15,Laptop Pro,5,6418.33,46,Electronics,North
2024-01-15,Wireless Earbuds,2,303.05,120,Electronics,East
2024-01-15,Designer Jeans,3,268.98,131,Apparel,Central
2024-01-15,Yoga Mat,6,190.2,80,Health,Central
2024-01-15,Designer Jeans,6,527.44,135,Apparel,North
2024-01-15,Laptop Pro,3,3897.52,58,Electronics,West
2024-01-15,Running Shoes,6,721.06,92,Apparel,West
2024-01-15,Office Desk,0,0.0,43,Furniture,North
2024-01-15,Running Shoes,2,253.29,100,Apparel,South
2024-01-15,Wireless Earbuds,4,614.85,145,Electronics,South
2024-01-15,Winter Jacket,9,1514.64,68,Apparel,North
2024-01-15,Wireless Earbuds,2,327.67,120,Electronics,Central
2024-01-15,Laptop Pro,3,3265.91,65,Electronics,South
2024-01-15,Winter Jacket,0,0.0,69,Apparel,East
2024-01-15,Wireless Earbuds,0,0.0,135,Electronics,South
2024-01-15,Coffee Table,2,385.97,39,Furniture,South
2024-01-15,Wireless Earbuds,1,144.12,128,Electronics,North
2024-01-15,Running Shoes,0,0.0,104,Apparel,West
2024-01-15,Designer Jeans,5,490.23,124,Apparel,North
2024-01-15,Coffee Table,4,702.22,33,Furniture,Central
2024-01-16,Winter Jacket,15,2203.94,82,Apparel,Central
2024-01-16,Wireless Earbuds,2,276.51,137,Electronics,East
2024-01-16,Running Shoes,3,334.2,86,Apparel,South
2024-01-16,Winter Jacket,15,2331.35,77,Apparel,Central
2024-01-16,Winter Jacket,6,999.64,73,Apparel,South
2024-01-16,Wireless Earbuds,4,595.72,118,Electronics,North
2024-01-16,Coffee Table,3,521.73,41,Furniture,Central
2024-01-16,Laptop Pro,1,1258.95,66,Electronics,West
2024-01-16,Wireless Earbuds,4,642.28,118,Electronics,West
2024-01-16,Office Desk,2,683.98,28,Furniture,North
2024-01-16,Yoga Mat,7,264.18,88,Health,East
2024-01-16,Protein Powder,2,85.2,208,Health,West
2024-01-16,Multivitamins,1,27.34,270,Health,West
2024-01-16,Multivitamins,4,91.55,265,Health,North
2024-01-16,Running Shoes,4,446.27,99,Apparel,South
2024-01-16,Protein Powder,4,173.5,190,Health,East
2024-01-16,Winter Jacket,18,3157.51,67,Apparel,West
2024-01-17,SmartPhone X,1,766.05,95,Electronics,West
2024-01-17,Multivitamins,7,160.79,255,Health,East
2024-01-17,Laptop Pro,7,8983.85,44,Electronics,East
2024-01-17,Coffee Table,1,178.02,31,Furniture,West
2024-01-17,Coffee Table,3,582.02,41,Furniture,North
2024-01-17,Coffee Table,4,687.92,37,Furniture,South
2024-01-17,Running Shoes,4,469.24,87,Apparel,Central
2024-01-17,Office Desk,3,1014.06,41,Furniture,West
2024-01-17,Ergonomic Chair,0,0.0,54,Furniture,North
2024-01-17,Winter Jacket,21,3628.7,56,Apparel,East
2024-01-17,Designer Jeans,4,373.08,120,Apparel,South
2024-01-17,Protein Powder,0,0.0,193,Health,West
2024-01-17,Protein Powder,0,0.0,203,Health,North
2024-01-17,Wireless Earbuds,3,414.34,126,Electronics,East
2024-01-17,Winter Jacket,12,1928.71,76,Apparel,East
2024-01-17,SmartPhone X,2,1730.21,90,Electronics,Central
2024-01-17,Ergonomic Chair,0,0.0,36,Furniture,West
2024-01-18,Designer Jeans,4,380.72,142,Apparel,South
2024-01-18,Protein Powder,4,154.82,198,Health,West
2024-01-18,Office Desk,0,0.0,51,Furniture,East
2024-01-18,Protein Powder,4,174.48,192,Health,Central
2024-01-18,Office Desk,6,2079.49,42,Furniture,North
2024-01-18,Winter Jacket,9,1532.78,60,Apparel,Central
2024-01-18,Ergonomic Chair,4,938.5,42,Furniture,South
2024-01-18,Ergonomic Chair,6,1630.47,36,Furniture,East
2024-01-18,Running Shoes,1,118.4,87,Apparel,North
2024-01-18,Wireless Earbuds,6,942.55,138,Electronics,East
2024-01-18,Designer Jeans,3,274.36,142,Apparel,Central
2024-01-18,Laptop Pro,1,1293.62,42,Electronics,South
2024-01-18,Office Desk,6,2161.01,32,Furniture,East
2024-01-18,Ergonomic Chair,6,1611.62,37,Furniture,West
2024-01-18,Protein Powder,5,209.21,203,Health,West
2024-01-19,Laptop Pro,2,2551.46,42,Electronics,West
2024-01-19,Protein Powder,4,162.38,185,Health,North
2024-01-19,Yoga Mat,4,128.39,92,Health,South
2024-01-19,Ergonomic Chair,4,951.49,42,Furniture,South
2024-01-19,Laptop Pro,0,0.0,60,Electronics,East
2024-01-19,Laptop Pro,2,2243.83,63,Electronics,West
2024-01-19,Designer Jeans,7,613.7,134,Apparel,East
2024-01-19,Protein Powder,0,0.0,209,Health,Central
2024-01-19,Winter Jacket,6,1002.92,74,Apparel,North
2024-01-19,Designer Jeans,4,389.24,118,Apparel,South
2024-01-19,Yoga Mat,5,162.81,73,Health,Central
2024-01-19,Laptop Pro,6,6575.58,63,Electronics,West
2024-01-19,Ergonomic Chair,7,1578.21,62,Furniture,East
2024-01-19,SmartPhone X,2,1619.23,94,Electronics,East
2024-01-19,Protein Powder,4,144.99,189,Health,Central
2024-01-19,Yoga Mat,6,191.41,66,Health,West
2024-01-19,Protein Powder,3,117.24,192,Health,Central
2024-01-19,Designer Jeans,4,375.67,121,Apparel,South
2024-01-19,Laptop Pro,1,1307.48,53,Electronics,West
2024-01-19,SmartPhone X,3,2176.03,95,Electronics,West
2024-01-20,Winter Jacket,12,2008.46,60,Apparel,West
2024-01-20,Winter Jacket,18,2923.35,56,Apparel,North
2024-01-20,Winter Jacket,18,2605.45,60,Apparel,South
2024-01-20,Designer Jeans,2,181.86,139,Apparel,South
2024-01-20,Winter Jacket,3,450.24,58,Apparel,North
2024-01-20,Office Desk,2,754.37,35,Furniture,West
2024-01-20,Laptop Pro,7,7736.38,56,Electronics,Central
2024-01-20,Office Desk,1,335.83,38,Furniture,North
2024-01-20,Ergonomic Chair,5,1227.13,47,Furniture,West
2024-01-20,Coffee Table,1,169.59,22,Furniture,West
2024-01-20,Office Desk,6,1964.29,25,Furniture,West
2024-01-21,Office Desk,7,2336.26,42,Furniture,West
2024-01-21,Office Desk,4,1399.44,43,Furniture,South
2024-01-21,Winter Jacket,0,0.0,56,Apparel,South
2024-01-21,Ergonomic Chair,1,253.89,40,Furniture,East
2024-01-21,Running Shoes,5,620.62,103,Apparel,East
2024-01-21,Multivitamins,1,27.11,273,Health,West
2024-01-21,Yoga Mat,0,0.0,68,Health,South
2024-01-21,Wireless Earbuds,7,1117.34,120,Electronics,Central
2024-01-21,Multivitamins,4,95.0,270,Health,Central
2024-01-21,Coffee Table,4,670.88,25,Furniture,North
2024-01-21,Protein Powder,4,166.22,206,Health,North
2024-01-21,Protein Powder,2,77.67,193,Health,West
2024-01-21,Yoga Mat,5,174.82,84,Health,West
2024-01-21,Wireless Earbuds,2,297.43,128,Electronics,Central
2024-01-21,Laptop Pro,5,6219.09,54,Electronics,West
2024-01-22,Laptop Pro,5,6113.77,41,Electronics,South
2024-01-22,Multivitamins,5,115.96,247,Health,Central
2024-01-22,Yoga Mat,7,247.71,88,Health,South
2024-01-22,Running Shoes,6,722.85,100,Apparel,South
2024-01-22,SmartPhone X,1,755.02,72,Electronics,South
2024-01-22,Ergonomic Chair,4,1052.53,52,Furniture,South
2024-01-22,Multivitamins,3,81.13,247,Health,Central
2024-01-22,SmartPhone X,4,2940.9,87,Electronics,Central
2024-01-22,Protein Powder,0,0.0,208,Health,North
2024-01-22,Laptop Pro,2,2255.57,47,Electronics,Central
2024-01-22,Wireless Earbuds,3,462.99,146,Electronics,East
2024-01-22,Laptop Pro,5,5686.23,46,Electronics,Central
2024-01-22,Protein Powder,6,225.03,209,Health,North
2024-01-22,Multivitamins,4,100.38,245,Health,East
2024-01-22,Wireless Earbuds,5,797.13,134,Electronics,West
2024-01-22,Protein Powder,4,164.37,191,Health,East
2024-01-22,Laptop Pro,6,7415.51,48,Electronics,East
2024-01-22,Yoga Mat,4,132.38,70,Health,North
2024-01-22,Ergonomic Chair,3,755.46,53,Furniture,North
2024-01-22,Office Desk,0,0.0,43,Furniture,South
2024-01-23,Protein Powder,5,208.17,205,Health,South
2024-01-23,Running Shoes,4,493.83,103,Apparel,West
2024-01-23,Winter Jacket,9,1375.87,70,Apparel,Central
2024-01-23,Wireless Earbuds,5,723.17,121,Electronics,Central
2024-01-23,Protein Powder,3,123.65,193,Health,East
2024-01-23,SmartPhone X,1,874.47,72,Electronics,East
2024-01-23,Laptop Pro,5,5867.51,57,Electronics,East
2024-01-23,Coffee Table,4,723.89,43,Furniture,South
2024-01-23,SmartPhone X,4,2918.34,94,Electronics,East
2024-01-23,SmartPhone X,4,3127.48,76,Electronics,East
2024-01-23,Multivitamins,6,151.58,245,Health,Central
2024-01-23,Ergonomic Chair,2,458.48,60,Furniture,West
2024-01-23,Wireless Earbuds,2,279.41,124,Electronics,North
2024-01-23,Yoga Mat,3,108.83,72,Health,Central
2024-01-23,Protein Powder,5,185.72,185,Health,South
2024-01-23,Running Shoes,0,0.0,107,Apparel,North
2024-01-23,Yoga Mat,4,153.6,89,Health,East
2024-01-23,Wireless Earbuds,1,153.24,145,Electronics,South
2024-01-23,Office Desk,1,326.45,36,Furniture,West
2024-01-23,Protein Powder,4,173.32,194,Health,East
2024-01-23,SmartPhone X,6,4651.99,93,Electronics,West
2024-01-23,Ergonomic Chair,2,470.47,53,Furniture,North
2024-01-23,Laptop Pro,4,4444.4,43,Electronics,East
2024-01-23,Wireless Earbuds,3,435.04,124,Electronics,North
2024-01-23,SmartPhone X,5,3639.85,70,Electronics,West
2024-01-23,Designer Jeans,4,390.63,145,Apparel,East
2024-01-24,Laptop Pro,4,5243.78,59,Electronics,South
2024-01-24,Running Shoes,5,612.93,101,Apparel,Central
2024-01-24,Winter Jacket,12,1884.98,74,Apparel,East
2024-01-24,Laptop Pro,5,6289.3,68,Electronics,South
2024-01-24,SmartPhone X,1,876.9,94,Electronics,Central
2024-01-24,Wireless Earbuds,3,456.03,145,Electronics,West
2024-01-24,Designer Jeans,0,0.0,123,Apparel,West
2024-01-24,Office Desk,4,1496.09,43,Furniture,North
2024-01-24,Running Shoes,4,475.0,90,Apparel,Central
2024-01-24,Winter Jacket,9,1484.94,69,Apparel,West
2024-01-24,Wireless Earbuds,1,143.18,120,Electronics,North
2024-01-24,Coffee Table,2,350.22,30,Furniture,East
2024-01-24,SmartPhone X,1,829.21,92,Electronics,Central
2024-01-24,Running Shoes,0,0.0,91,Apparel,North
2024-01-24,SmartPhone X,0,0.0,80,Electronics,East
2024-01-24,Multivitamins,2,46.65,262,Health,East
2024-01-24,Coffee Table,1,176.21,43,Furniture,East
2024-01-24,Yoga Mat,4,140.82,71,Health,Central
2024-01-24,Multivitamins,1,26.73,271,Health,East
2024-01-24,Wireless Earbuds,5,700.42,127,Electronics,West
2024-01-24,Multivitamins,2,53.97,268,Health,East
2024-01-24,Coffee Table,4,689.16,26,Furniture,West
2024-01-25,Office Desk,6,2145.39,35,Furniture,West
2024-01-25,Multivitamins,3,79.07,255,Health,East
2024-01-25,SmartPhone X,7,5422.89,76,Electronics,East
2024-01-25,Designer Jeans,4,344.66,118,Apparel,North
2024-01-25,Wireless Earbuds,4,657.79,120,Electronics,East
2024-01-25,Multivitamins,5,122.09,251,Health,North
2024-01-25,Protein Powder,2,80.75,200,Health,South
2024-01-25,Laptop Pro,1,1258.41,49,Electronics,West
2024-01-25,Coffee Table,4,654.5,18,Furniture,South
2024-01-25,Protein Powder,2,84.62,193,Health,West
2024-01-25,Multivitamins,1,25.89,261,Health,South
2024-01-25,SmartPhone X,1,835.12,74,Electronics,West
2024-01-25,Protein Powder,0,0.0,186,Health,North
2024-01-25,Wireless Earbuds,2,284.42,124,Electronics,East
2024-01-25,Designer Jeans,1,92.27,127,Apparel,Central
2024-01-25,Office Desk,7,2507.78,47,Furniture,West
2024-01-25,Office Desk,4,1274.27,45,Furniture,West
2024-01-25,SmartPhone X,4,3234.07,82,Electronics,South
2024-01-26,Winter Jacket,0,0.0,80,Apparel,South
2024-01-26,SmartPhone X,1,877.07,85,Electronics,East
2024-01-26,Ergonomic Chair,3,813.43,63,Furniture,North
2024-01-26,Protein Powder,0,0.0,197,Health,West
2024-01-26,Protein Powder,1,41.4,188,Health,West
2024-01-26,SmartPhone X,4,3261.03,66,Electronics,Central
2024-01-26,Running Shoes,5,555.56,109,Apparel,North
2024-01-26,Coffee Table,3,574.7,38,Furniture,North
2024-01-26,Running Shoes,7,915.56,85,Apparel,North
2024-01-26,Ergonomic Chair,3,810.3,47,Furniture,South
2024-01-26,Running Shoes,5,594.76,113,Apparel,South
2024-01-26,SmartPhone X,4,3214.24,93,Electronics,North
2024-01-26,Protein Powder,6,238.39,190,Health,Central
2024-01-26,Wireless Earbuds,0,0.0,117,Electronics,South
2024-01-26,SmartPhone X,3,2601.26,87,Electronics,North
2024-01-26,Protein Powder,1,36.16,184,Health,West
2024-01-26,Coffee Table,4,712.88,33,Furniture,East
2024-01-26,Coffee Table,4,728.88,28,Furniture,North
2024-01-26,Office Desk,4,1417.89,30,Furniture,Central
2024-01-26,Running Shoes,2,262.01,86,Apparel,North
2024-01-26,Yoga Mat,3,106.39,69,Health,South
2024-01-26,Winter Jacket,15,2192.84,82,Apparel,South
2024-01-26,Running Shoes,4,473.18,114,Apparel,East
2024-01-26,Winter Jacket,12,1930.18,55,Apparel,North
2024-01-26,Office Desk,5,1767.81,39,Furniture,Central
2024-01-26,Office Desk,4,1468.86,49,Furniture,North
2024-01-27,SmartPhone X,2,1481.46,73,Electronics,North
2024-01-27,Multivitamins,6,145.74,258,Health,East
2024-01-27,Running Shoes,7,782.67,94,Apparel,Central
2024-01-27,Protein Powder,7,307.55,188,Health,East
2024-01-27,Coffee Table,4,786.52,26,Furniture,South
2024-01-27,Coffee Table,3,503.77,33,Furniture,East
2024-01-27,Wireless Earbuds,0,0.0,117,Electronics,East
2024-01-27,Coffee Table,1,187.7,42,Furniture,West
2024-01-27,Designer Jeans,1,98.09,144,Apparel,North
2024-01-27,Protein Powder,5,199.28,193,Health,West
2024-01-27,Laptop Pro,3,3340.04,53,Electronics,West
2024-01-27,Laptop Pro,2,2265.93,63,Electronics,East
2024-01-27,Wireless Earbuds,5,802.23,129,Electronics,North
2024-01-27,Coffee Table,3,578.62,26,Furniture,North
2024-01-27,Coffee Table,4,785.27,37,Furniture,East
2024-01-28,Winter Jacket,18,2826.54,53,Apparel,North
2024-01-28,Multivitamins,4,98.64,256,Health,South
2024-01-28,Laptop Pro,7,8084.06,40,Electronics,East
2024-01-28,SmartPhone X,7,5767.86,73,Electronics,South
2024-01-28,Wireless Earbuds,3,454.82,144,Electronics,North
2024-01-28,Protein Powder,6,222.98,182,Health,Central
2024-01-28,Yoga Mat,7,263.72,86,Health,East
2024-01-28,Multivitamins,3,78.78,269,Health,Central
2024-01-28,Office Desk,4,1474.97,31,Furniture,South
2024-01-28,Protein Powder,7,307.52,193,Health,South
2024-01-28,Wireless Earbuds,2,284.06,129,Electronics,South
2024-01-28,Ergonomic Chair,6,1476.44,54,Furniture,East
2024-01-28,Designer Jeans,0,0.0,143,Apparel,West
2024-01-28,Ergonomic Chair,3,819.82,40,Furniture,North
2024-01-28,Coffee Table,0,0.0,42,Furniture,Central
2024-01-28,Wireless Earbuds,0,0.0,135,Electronics,East
2024-01-28,Coffee Table,5,967.33,36,Furniture,East
2024-01-28,Running Shoes,7,923.42,85,Apparel,South
2024-01-29,Designer Jeans,5,470.28,128,Apparel,North
2024-01-29,Wireless Earbuds,5,770.14,142,Electronics,West
2024-01-29,Running Shoes,7,897.02,88,Apparel,East
2024-01-29,Multivitamins,6,147.42,243,Health,South
2024-01-29,Coffee Table,5,922.39,36,Furniture,East
2024-01-29,SmartPhone X,3,2558.83,84,Electronics,South
2024-01-29,Yoga Mat,1,38.05,73,Health,South
2024-01-29,Protein Powder,6,255.6,199,Health,Central
2024-01-29,Winter Jacket,0,0.0,79,Apparel,West
2024-01-29,Coffee Table,6,977.69,20,Furniture,North
2024-01-29,Laptop Pro,6,7295.4,53,Electronics,East
2024-01-29,Protein Powder,3,117.28,207,Health,East
2024-01-29,Winter Jacket,3,493.25,65,Apparel,West
2024-01-29,SmartPhone X,4,3229.44,77,Electronics,North
2024-01-29,Running Shoes,0,0.0,92,Apparel,East
2024-01-29,Yoga Mat,6,213.82,94,Health,East
2024-01-29,Designer Jeans,5,450.34,121,Apparel,Central
2024-01-29,Protein Powder,4,156.16,204,Health,Central
2024-01-29,Designer Jeans,0,0.0,145,Apparel,South
2024-01-29,Ergonomic Chair,2,514.45,49,Furniture,West
2024-01-29,Office Desk,6,2220.27,27,Furniture,East
2024-01-29,Winter Jacket,12,1977.66,54,Apparel,South
2024-01-29,Winter Jacket,18,2927.99,54,Apparel,South
2024-01-29,Office Desk,4,1268.55,24,Furniture,Central
2024-01-29,SmartPhone X,0,0.0,65,Electronics,North
2024-01-29,Ergonomic Chair,1,267.2,47,Furniture,East
2024-01-29,Winter Jacket,21,3626.7,82,Apparel,North
2024-01-29,SmartPhone X,5,3651.35,87,Electronics,East
2024-01-29,Wireless Earbuds,5,784.57,133,Electronics,West
2024-01-30,Ergonomic Chair,1,245.75,60,Furniture,South
2024-01-30,Running Shoes,0,0.0,95,Apparel,East
2024-01-30,Yoga Mat,4,132.19,67,Health,North
2024-01-30,Running Shoes,3,357.4,102,Apparel,South
2024-01-30,Coffee Table,6,1087.51,32,Furniture,North
2024-01-30,Multivitamins,7,177.84,258,Health,North
2024-01-30,Office Desk,4,1424.96,34,Furniture,East
2024-01-30,Yoga Mat,5,157.67,82,Health,North
2024-01-30,Coffee Table,0,0.0,36,Furniture,Central
2024-01-30,Winter Jacket,21,3496.24,80,Apparel,Central
2024-01-30,Multivitamins,1,24.1,245,Health,East
2024-01-30,Designer Jeans,5,475.93,140,Apparel,Central
2024-01-30,Winter Jacket,15,2452.95,76,Apparel,West
2024-01-30,Laptop Pro,0,0.0,51,Electronics,East
2024-01-30,SmartPhone X,7,5432.36,91,Electronics,South
2024-01-30,SmartPhone X,5,3784.86,90,Electronics,South
2024-01-30,Multivitamins,4,104.26,258,Health,South
2024-01-30,Winter Jacket,6,916.13,69,Apparel,Central
2024-01-31,Ergonomic Chair,2,502.58,35,Furniture,North
2024-01-31,Multivitamins,4,95.25,269,Health,East
2024-01-31,Protein Powder,3,118.14,188,Health,West
2024-01-31,Wireless Earbuds,4,648.49,134,Electronics,East
2024-01-31,Designer Jeans,4,373.06,126,Apparel,North
2024-01-31,Designer Jeans,1,83.35,142,Apparel,South
2024-01-31,Designer Jeans,4,379.64,130,Apparel,West
2024-01-31,Laptop Pro,2,2163.9,61,Electronics,Central
2024-01-31,Yoga Mat,5,170.42,74,Health,South
2024-01-31,Designer Jeans,2,195.78,127,Apparel,Central
2024-01-31,Designer Jeans,0,0.0,129,Apparel,West
2024-01-31,Multivitamins,7,173.02,247,Health,Central
2024-01-31,Multivitamins,4,104.2,269,Health,East
2024-01-31,Running Shoes,5,601.67,108,Apparel,South
2024-01-31,Yoga Mat,6,195.84,72,Health,South
2024-01-31,Multivitamins,3,73.96,247,Health,Central
2024-01-31,SmartPhone X,3,2410.46,75,Electronics,West
2024-01-31,Coffee Table,1,175.82,37,Furniture,Central
2024-01-31,Designer Jeans,0,0.0,124,Apparel,Central
2024-01-31,Running Shoes,4,497.49,106,Apparel,East
2024-01-31,Ergonomic Chair,0,0.0,46,Furniture,East
2024-01-31,Wireless Earbuds,2,275.5,130,Electronics,West
2024-02-01,Laptop Pro,2,2456.27,43,Electronics,South
2024-02-01,Laptop Pro,7,8750.6,60,Electronics,Central
2024-02-01,Coffee Table,2,352.86,23,Furniture,North
2024-02-01,Running Shoes,4,441.42,85,Apparel,West
2024-02-01,Ergonomic Chair,3,741.88,38,Furniture,North
2024-02-01,Running Shoes,4,508.89,85,Apparel,West
2024-02-01,Winter Jacket,15,2623.04,77,Apparel,Central
2024-02-01,Yoga Mat,7,226.56,82,Health,Central
2024-02-01,Running Shoes,3,395.76,86,Apparel,Central
2024-02-01,Wireless Earbuds,1,139.67,119,Electronics,Central
2024-02-01,SmartPhone X,6,4550.07,82,Electronics,West
2024-02-01,Designer Jeans,7,637.65,115,Apparel,East
2024-02-01,Winter Jacket,18,2920.07,53,Apparel,South
2024-02-01,Laptop Pro,6,6974.2,54,Electronics,North
2024-02-01,Winter Jacket,6,1055.86,62,Apparel,Central
2024-02-01,SmartPhone X,4,3108.86,65,Electronics,West
2024-02-01,Multivitamins,1,26.52,264,Health,East
2024-02-01,Multivitamins,5,120.36,242,Health,West
2024-02-01,Designer Jeans,6,519.5,115,Apparel,South
2024-02-01,Ergonomic Chair,3,713.31,35,Furniture,North
2024-02-01,Protein Powder,5,180.25,199,Health,West
2024-02-01,Wireless Earbuds,3,460.3,131,Electronics,North
2024-02-02,Winter Jacket,9,1487.67,54,Apparel,Central
2024-02-02,Wireless Earbuds,7,1088.92,134,Electronics,East
2024-02-02,Yoga Mat,2,68.06,93,Health,North
2024-02-02,Coffee Table,3,566.05,35,Furniture,Central
2024-02-02,SmartPhone X,0,0.0,91,Electronics,North
2024-02-02,Yoga Mat,3,101.72,93,Health,West
2024-02-02,Yoga Mat,2,64.35,73,Health,South
2024-02-02,Yoga Mat,5,167.37,83,Health,Central
2024-02-02,Office Desk,3,1038.73,50,Furniture,North
2024-02-02,Winter Jacket,6,864.06,62,Apparel,West
2024-02-02,SmartPhone X,6,4680.19,90,Electronics,Central
2024-02-02,Wireless Earbuds,5,695.03,132,Electronics,South
2024-02-02,Designer Jeans,5,472.97,124,Apparel,West
2024-02-02,Wireless Earbuds,2,270.64,143,Electronics,East
2024-02-02,Ergonomic Chair,3,741.7,40,Furniture,Central
2024-02-02,Coffee Table,4,719.36,17,Furniture,South
2024-02-02,Laptop Pro,4,4386.52,50,Electronics,South
2024-02-02,Yoga Mat,3,101.6,79,Health,North
2024-02-02,Laptop Pro,0,0.0,65,Electronics,North
2024-02-02,Winter Jacket,12,1912.1,70,Apparel,North
2024-02-02,Ergonomic Chair,1,231.85,34,Furniture,North
2024-02-02,Wireless Earbuds,5,687.41,138,Electronics,North
2024-02-02,Running Shoes,4,451.61,87,Apparel,West
2024-02-02,Winter Jacket,0,0.0,57,Apparel,Central
2024-02-02,Multivitamins,3,77.49,267,Health,Central
2024-02-02,Protein Powder,1,38.78,189,Health,West
2024-02-02,Protein Powder,6,218.39,196,Health,North
2024-02-03,Designer Jeans,7,678.84,128,Apparel,West
2024-02-03,Designer Jeans,6,563.28,120,Apparel,East
2024-02-03,Winter Jacket,12,2016.79,59,Apparel,Central
2024-02-03,Office Desk,2,652.99,44,Furniture,North
2024-02-03,Coffee Table,7,1253.32,23,Furniture,North
2024-02-03,Winter Jacket,12,2006.88,67,Apparel,West
2024-02-03,SmartPhone X,5,3646.81,77,Electronics,West
2024-02-03,Protein Powder,6,249.61,193,Health,South
2024-02-03,Coffee Table,4,699.64,27,Furniture,East
2024-02-03,SmartPhone X,3,2490.92,91,Electronics,West
2024-02-03,Winter Jacket,6,874.17,80,Apparel,West
2024-02-03,Laptop Pro,4,4339.93,61,Electronics,North
2024-02-03,SmartPhone X,6,4613.18,69,Electronics,East
2024-02-03,Office Desk,1,379.3,25,Furniture,West
2024-02-03,Coffee Table,7,1175.11,15,Furniture,Central
2024-02-04,Running Shoes,4,459.32,93,Apparel,West
2024-02-04,Laptop Pro,2,2249.33,54,Electronics,West
2024-02-04,Wireless Earbuds,6,844.5,140,Electronics,South
2024-02-04,Laptop Pro,4,4946.41,46,Electronics,North
2024-02-04,SmartPhone X,4,2944.11,67,Electronics,West
2024-02-04,Wireless Earbuds,4,583.22,143,Electronics,East
2024-02-04,Coffee Table,1,176.6,38,Furniture,West
2024-02-04,Winter Jacket,18,2732.71,64,Apparel,West
2024-02-04,Yoga Mat,6,211.29,87,Health,South
2024-02-04,Running Shoes,5,622.74,99,Apparel,South
2024-02-04,SmartPhone X,3,2560.1,72,Electronics,East
2024-02-04,Ergonomic Chair,1,232.31,46,Furniture,South
2024-02-04,Running Shoes,2,263.55,111,Apparel,North
2024-02-04,SmartPhone X,4,3318.19,88,Electronics,Central
2024-02-04,Office Desk,2,750.82,49,Furniture,South
2024-02-04,Laptop Pro,6,7157.8,51,Electronics,Central
2024-02-04,Wireless Earbuds,5,791.88,134,Electronics,West
2024-02-05,Multivitamins,7,178.15,255,Health,South
2024-02-05,Laptop Pro,4,4323.84,40,Electronics,South
2024-02-05,Multivitamins,2,47.08,242,Health,South
2024-02-05,Winter Jacket,12,1780.24,66,Apparel,Central
2024-02-05,Ergonomic Chair,4,966.26,53,Furniture,North
2024-02-05,Running Shoes,4,436.49,84,Apparel,East
2024-02-05,SmartPhone X,3,2617.71,91,Electronics,East
2024-02-05,Coffee Table,0,0.0,29,Furniture,Central
2024-02-05,Running Shoes,0,0.0,88,Apparel,East
2024-02-05,Laptop Pro,1,1087.09,66,Electronics,West
2024-02-05,Wireless Earbuds,2,320.14,140,Electronics,South
2024-02-05,Protein Powder,3,109.53,180,Health,West
2024-02-05,Laptop Pro,0,0.0,63,Electronics,Central
2024-02-05,Multivitamins,7,180.13,251,Health,West
2024-02-05,Yoga Mat,6,199.72,93,Health,West
2024-02-05,Coffee Table,1,186.66,32,Furniture,North
2024-02-05,Multivitamins,4,96.73,266,Health,West
2024-02-05,Yoga Mat,4,153.38,81,Health,West
2024-02-05,SmartPhone X,7,5478.74,86,Electronics,East
2024-02-05,Coffee Table,5,823.72,18,Furniture,West
2024-02-06,Office Desk,1,347.02,33,Furniture,South
2024-02-06,SmartPhone X,3,2519.84,67,Electronics,North
2024-02-06,Coffee Table,5,892.31,20,Furniture,Central
2024-02-06,Winter Jacket,15,2476.47,77,Apparel,Central
2024-02-06,Laptop Pro,1,1244.68,66,Electronics,South
2024-02-06,Office Desk,4,1374.98,42,Furniture,North
2024-02-06,Yoga Mat,4,145.61,72,Health,South
2024-02-06,Laptop Pro,6,7438.94,49,Electronics,West
2024-02-06,Designer Jeans,0,0.0,122,Apparel,North
2024-02-06,Office Desk,4,1421.07,36,Furniture,North
2024-02-06,Multivitamins,2,49.22,255,Health,West
2024-02-06,SmartPhone X,0,0.0,86,Electronics,South
2024-02-06,Designer Jeans,0,0.0,128,Apparel,North
2024-02-06,Protein Powder,4,170.87,184,Health,East
2024-02-06,Designer Jeans,1,97.18,118,Apparel,East
2024-02-06,Laptop Pro,7,7695.58,51,Electronics,South
2024-02-06,Office Desk,3,1020.25,22,Furniture,East
2024-02-06,Designer Jeans,4,394.81,127,Apparel,South
2024-02-06,Laptop Pro,0,0.0,50,Electronics,South
2024-02-06,Yoga Mat,2,67.49,84,Health,Central
2024-02-07,Running Shoes,1,131.4,103,Apparel,Central
2024-02-07,SmartPhone X,1,789.67,85,Electronics,North
2024-02-07,Multivitamins,5,115.01,259,Health,North
2024-02-07,Running Shoes,1,116.77,106,Apparel,South
2024-02-07,Designer Jeans,5,488.42,136,Apparel,North
2024-02-07,Wireless Earbuds,7,1094.1,115,Electronics,West
2024-02-07,SmartPhone X,1,782.32,78,Electronics,North
2024-02-07,Winter Jacket,6,881.85,81,Apparel,South
2024-02-07,Protein Powder,2,80.84,195,Health,Central
2024-02-07,Designer Jeans,0,0.0,121,Apparel,North
2024-02-07,Office Desk,5,1846.37,21,Furniture,Central
2024-02-07,Running Shoes,7,844.17,100,Apparel,Central
2024-02-07,Winter Jacket,6,985.41,80,Apparel,North
2024-02-07,Winter Jacket,6,920.63,70,Apparel,West
2024-02-07,Protein Powder,4,154.96,191,Health,West
2024-02-07,Yoga Mat,7,257.1,80,Health,East
2024-02-07,Laptop Pro,7,8494.48,40,Electronics,East
2024-02-07,Ergonomic Chair,7,1581.34,57,Furniture,West
2024-02-07,Multivitamins,4,99.83,243,Health,North
2024-02-07,Yoga Mat,6,230.82,81,Health,West
2024-02-07,Running Shoes,4,483.94,101,Apparel,North
2024-02-07,SmartPhone X,5,4220.4,85,Electronics,South
2024-02-07,Ergonomic Chair,1,242.94,56,Furniture,North
2024-02-07,Ergonomic Chair,4,999.68,40,Furniture,West
2024-02-08,Protein Powder,7,280.58,203,Health,South
2024-02-08,Ergonomic Chair,4,1034.49,43,Furniture,East
2024-02-08,Ergonomic Chair,1,241.24,62,Furniture,South
2024-02-08,Yoga Mat,3,108.75,69,Health,East
2024-02-08,Protein Powder,2,76.34,195,Health,Central
2024-02-08,Protein Powder,4,151.43,183,Health,West
2024-02-08,Yoga Mat,5,171.07,70,Health,South
2024-02-08,Protein Powder,6,254.29,178,Health,Central
2024-02-08,Ergonomic Chair,1,248.67,37,Furniture,South
2024-02-08,Protein Powder,3,124.82,204,Health,Central
2024-02-08,Protein Powder,1,39.49,189,Health,North
2024-02-08,SmartPhone X,2,1554.25,76,Electronics,North
2024-02-08,Ergonomic Chair,1,254.15,61,Furniture,South
2024-02-08,Yoga Mat,5,160.45,90,Health,South
2024-02-08,Office Desk,2,650.04,29,Furniture,East
2024-02-08,Yoga Mat,4,149.59,87,Health,West
2024-02-08,Ergonomic Chair,3,765.03,60,Furniture,West
2024-02-08,SmartPhone X,5,4322.44,68,Electronics,Central
2024-02-08,Multivitamins,2,52.27,255,Health,East
2024-02-08,Multivitamins,0,0.0,257,Health,West
2024-02-08,Office Desk,5,1603.83,45,Furniture,West
2024-02-08,Coffee Table,4,673.83,28,Furniture,Central
2024-02-08,Designer Jeans,6,501.0,132,Apparel,South
2024-02-08,Running Shoes,4,479.37,93,Apparel,West
2024-02-08,Yoga Mat,7,225.55,65,Health,West
2024-02-08,Multivitamins,1,25.01,259,Health,South
2024-02-09,Laptop Pro,2,2414.27,55,Electronics,East
2024-02-09,Yoga Mat,1,36.73,74,Health,East
2024-02-09,Yoga Mat,1,37.46,76,Health,West
2024-02-09,Multivitamins,3,79.51,251,Health,West
2024-02-09,Protein Powder,7,302.03,182,Health,West
2024-02-09,Coffee Table,6,1107.78,34,Furniture,North
2024-02-09,Wireless Earbuds,4,577.98,135,Electronics,Central
2024-02-09,Winter Jacket,0,0.0,69,Apparel,South
2024-02-09,Office Desk,5,1596.78,43,Furniture,East
2024-02-09,Designer Jeans,6,532.66,136,Apparel,West
2024-02-09,Coffee Table,2,337.02,35,Furniture,Central
2024-02-09,Designer Jeans,2,197.35,142,Apparel,East
2024-02-09,Ergonomic Chair,2,475.94,51,Furniture,South
2024-02-09,Office Desk,0,0.0,24,Furniture,West
2024-02-09,Laptop Pro,1,1296.51,58,Electronics,North
2024-02-09,Ergonomic Chair,0,0.0,43,Furniture,East
2024-02-10,Ergonomic Chair,1,228.16,40,Furniture,South
2024-02-10,Running Shoes,5,654.34,107,Apparel,South
2024-02-10,Protein Powder,4,174.41,202,Health,North
2024-02-10,Multivitamins,4,105.08,254,Health,Central
2024-02-10,Ergonomic Chair,2,523.76,58,Furniture,East
2024-02-10,Laptop Pro,4,4557.32,60,Electronics,South
2024-02-10,Running Shoes,0,0.0,88,Apparel,East
2024-02-10,Ergonomic Chair,1,239.09,38,Furniture,Central
2024-02-10,Ergonomic Chair,2,483.56,48,Furniture,North
2024-02-10,Wireless Earbuds,2,276.61,138,Electronics,Central
2024-02-10,SmartPhone X,3,2492.46,67,Electronics,West
2024-02-10,Protein Powder,5,210.78,177,Health,Central
2024-02-10,Winter Jacket,15,2617.35,52,Apparel,West
2024-02-10,Laptop Pro,7,8577.7,55,Electronics,West
2024-02-10,Yoga Mat,0,0.0,88,Health,Central
2024-02-10,Running Shoes,6,789.9,95,Apparel,South
2024-02-11,Wireless Earbuds,4,648.36,133,Electronics,North
2024-02-11,Coffee Table,2,363.76,20,Furniture,South
2024-02-11,Protein Powder,4,148.24,186,Health,South
2024-02-11,Wireless Earbuds,3,437.61,140,Electronics,North
2024-02-11,Winter Jacket,3,514.36,58,Apparel,West
2024-02-11,Office Desk,4,1473.72,38,Furniture,North
2024-02-11,Laptop Pro,3,3254.52,51,Electronics,West
2024-02-11,Laptop Pro,3,3558.3,64,Electronics,East
2024-02-11,Office Desk,7,2434.09,34,Furniture,South
2024-02-11,Winter Jacket,9,1514.3,79,Apparel,East
2024-02-11,Wireless Earbuds,7,1097.93,116,Electronics,South
2024-02-11,Multivitamins,4,94.73,264,Health,Central
2024-02-11,Yoga Mat,6,213.13,83,Health,North
2024-02-11,Multivitamins,0,0.0,259,Health,West
2024-02-11,SmartPhone X,0,0.0,85,Electronics,West
2024-02-12,Wireless Earbuds,2,328.72,126,Electronics,East
2024-02-12,Yoga Mat,4,153.92,65,Health,East
2024-02-12,Laptop Pro,3,3843.36,61,Electronics,East
2024-02-12,SmartPhone X,4,3209.65,86,Electronics,South
2024-02-12,Coffee Table,0,0.0,32,Furniture,South
2024-02-12,Ergonomic Chair,6,1419.1,42,Furniture,East
2024-02-12,Office Desk,1,317.3,33,Furniture,West
2024-02-12,Winter Jacket,6,925.4,74,Apparel,North
2024-02-12,Running Shoes,7,906.52,92,Apparel,South
2024-02-12,Running Shoes,4,489.51,84,Apparel,North
2024-02-12,Laptop Pro,7,8110.46,61,Electronics,South
2024-02-12,Coffee Table,1,173.75,15,Furniture,South
2024-02-12,Coffee Table,2,332.11,35,Furniture,West
2024-02-12,Yoga Mat,7,221.58,72,Health,South
2024-02-12,Running Shoes,6,761.1,105,Apparel,West
2024-02-12,SmartPhone X,4,3343.51,72,Electronics,South
2024-02-12,Yoga Mat,7,224.1,65,Health,South
2024-02-12,Laptop Pro,2,2451.07,60,Electronics,Central
2024-02-12,Designer Jeans,3,253.9,125,Apparel,West
2024-02-12,SmartPhone X,4,3334.0,77,Electronics,Central
2024-02-12,Ergonomic Chair,0,0.0,41,Furniture,North
2024-02-12,Designer Jeans,4,342.77,121,Apparel,West
2024-02-12,Office Desk,7,2354.37,26,Furniture,North
2024-02-13,Coffee Table,5,947.84,39,Furniture,South
2024-02-13,Multivitamins,0,0.0,264,Health,West
2024-02-13,Designer Jeans,2,167.17,132,Apparel,South
2024-02-13,Designer Jeans,6,507.05,128,Apparel,North
2024-02-13,Coffee Table,2,329.41,28,Furniture,South
2024-02-13,Yoga Mat,6,193.86,77,Health,West
2024-02-13,Designer Jeans,6,522.59,120,Apparel,Central
2024-02-13,Protein Powder,4,157.3,203,Health,West
2024-02-13,Multivitamins,1,26.91,257,Health,South
2024-02-13,Multivitamins,2,47.96,238,Health,South
2024-02-13,Laptop Pro,5,5644.26,42,Electronics,West
2024-02-13,Winter Jacket,21,3492.07,51,Apparel,West
2024-02-13,Wireless Earbuds,4,568.95,135,Electronics,Central
2024-02-13,Coffee Table,4,660.13,21,Furniture,Central
2024-02-13,Office Desk,1,329.62,35,Furniture,East
2024-02-13,Running Shoes,5,584.33,104,Apparel,South
2024-02-13,Coffee Table,3,587.96,15,Furniture,South
2024-02-13,Wireless Earbuds,3,411.31,140,Electronics,West
2024-02-13,Running Shoes,4,436.07,84,Apparel,South
2024-02-14,SmartPhone X,0,0.0,63,Electronics,West
2024-02-14,Designer Jeans,6,583.82,115,Apparel,East
2024-02-14,Winter Jacket,15,2308.03,76,Apparel,North
2024-02-14,Office Desk,7,2511.92,21,Furniture,Central
2024-02-14,Ergonomic Chair,7,1864.99,57,Furniture,Central
2024-02-14,Ergonomic Chair,1,274.35,43,Furniture,North
2024-02-14,Wireless Earbuds,4,554.21,142,Electronics,Central
2024-02-14,Protein Powder,6,262.97,193,Health,West
2024-02-14,SmartPhone X,3,2318.87,65,Electronics,Central
2024-02-14,Yoga Mat,5,160.23,73,Health,Central
2024-02-14,Yoga Mat,3,103.1,88,Health,South
2024-02-14,Winter Jacket,9,1334.42,55,Apparel,West
2024-02-14,Ergonomic Chair,3,702.86,61,Furniture,West
2024-02-14,Laptop Pro,0,0.0,66,Electronics,North
2024-02-14,Protein Powder,7,269.38,182,Health,South
2024-02-14,Designer Jeans,4,346.34,113,Apparel,South
2024-02-14,Laptop Pro,7,7685.64,62,Electronics,North
2024-02-14,Laptop Pro,3,3368.17,61,Electronics,North
2024-02-14,SmartPhone X,5,3857.35,82,Electronics,North
2024-02-14,Protein Powder,6,224.34,195,Health,Central
2024-02-14,Running Shoes,1,124.51,101,Apparel,North
2024-02-14,Running Shoes,1,130.2,96,Apparel,South
2024-02-14,Designer Jeans,0,0.0,125,Apparel,West
2024-02-14,Protein Powder,7,265.64,176,Health,South
2024-02-14,Multivitamins,4,109.47,246,Health,Central
2024-02-14,Office Desk,4,1431.81,37,Furniture,East
2024-02-14,Ergonomic Chair,6,1615.52,51,Furniture,Central
2024-02-14,Office Desk,0,0.0,46,Furniture,Central
2024-02-14,Protein Powder,1,39.17,198,Health,North
2024-02-15,Winter Jacket,15,2524.3,79,Apparel,North
2024-02-15,Office Desk,0,0.0,29,Furniture,East
2024-02-15,Winter Jacket,3,488.56,65,Apparel,West
2024-02-15,Coffee Table,2,326.61,21,Furniture,South
2024-02-15,Laptop Pro,6,6745.96,40,Electronics,East
2024-02-15,Coffee Table,4,744.41,20,Furniture,Central
2024-02-15,Office Desk,3,1149.19,21,Furniture,East
2024-02-15,Running Shoes,2,225.3,105,Apparel,Central
2024-02-15,Laptop Pro,7,8946.05,43,Electronics,Central
2024-02-15,Ergonomic Chair,5,1257.52,60,Furniture,West
2024-02-15,Office Desk,4,1364.13,46,Furniture,West
2024-02-15,Designer Jeans,1,90.61,130,Apparel,East
2024-02-15,Protein Powder,0,0.0,187,Health,Central
2024-02-15,SmartPhone X,2,1565.23,68,Electronics,Central
2024-02-15,Multivitamins,2,51.36,259,Health,North
2024-02-15,Running Shoes,2,251.96,96,Apparel,West
2024-02-15,Laptop Pro,2,2581.62,57,Electronics,Central
2024-02-15,Winter Jacket,15,2449.68,71,Apparel,East
2024-02-15,Coffee Table,3,519.43,32,Furniture,North
2024-02-15,Yoga Mat,5,171.99,85,Health,North
2024-02-15,Ergonomic Chair,1,246.97,58,Furniture,South
2024-02-15,Running Shoes,3,394.29,109,Apparel,North
2024-02-15,Ergonomic Chair,6,1608.7,34,Furniture,West
2024-02-15,Wireless Earbuds,4,638.08,120,Electronics,South
2024-02-15,Laptop Pro,3,3545.24,50,Electronics,Central
2024-02-16,SmartPhone X,4,3407.31,71,Electronics,West
2024-02-16,Protein Powder,4,154.48,196,Health,East
2024-02-16,Running Shoes,2,230.75,92,Apparel,North
2024-02-16,Multivitamins,3,80.66,247,Health,Central
2024-02-16,Laptop Pro,3,3452.55,63,Electronics,North
2024-02-16,Designer Jeans,6,571.63,133,Apparel,South
2024-02-16,Office Desk,5,1847.7,40,Furniture,West
2024-02-16,SmartPhone X,5,4020.6,81,Electronics,West
2024-02-16,Protein Powder,4,144.11,198,Health,South
2024-02-16,Winter Jacket,21,3228.87,72,Apparel,North
2024-02-16,Wireless Earbuds,3,435.0,131,Electronics,North
2024-02-16,Wireless Earbuds,6,920.79,140,Electronics,North
2024-02-16,Wireless Earbuds,4,653.78,116,Electronics,North
2024-02-16,Wireless Earbuds,4,600.94,129,Electronics,East
2024-02-16,Laptop Pro,4,4821.37,61,Electronics,West
2024-02-17,Laptop Pro,1,1220.87,52,Electronics,South
2024-02-17,SmartPhone X,7,5636.17,67,Electronics,Central
2024-02-17,Office Desk,5,1716.65,43,Furniture,East
2024-02-17,Office Desk,3,1002.47,40,Furniture,East
2024-02-17,Yoga Mat,2,72.16,65,Health,South
2024-02-17,Yoga Mat,4,137.31,80,Health,Central
2024-02-17,Yoga Mat,2,73.66,89,Health,West
2024-02-17,Office Desk,7,2330.5,33,Furniture,South
2024-02-17,Laptop Pro,3,3840.91,66,Electronics,West
2024-02-17,Office Desk,4,1487.9,43,Furniture,Central
2024-02-17,Running Shoes,1,129.88,104,Apparel,East
2024-02-17,Designer Jeans,7,586.74,138,Apparel,South
2024-02-17,SmartPhone X,6,4611.08,76,Electronics,Central
2024-02-17,SmartPhone X,4,3512.47,82,Electronics,West
2024-02-17,Running Shoes,6,777.24,84,Apparel,East
2024-02-17,Coffee Table,4,717.33,39,Furniture,North
2024-02-17,Coffee Table,5,975.03,33,Furniture,South
2024-02-18,Ergonomic Chair,1,237.62,54,Furniture,Central
2024-02-18,SmartPhone X,2,1554.97,78,Electronics,East
2024-02-18,Ergonomic Chair,4,1056.34,32,Furniture,Central
2024-02-18,Winter Jacket,12,1961.5,70,Apparel,East
2024-02-18,Winter Jacket,12,1907.42,63,Apparel,East
2024-02-18,Ergonomic Chair,3,788.87,45,Furniture,East
2024-02-18,Multivitamins,0,0.0,261,Health,North
2024-02-18,Running Shoes,5,628.09,82,Apparel,South
2024-02-18,Yoga Mat,1,33.94,91,Health,East
2024-02-18,Coffee Table,2,326.43,20,Furniture,Central
2024-02-18,Yoga Mat,0,0.0,80,Health,North
2024-02-19,Multivitamins,3,74.12,256,Health,West
2024-02-19,Multivitamins,6,137.26,251,Health,Central
2024-02-19,Designer Jeans,7,589.51,125,Apparel,North
2024-02-19,Coffee Table,1,162.15,43,Furniture,South
2024-02-19,Protein Powder,3,109.86,189,Health,East
2024-02-19,Ergonomic Chair,6,1429.2,40,Furniture,East
2024-02-19,SmartPhone X,4,2953.17,66,Electronics,Central
2024-02-19,Protein Powder,4,156.84,176,Health,Central
2024-02-19,Running Shoes,4,475.38,85,Apparel,West
2024-02-19,Office Desk,1,369.71,39,Furniture,West
2024-02-19,Winter Jacket,9,1540.64,76,Apparel,West
2024-02-19,Office Desk,4,1353.36,25,Furniture,North
2024-02-19,Yoga Mat,2,67.83,65,Health,South
2024-02-19,Office Desk,0,0.0,45,Furniture,South
2024-02-19,Designer Jeans,4,348.38,134,Apparel,North
2024-02-19,Multivitamins,5,129.6,239,Health,East
2024-02-19,Office Desk,0,0.0,25,Furniture,West
2024-02-19,Designer Jeans,1,98.06,138,Apparel,East
2024-02-19,Multivitamins,3,69.0,243,Health,West
2024-02-19,Laptop Pro,7,8005.88,44,Electronics,North
2024-02-19,Coffee Table,5,913.48,30,Furniture,South
2024-02-19,Yoga Mat,4,142.18,81,Health,West
2024-02-20,Running Shoes,3,343.6,100,Apparel,East
2024-02-20,Coffee Table,6,979.91,29,Furniture,East
2024-02-20,Multivitamins,3,79.04,245,Health,North
2024-02-20,Coffee Table,4,698.27,30,Furniture,East
2024-02-20,Protein Powder,6,253.61,202,Health,North
2024-02-20,SmartPhone X,3,2600.97,78,Electronics,West
2024-02-20,Winter Jacket,21,3498.69,53,Apparel,South
2024-02-20,Multivitamins,5,118.09,261,Health,East
2024-02-20,Ergonomic Chair,3,750.2,55,Furniture,Central
2024-02-20,Winter Jacket,6,903.99,64,Apparel,South
2024-02-20,Designer Jeans,6,588.4,134,Apparel,West
2024-02-20,Winter Jacket,15,2314.29,62,Apparel,West
2024-02-20,Wireless Earbuds,1,152.85,121,Electronics,Central
2024-02-20,Wireless Earbuds,6,909.32,135,Electronics,North
2024-02-20,Designer Jeans,2,184.81,133,Apparel,North
2024-02-20,Laptop Pro,1,1081.78,62,Electronics,North
2024-02-20,Designer Jeans,4,353.4,137,Apparel,Central
2024-02-20,Multivitamins,6,160.36,258,Health,West
2024-02-20,Wireless Earbuds,3,431.69,123,Electronics,East
2024-02-20,Multivitamins,1,25.59,256,Health,East
2024-02-21,Wireless Earbuds,2,286.06,126,Electronics,East
2024-02-21,Winter Jacket,3,452.91,50,Apparel,Central
2024-02-21,Running Shoes,0,0.0,94,Apparel,West
2024-02-21,Multivitamins,3,75.13,248,Health,Central
2024-02-21,Designer Jeans,0,0.0,114,Apparel,Central
2024-02-21,Wireless Earbuds,2,309.03,134,Electronics,East
2024-02-21,Coffee Table,2,369.0,23,Furniture,Central
2024-02-21,SmartPhone X,4,2974.16,90,Electronics,West
2024-02-21,SmartPhone X,4,3127.08,78,Electronics,South
2024-02-21,Coffee Table,4,723.4,15,Furniture,West
2024-02-21,Coffee Table,1,174.94,34,Furniture,Central
2024-02-21,Ergonomic Chair,4,1095.93,39,Furniture,North
2024-02-21,Ergonomic Chair,4,907.86,57,Furniture,East
2024-02-21,Wireless Earbuds,4,556.28,111,Electronics,East
2024-02-21,Laptop Pro,4,4431.23,65,Electronics,South
2024-02-21,Yoga Mat,6,191.19,64,Health,West
2024-02-21,Office Desk,0,0.0,22,Furniture,North
2024-02-21,Protein Powder,5,188.02,181,Health,East
2024-02-21,SmartPhone X,6,5131.43,64,Electronics,East
2024-02-21,Wireless Earbuds,3,426.01,138,Electronics,Central
2024-02-21,Coffee Table,4,781.51,35,Furniture,South
2024-02-21,Designer Jeans,1,82.23,139,Apparel,South
2024-02-21,Protein Powder,7,305.81,200,Health,West
2024-02-21,Protein Powder,0,0.0,183,Health,Central
2024-02-21,Winter Jacket,9,1420.69,61,Apparel,West
2024-02-21,Office Desk,0,0.0,38,Furniture,East
2024-02-21,Protein Powder,0,0.0,187,Health,Central
2024-02-22,Wireless Earbuds,1,154.5,123,Electronics,North
2024-02-22,Winter Jacket,12,1825.76,79,Apparel,North
2024-02-22,Coffee Table,4,723.07,26,Furniture,South
2024-02-22,Wireless Earbuds,7,1010.64,138,Electronics,West
2024-02-22,Multivitamins,7,191.63,251,Health,West
2024-02-22,Laptop Pro,7,8846.19,52,Electronics,North
2024-02-22,Running Shoes,6,779.42,88,Apparel,West
2024-02-22,Yoga Mat,3,104.92,91,Health,North
2024-02-22,Coffee Table,4,699.1,17,Furniture,East
2024-02-22,Ergonomic Chair,1,230.31,42,Furniture,South
2024-02-22,Winter Jacket,0,0.0,73,Apparel,Central
2024-02-22,Winter Jacket,3,499.92,54,Apparel,North
2024-02-22,Running Shoes,6,657.02,102,Apparel,Central
2024-02-22,Yoga Mat,0,0.0,85,Health,South
2024-02-22,Winter Jacket,6,864.67,64,Apparel,East
2024-02-22,Coffee Table,6,1119.71,14,Furniture,East
2024-02-23,Ergonomic Chair,5,1136.22,33,Furniture,West
2024-02-23,Ergonomic Chair,1,245.47,38,Furniture,Central
2024-02-23,Running Shoes,3,353.08,100,Apparel,North
2024-02-23,SmartPhone X,7,5153.58,70,Electronics,South
2024-02-23,Protein Powder,5,185.59,197,Health,North
2024-02-23,Designer Jeans,3,274.97,129,Apparel,East
2024-02-23,Office Desk,2,756.77,48,Furniture,Central
2024-02-23,SmartPhone X,7,5699.18,81,Electronics,South
2024-02-23,Office Desk,3,1094.54,20,Furniture,North
2024-02-23,Running Shoes,2,244.62,103,Apparel,West
2024-02-23,Designer Jeans,7,665.65,132,Apparel,Central
2024-02-23,Ergonomic Chair,4,999.49,51,Furniture,North
2024-02-23,SmartPhone X,6,5111.14,90,Electronics,Central
2024-02-23,Yoga Mat,2,67.71,76,Health,Central
2024-02-23,Wireless Earbuds,4,594.26,134,Electronics,South
2024-02-23,Ergonomic Chair,7,1706.06,32,Furniture,North
2024-02-23,Multivitamins,4,104.84,239,Health,South
2024-02-23,Designer Jeans,1,94.88,128,Apparel,South
2024-02-23,Wireless Earbuds,7,962.99,139,Electronics,South
2024-02-23,Multivitamins,5,122.61,237,Health,South
2024-02-23,Winter Jacket,12,1817.46,63,Apparel,South
2024-02-23,Multivitamins,6,139.85,253,Health,Central
2024-02-23,Laptop Pro,7,8692.99,52,Electronics,East
2024-02-23,Winter Jacket,6,893.24,70,Apparel,East
2024-02-24,Office Desk,4,1492.31,33,Furniture,South
2024-02-24,Winter Jacket,12,1867.85,67,Apparel,South
2024-02-24,Coffee Table,4,778.34,15,Furniture,North
2024-02-24,Wireless Earbuds,0,0.0,119,Electronics,East
2024-02-24,Protein Powder,3,131.48,201,Health,West
2024-02-24,Designer Jeans,5,478.62,138,Apparel,West
2024-02-24,Ergonomic Chair,7,1646.8,57,Furniture,Central
2024-02-24,Designer Jeans,0,0.0,133,Apparel,West
2024-02-24,Laptop Pro,2,2615.59,46,Electronics,Central
2024-02-24,Yoga Mat,4,145.17,72,Health,South
2024-02-24,Running Shoes,7,856.89,107,Apparel,North
2024-02-24,Winter Jacket,21,3201.53,58,Apparel,West
2024-02-25,Protein Powder,3,110.24,197,Health,Central
2024-02-25,Wireless Earbuds,4,554.29,120,Electronics,Central
2024-02-25,Wireless Earbuds,2,320.27,139,Electronics,North
2024-02-25,Yoga Mat,5,167.95,83,Health,Central
2024-02-25,Protein Powder,2,80.35,186,Health,Central
2024-02-25,Running Shoes,7,790.99,88,Apparel,West
2024-02-25,Yoga Mat,2,74.36,75,Health,East
2024-02-25,Yoga Mat,1,33.24,80,Health,Central
2024-02-25,Yoga Mat,5,183.2,89,Health,South
2024-02-25,Coffee Table,4,692.64,16,Furniture,North
2024-02-25,Laptop Pro,4,5134.73,60,Electronics,West
2024-02-25,Wireless Earbuds,7,1041.6,131,Electronics,East
2024-02-25,Laptop Pro,3,3293.23,53,Electronics,South
2024-02-25,Laptop Pro,0,0.0,48,Electronics,South
2024-02-25,Laptop Pro,5,6115.45,38,Electronics,Central
2024-02-25,Designer Jeans,0,0.0,120,Apparel,North
2024-02-25,Winter Jacket,12,1743.23,74,Apparel,North
2024-02-25,Protein Powder,6,235.24,174,Health,South
2024-02-25,Laptop Pro,4,4822.12,58,Electronics,West
2024-02-26,Winter Jacket,12,2046.8,53,Apparel,East
2024-02-26,SmartPhone X,3,2319.49,89,Electronics,South
2024-02-26,Designer Jeans,3,288.64,114,Apparel,Central
2024-02-26,SmartPhone X,7,5101.13,74,Electronics,South
2024-02-26,SmartPhone X,4,3468.7,86,Electronics,North
2024-02-26,Designer Jeans,2,167.58,117,Apparel,South
2024-02-26,Wireless Earbuds,0,0.0,115,Electronics,Central
2024-02-26,Ergonomic Chair,6,1530.1,45,Furniture,East
2024-02-26,Running Shoes,5,593.82,82,Apparel,West
2024-02-26,Multivitamins,4,108.01,261,Health,North
2024-02-26,Yoga Mat,4,141.17,87,Health,West
2024-02-26,Wireless Earbuds,6,943.88,117,Electronics,North
2024-02-26,Office Desk,2,686.69,42,Furniture,Central
2024-02-26,Multivitamins,3,74.51,261,Health,South
2024-02-26,Office Desk,3,1006.32,29,Furniture,North
2024-02-26,Designer Jeans,5,405.42,132,Apparel,Central
2024-02-26,Laptop Pro,4,5042.11,39,Electronics,West
2024-02-26,Designer Jeans,5,490.6,120,Apparel,West
2024-02-27,Wireless Earbuds,3,489.36,131,Electronics,East
2024-02-27,Running Shoes,3,376.27,85,Apparel,East
2024-02-27,Running Shoes,7,843.79,86,Apparel,North
2024-02-27,Coffee Table,1,169.67,43,Furniture,South
2024-02-27,SmartPhone X,4,3263.28,85,Electronics,North
2024-02-27,Winter Jacket,18,3143.13,58,Apparel,Central
2024-02-27,Winter Jacket,12,2105.32,63,Apparel,South
2024-02-27,Yoga Mat,5,171.62,78,Health,Central
2024-02-27,Ergonomic Chair,0,0.0,40,Furniture,West
2024-02-27,Running Shoes,0,0.0,87,Apparel,North
2024-02-27,SmartPhone X,1,745.94,83,Electronics,Central
2024-02-27,SmartPhone X,0,0.0,65,Electronics,West
2024-02-27,Laptop Pro,7,8055.36,61,Electronics,East
2024-02-27,SmartPhone X,3,2374.66,76,Electronics,South
2024-02-27,Running Shoes,2,221.79,84,Apparel,West
2024-02-27,Ergonomic Chair,6,1597.75,42,Furniture,North
2024-02-27,Designer Jeans,2,167.22,125,Apparel,West
2024-02-27,Laptop Pro,3,3948.46,58,Electronics,South
2024-02-27,Multivitamins,6,150.83,258,Health,East
2024-02-27,Yoga Mat,5,161.77,89,Health,Central
2024-02-27,Office Desk,7,2350.73,29,Furniture,Central
2024-02-27,Yoga Mat,5,163.42,75,Health,West
2024-02-27,Yoga Mat,4,145.29,90,Health,South
2024-02-27,Office Desk,7,2451.01,31,Furniture,South
2024-02-27,Yoga Mat,2,66.06,83,Health,West
2024-02-27,SmartPhone X,4,3049.29,66,Electronics,North
2024-02-28,Multivitamins,7,184.88,248,Health,South
2024-02-28,Designer Jeans,2,175.24,133,Apparel,West
2024-02-28,Office Desk,4,1407.06,35,Furniture,South
2024-02-28,Designer Jeans,4,324.23,127,Apparel,East
2024-02-28,Laptop Pro,4,4836.75,50,Electronics,East
2024-02-28,Coffee Table,0,0.0,30,Furniture,North
2024-02-28,SmartPhone X,1,796.46,67,Electronics,West
2024-02-28,Laptop Pro,4,4516.82,51,Electronics,East
2024-02-28,Yoga Mat,3,100.61,63,Health,East
2024-02-28,Laptop Pro,4,5035.98,57,Electronics,Central
2024-02-28,Laptop Pro,6,7153.68,53,Electronics,East
2024-02-28,SmartPhone X,3,2575.4,88,Electronics,West
2024-02-28,Designer Jeans,3,292.59,125,Apparel,West
2024-02-28,Running Shoes,4,459.56,103,Apparel,South
2024-02-28,Ergonomic Chair,2,461.67,41,Furniture,East
2024-02-28,Ergonomic Chair,2,510.85,50,Furniture,East
2024-02-28,Coffee Table,4,695.44,30,Furniture,West
2024-02-28,Designer Jeans,4,347.4,111,Apparel,West
2024-02-28,SmartPhone X,7,5771.57,73,Electronics,South
2024-02-28,Laptop Pro,4,4604.92,43,Electronics,East
2024-02-28,Designer Jeans,1,98.18,113,Apparel,North
2024-02-28,Office Desk,7,2313.1,35,Furniture,South
2024-02-28,Protein Powder,0,0.0,189,Health,North
2024-02-29,Yoga Mat,3,95.36,74,Health,East
2024-02-29,SmartPhone X,1,866.99,81,Electronics,Central
2024-02-29,Running Shoes,6,782.16,87,Apparel,South
2024-02-29,Office Desk,0,0.0,31,Furniture,East
2024-02-29,Coffee Table,1,189.38,25,Furniture,South
2024-02-29,Winter Jacket,9,1482.04,51,Apparel,West
2024-02-29,Running Shoes,3,330.45,94,Apparel,South
2024-02-29,Wireless Earbuds,0,0.0,118,Electronics,Central
2024-02-29,Wireless Earbuds,0,0.0,137,Electronics,East
2024-02-29,Designer Jeans,1,82.25,130,Apparel,Central
2024-02-29,Laptop Pro,6,6499.6,64,Electronics,East
2024-02-29,Multivitamins,4,108.65,234,Health,North
2024-02-29,Yoga Mat,2,76.16,77,Health,East
2024-02-29,Protein Powder,7,264.84,183,Health,South
2024-02-29,Office Desk,4,1503.96,20,Furniture,North
2024-03-01,Protein Powder,5,181.61,190,Health,Central
2024-03-01,Yoga Mat,3,98.62,80,Health,Central
2024-03-01,Wireless Earbuds,4,639.93,139,Electronics,Central
2024-03-01,Yoga Mat,3,95.03,62,Health,West
2024-03-01,Multivitamins,4,106.38,258,Health,West
2024-03-01,Multivitamins,5,116.19,254,Health,South
2024-03-01,Protein Powder,5,214.42,195,Health,North
2024-03-01,Wireless Earbuds,7,1074.81,133,Electronics,East
2024-03-01,Laptop Pro,5,6199.01,64,Electronics,East
2024-03-01,Protein Powder,2,87.88,192,Health,East
2024-03-01,Multivitamins,5,131.25,237,Health,South
2024-03-01,Ergonomic Chair,0,0.0,42,Furniture,Central
2024-03-01,SmartPhone X,3,2267.21,67,Electronics,North
2024-03-01,Designer Jeans,3,280.62,121,Apparel,Central
2024-03-01,Ergonomic Chair,3,676.82,51,Furniture,South
2024-03-01,Designer Jeans,1,88.08,110,Apparel,South
2024-03-01,Coffee Table,3,491.24,37,Furniture,East
2024-03-01,Office Desk,6,2154.23,24,Furniture,North
2024-03-02,Ergonomic Chair,2,521.73,53,Furniture,Central
2024-03-02,Office Desk,0,0.0,42,Furniture,North
2024-03-02,Wireless Earbuds,4,655.16,138,Electronics,East
2024-03-02,Running Shoes,10,1276.09,82,Apparel,South
2024-03-02,Ergonomic Chair,4,1047.07,55,Furniture,West
2024-03-02,Multivitamins,1,27.47,235,Health,Central
2024-03-02,Protein Powder,6,226.3,186,Health,South
2024-03-02,Office Desk,0,0.0,39,Furniture,West
2024-03-02,Ergonomic Chair,0,0.0,49,Furniture,East
2024-03-02,SmartPhone X,1,831.3,86,Electronics,East
2024-03-02,Multivitamins,0,0.0,236,Health,East
2024-03-03,Winter Jacket,4,595.18,74,Apparel,West
2024-03-03,Multivitamins,0,0.0,254,Health,East
2024-03-03,Designer Jeans,5,448.46,131,Apparel,Central
2024-03-03,Coffee Table,4,720.63,36,Furniture,North
2024-03-03,Laptop Pro,2,2492.21,40,Electronics,Central
2024-03-03,Ergonomic Chair,4,974.32,58,Furniture,Central
2024-03-03,Coffee Table,6,1166.39,22,Furniture,Central
2024-03-03,Wireless Earbuds,4,571.07,113,Electronics,East
2024-03-03,Multivitamins,7,185.69,256,Health,South
2024-03-03,Office Desk,7,2581.97,47,Furniture,South
2024-03-03,Coffee Table,4,695.63,32,Furniture,Central
2024-03-03,Protein Powder,6,245.95,173,Health,North
2024-03-03,Multivitamins,0,0.0,246,Health,South
2024-03-04,Multivitamins,4,105.25,232,Health,East
2024-03-04,Yoga Mat,4,130.23,77,Health,Central
2024-03-04,Multivitamins,4,107.13,235,Health,West
2024-03-04,Protein Powder,5,212.47,188,Health,West
2024-03-04,Ergonomic Chair,4,938.32,49,Furniture,North
2024-03-04,SmartPhone X,4,2984.73,67,Electronics,Central
2024-03-04,SmartPhone X,6,4901.03,88,Electronics,East
2024-03-04,Office Desk,1,342.93,20,Furniture,West
2024-03-04,Winter Jacket,0,0.0,51,Apparel,West
2024-03-04,Wireless Earbuds,0,0.0,136,Electronics,West
2024-03-04,Wireless Earbuds,6,976.67,137,Electronics,Central
2024-03-04,Designer Jeans,4,394.05,114,Apparel,West
2024-03-04,Office Desk,0,0.0,41,Furniture,Central
2024-03-04,Laptop Pro,7,8934.64,63,Electronics,South
2024-03-04,SmartPhone X,4,3256.71,71,Electronics,South
2024-03-05,Designer Jeans,4,346.25,134,Apparel,Central
2024-03-05,Multivitamins,3,70.76,231,Health,South
2024-03-05,Coffee Table,3,515.0,40,Furniture,West
2024-03-05,Ergonomic Chair,1,250.41,35,Furniture,Central
2024-03-05,SmartPhone X,5,4210.55,68,Electronics,South
2024-03-05,Winter Jacket,7,1137.58,49,Apparel,West
2024-03-05,Protein Powder,6,233.24,174,Health,East
2024-03-05,Office Desk,6,2052.31,25,Furniture,South
2024-03-05,Wireless Earbuds,5,818.5,130,Electronics,West
2024-03-05,Designer Jeans,4,362.73,123,Apparel,South
2024-03-05,Winter Jacket,4,647.41,63,Apparel,West
2024-03-05,Multivitamins,5,126.89,256,Health,North
2024-03-05,Designer Jeans,6,589.69,114,Apparel,Central
2024-03-05,Ergonomic Chair,3,801.93,53,Furniture,East
2024-03-05,Laptop Pro,6,6602.07,65,Electronics,South
2024-03-05,Laptop Pro,3,3513.45,61,Electronics,East
2024-03-05,Protein Powder,4,164.37,197,Health,South
2024-03-05,Coffee Table,0,0.0,37,Furniture,South
2024-03-05,Multivitamins,4,92.66,244,Health,South
2024-03-05,Multivitamins,6,136.26,244,Health,Central
2024-03-05,SmartPhone X,3,2532.26,81,Electronics,North
2024-03-05,Winter Jacket,6,882.65,65,Apparel,East
2024-03-05,Wireless Earbuds,7,994.73,114,Electronics,West
2024-03-06,Office Desk,4,1522.99,42,Furniture,West
2024-03-06,Running Shoes,14,1599.04,89,Apparel,South
2024-03-06,Office Desk,2,652.85,35,Furniture,West
2024-03-06,Wireless Earbuds,5,811.22,123,Electronics,North
2024-03-06,Designer Jeans,4,329.01,126,Apparel,Central
2024-03-06,Office Desk,1,325.15,32,Furniture,East
2024-03-06,Winter Jacket,2,337.61,71,Apparel,East
2024-03-06,Laptop Pro,2,2260.48,38,Electronics,North
2024-03-06,Protein Powder,3,117.79,189,Health,South
2024-03-06,Office Desk,6,2082.3,37,Furniture,Central
2024-03-06,Yoga Mat,4,144.58,88,Health,East
2024-03-06,Designer Jeans,7,587.39,135,Apparel,North
2024-03-06,Coffee Table,4,779.43,21,Furniture,West
2024-03-06,Yoga Mat,3,94.78,75,Health,West
2024-03-06,Protein Powder,7,284.57,189,Health,North
2024-03-06,Ergonomic Chair,3,717.53,51,Furniture,North
2024-03-06,Ergonomic Chair,4,1025.13,45,Furniture,North
2024-03-06,Coffee Table,4,681.74,30,Furniture,South
2024-03-06,Ergonomic Chair,5,1139.62,58,Furniture,North
2024-03-06,Laptop Pro,1,1270.43,56,Electronics,West
2024-03-06,Coffee Table,4,786.94,15,Furniture,West
2024-03-06,Multivitamins,0,0.0,249,Health,South
2024-03-06,Laptop Pro,3,3585.81,51,Electronics,South
2024-03-06,Office Desk,1,358.07,42,Furniture,West
2024-03-06,Wireless Earbuds,4,647.39,134,Electronics,South
2024-03-07,SmartPhone X,1,742.57,77,Electronics,South
2024-03-07,Protein Powder,0,0.0,186,Health,Central
2024-03-07,Running Shoes,14,1752.53,105,Apparel,Central
2024-03-07,SmartPhone X,7,5827.39,81,Electronics,Central
2024-03-07,Coffee Table,5,816.29,24,Furniture,North
2024-03-07,Wireless Earbuds,0,0.0,127,Electronics,Central
2024-03-07,Protein Powder,1,36.13,184,Health,Central
2024-03-07,Office Desk,6,1985.23,19,Furniture,West
2024-03-07,SmartPhone X,5,3773.17,81,Electronics,West
2024-03-07,Office Desk,7,2510.0,47,Furniture,West
2024-03-07,Ergonomic Chair,1,247.87,48,Furniture,North
2024-03-07,Ergonomic Chair,7,1878.14,48,Furniture,West
2024-03-07,Protein Powder,0,0.0,169,Health,East
2024-03-07,Designer Jeans,1,83.23,120,Apparel,East
2024-03-07,SmartPhone X,3,2576.44,68,Electronics,North
2024-03-07,Office Desk,3,1009.51,27,Furniture,South
2024-03-07,Protein Powder,3,128.16,194,Health,East
2024-03-07,Laptop Pro,7,8046.92,38,Electronics,North
2024-03-07,Wireless Earbuds,6,888.97,121,Electronics,East
2024-03-07,Ergonomic Chair,1,268.1,38,Furniture,West
2024-03-07,Multivitamins,6,164.21,238,Health,South
2024-03-07,Ergonomic Chair,4,1021.04,33,Furniture,East
2024-03-07,Laptop Pro,5,5594.62,45,Electronics,Central
2024-03-07,Winter Jacket,3,486.12,60,Apparel,Central
2024-03-07,Ergonomic Chair,2,516.4,43,Furniture,West
2024-03-07,Multivitamins,0,0.0,229,Health,West
2024-03-08,Designer Jeans,2,165.26,130,Apparel,Central
2024-03-08,Multivitamins,0,0.0,254,Health,Central
2024-03-08,Yoga Mat,6,206.15,74,Health,North
2024-03-08,SmartPhone X,6,4997.76,64,Electronics,South
2024-03-08,Designer Jeans,1,87.34,134,Apparel,Central
2024-03-08,Coffee Table,7,1186.77,42,Furniture,North
2024-03-08,Protein Powder,3,128.92,181,Health,West
2024-03-08,Yoga Mat,6,199.62,84,Health,North
2024-03-08,Designer Jeans,4,342.04,124,Apparel,East
2024-03-08,Winter Jacket,7,1040.32,62,Apparel,East
2024-03-08,Coffee Table,4,742.93,38,Furniture,West
2024-03-08,SmartPhone X,2,1458.93,67,Electronics,Central
2024-03-08,SmartPhone X,1,752.36,76,Electronics,Central
2024-03-08,Coffee Table,1,172.98,19,Furniture,West
2024-03-08,Designer Jeans,1,96.03,114,Apparel,West
2024-03-08,Coffee Table,7,1136.84,19,Furniture,North
2024-03-08,Protein Powder,2,79.98,190,Health,East
2024-03-08,Yoga Mat,4,131.06,88,Health,West
2024-03-08,Running Shoes,6,761.6,100,Apparel,East
2024-03-08,Multivitamins,4,101.89,235,Health,Central
2024-03-08,Protein Powder,5,219.64,192,Health,South
2024-03-08,Office Desk,1,367.61,24,Furniture,North
2024-03-08,Wireless Earbuds,3,418.06,135,Electronics,South
2024-03-08,Coffee Table,1,184.64,15,Furniture,Central
2024-03-08,Protein Powder,4,160.16,178,Health,East
2024-03-08,Coffee Table,2,394.05,26,Furniture,South
2024-03-08,SmartPhone X,1,749.97,82,Electronics,South
2024-03-09,Wireless Earbuds,4,618.23,108,Electronics,East
2024-03-09,Multivitamins,4,108.13,252,Health,South
2024-03-09,Winter Jacket,1,144.32,74,Apparel,Central
2024-03-09,Coffee Table,4,735.96,31,Furniture,North
2024-03-09,SmartPhone X,4,3376.96,86,Electronics,Central
2024-03-09,Protein Powder,7,272.22,183,Health,East
2024-03-09,Multivitamins,2,45.13,256,Health,North
2024-03-09,Laptop Pro,2,2308.97,63,Electronics,Central
2024-03-09,Protein Powder,7,262.62,183,Health,East
2024-03-09,Protein Powder,2,76.41,189,Health,North
2024-03-09,Designer Jeans,2,176.92,110,Apparel,East
2024-03-09,Coffee Table,5,868.18,28,Furniture,West
2024-03-10,Coffee Table,0,0.0,23,Furniture,North
2024-03-10,Multivitamins,3,69.37,240,Health,East
2024-03-10,Winter Jacket,4,680.88,62,Apparel,West
2024-03-10,Protein Powder,5,219.57,168,Health,West
2024-03-10,Office Desk,2,728.9,28,Furniture,East
2024-03-10,Yoga Mat,6,221.2,78,Health,East
2024-03-10,Running Shoes,14,1679.85,107,Apparel,West
2024-03-10,Wireless Earbuds,3,435.92,121,Electronics,West
2024-03-10,Yoga Mat,4,142.33,80,Health,North
2024-03-10,Multivitamins,5,132.9,247,Health,South
2024-03-10,Office Desk,7,2552.32,47,Furniture,Central
2024-03-10,Coffee Table,5,922.5,16,Furniture,East
2024-03-10,Laptop Pro,4,4333.02,50,Electronics,South
2024-03-10,Ergonomic Chair,7,1673.97,45,Furniture,South
2024-03-10,Laptop Pro,6,7620.99,50,Electronics,South
2024-03-10,Winter Jacket,5,775.28,76,Apparel,East
2024-03-10,Ergonomic Chair,4,1080.46,60,Furniture,South
2024-03-11,Protein Powder,5,181.57,192,Health,Central
2024-03-11,Designer Jeans,5,484.84,111,Apparel,South
2024-03-11,Multivitamins,4,108.75,226,Health,North
2024-03-11,Yoga Mat,6,199.75,76,Health,East
2024-03-11,Multivitamins,4,98.13,251,Health,South
2024-03-11,Protein Powder,5,215.0,169,Health,East
2024-03-11,Office Desk,6,2029.06,20,Furniture,East
2024-03-11,Laptop Pro,3,3448.98,46,Electronics,South
2024-03-11,Office Desk,3,1015.78,24,Furniture,West
2024-03-11,Multivitamins,3,79.1,250,Health,Central
2024-03-11,Multivitamins,7,176.01,228,Health,South
2024-03-11,Protein Powder,7,267.88,185,Health,South
2024-03-11,Running Shoes,8,952.88,78,Apparel,East
2024-03-11,SmartPhone X,6,4940.41,64,Electronics,West
2024-03-11,SmartPhone X,5,3687.6,66,Electronics,East
2024-03-11,Winter Jacket,5,812.96,51,Apparel,East
2024-03-11,Office Desk,4,1460.99,48,Furniture,Central
2024-03-11,Laptop Pro,1,1083.14,45,Electronics,Central
2024-03-11,SmartPhone X,4,2935.05,65,Electronics,West
2024-03-11,Designer Jeans,4,392.79,114,Apparel,North
2024-03-11,SmartPhone X,7,6062.8,63,Electronics,South
2024-03-11,Yoga Mat,7,262.05,88,Health,East
2024-03-11,SmartPhone X,5,4024.92,68,Electronics,West
2024-03-11,Designer Jeans,0,0.0,136,Apparel,South
2024-03-11,Protein Powder,4,175.12,185,Health,North
2024-03-11,Office Desk,1,366.33,31,Furniture,West
2024-03-11,Office Desk,4,1512.25,42,Furniture,West
2024-03-11,Designer Jeans,0,0.0,113,Apparel,Central
2024-03-12,Coffee Table,3,564.49,41,Furniture,East
2024-03-12,Wireless Earbuds,7,974.32,116,Electronics,South
2024-03-12,Winter Jacket,7,1174.14,61,Apparel,East
2024-03-12,Winter Jacket,5,755.67,77,Apparel,East
2024-03-12,Ergonomic Chair,0,0.0,56,Furniture,South
2024-03-12,Yoga Mat,4,152.64,88,Health,Central
2024-03-12,Office Desk,7,2261.25,32,Furniture,Central
2024-03-12,Multivitamins,3,80.7,247,Health,East
2024-03-12,Office Desk,1,340.15,37,Furniture,North
2024-03-12,Ergonomic Chair,5,1303.14,34,Furniture,West
2024-03-12,Coffee Table,5,822.43,25,Furniture,South
2024-03-12,Office Desk,4,1405.14,23,Furniture,South
2024-03-12,Office Desk,4,1344.12,20,Furniture,South
2024-03-12,Yoga Mat,6,192.8,74,Health,Central
2024-03-12,Designer Jeans,7,616.65,109,Apparel,South
2024-03-13,Winter Jacket,6,884.0,65,Apparel,East
2024-03-13,Designer Jeans,3,244.74,134,Apparel,Central
2024-03-13,Running Shoes,4,493.02,90,Apparel,East
2024-03-13,SmartPhone X,7,5876.25,66,Electronics,East
2024-03-13,Running Shoes,10,1292.75,107,Apparel,North
2024-03-13,Coffee Table,0,0.0,22,Furniture,West
2024-03-13,Office Desk,3,981.81,39,Furniture,South
2024-03-13,Protein Powder,1,38.76,194,Health,North
2024-03-13,SmartPhone X,7,6056.56,83,Electronics,East
2024-03-13,Running Shoes,2,233.64,82,Apparel,North
2024-03-13,Wireless Earbuds,6,859.13,123,Electronics,North
2024-03-13,Ergonomic Chair,0,0.0,51,Furniture,Central
2024-03-13,Coffee Table,4,751.35,23,Furniture,West
2024-03-13,Wireless Earbuds,4,652.41,111,Electronics,North
2024-03-13,Protein Powder,4,162.32,193,Health,South
2024-03-13,Yoga Mat,1,36.96,74,Health,South
2024-03-13,Designer Jeans,1,98.13,120,Apparel,Central
2024-03-14,Laptop Pro,3,3548.23,57,Electronics,West
2024-03-14,Office Desk,4,1376.01,43,Furniture,West
2024-03-14,Yoga Mat,6,194.47,88,Health,West
2024-03-14,Yoga Mat,0,0.0,89,Health,East
2024-03-14,Winter Jacket,6,914.36,51,Apparel,Central
2024-03-14,Wireless Earbuds,7,1112.95,133,Electronics,East
2024-03-14,Designer Jeans,4,378.86,117,Apparel,South
2024-03-14,Running Shoes,4,448.41,97,Apparel,South
2024-03-14,Ergonomic Chair,7,1785.12,51,Furniture,Central
2024-03-14,Multivitamins,5,117.47,251,Health,South
2024-03-14,Designer Jeans,5,416.09,127,Apparel,Central
2024-03-14,Ergonomic Chair,4,906.31,47,Furniture,South
2024-03-14,Protein Powder,4,150.35,173,Health,East
2024-03-14,SmartPhone X,1,812.32,87,Electronics,West
2024-03-14,Winter Jacket,4,582.13,70,Apparel,Central
2024-03-15,Wireless Earbuds,4,645.1,118,Electronics,East
2024-03-15,Ergonomic Chair,4,1083.75,58,Furniture,East
2024-03-15,Yoga Mat,4,150.27,61,Health,East
2024-03-15,Designer Jeans,4,326.81,134,Apparel,Central
2024-03-15,Multivitamins,0,0.0,242,Health,West
2024-03-15,Laptop Pro,2,2442.24,45,Electronics,Central
2024-03-15,Laptop Pro,6,7714.66,60,Electronics,South
2024-03-15,Multivitamins,7,182.29,246,Health,South
2024-03-15,Running Shoes,12,1452.62,102,Apparel,Central
2024-03-15,SmartPhone X,5,4048.48,87,Electronics,North
2024-03-15,Winter Jacket,4,674.57,63,Apparel,North
2024-03-15,Multivitamins,1,23.9,228,Health,Central
2024-03-15,Protein Powder,4,154.3,192,Health,West
2024-03-15,Designer Jeans,0,0.0,126,Apparel,North
2024-03-15,Winter Jacket,7,1066.95,71,Apparel,Central
2024-03-15,Ergonomic Chair,2,467.81,39,Furniture,West
2024-03-15,Office Desk,6,2032.51,35,Furniture,South
2024-03-15,Designer Jeans,4,386.16,119,Apparel,East
2024-03-15,Laptop Pro,1,1084.61,50,Electronics,South
2024-03-15,Designer Jeans,1,81.96,125,Apparel,South
2024-03-15,Wireless Earbuds,5,740.13,121,Electronics,North
2024-03-15,Ergonomic Chair,6,1377.19,31,Furniture,West
2024-03-15,Laptop Pro,7,8611.08,61,Electronics,West
2024-03-15,Winter Jacket,1,162.0,59,Apparel,Central
2024-03-16,Protein Powder,2,82.09,170,Health,North
2024-03-16,Yoga Mat,6,196.78,78,Health,North
2024-03-16,Laptop Pro,7,7724.69,57,Electronics,North
2024-03-16,Ergonomic Chair,0,0.0,34,Furniture,East
2024-03-16,Ergonomic Chair,1,239.18,44,Furniture,West
2024-03-16,SmartPhone X,6,5257.19,63,Electronics,North
2024-03-16,Office Desk,1,364.23,29,Furniture,Central
2024-03-16,Wireless Earbuds,5,728.64,111,Electronics,North
2024-03-16,Yoga Mat,3,112.09,87,Health,Central
2024-03-16,Ergonomic Chair,1,265.73,58,Furniture,West
2024-03-16,Winter Jacket,7,1097.07,60,Apparel,Central
2024-03-16,Winter Jacket,4,693.16,73,Apparel,Central
2024-03-16,SmartPhone X,4,3431.35,72,Electronics,West
2024-03-16,Ergonomic Chair,2,485.52,45,Furniture,North
2024-03-16,Protein Powder,1,36.13,168,Health,West
2024-03-17,Office Desk,6,1954.08,40,Furniture,West
2024-03-17,Coffee Table,7,1277.9,17,Furniture,East
2024-03-17,Office Desk,0,0.0,43,Furniture,West
2024-03-17,Multivitamins,7,187.88,238,Health,North
2024-03-17,SmartPhone X,6,5022.07,65,Electronics,North
2024-03-17,Winter Jacket,4,589.49,61,Apparel,South
2024-03-17,Coffee Table,0,0.0,38,Furniture,Central
2024-03-17,Ergonomic Chair,7,1630.41,34,Furniture,West
2024-03-17,Coffee Table,6,1181.55,38,Furniture,South
2024-03-17,Ergonomic Chair,0,0.0,35,Furniture,Central
2024-03-17,Protein Powder,4,156.52,169,Health,Central
2024-03-17,SmartPhone X,2,1637.07,64,Electronics,Central
2024-03-17,Multivitamins,1,24.88,243,Health,North
2024-03-17,Wireless Earbuds,0,0.0,113,Electronics,North
2024-03-17,Designer Jeans,6,487.07,107,Apparel,North
2024-03-17,Wireless Earbuds,5,698.83,132,Electronics,West
2024-03-18,Wireless Earbuds,4,606.2,117,Electronics,West
2024-03-18,Coffee Table,1,192.25,28,Furniture,West
2024-03-18,Yoga Mat,7,246.73,87,Health,Central
2024-03-18,SmartPhone X,1,754.8,75,Electronics,West
2024-03-18,Designer Jeans,3,257.44,107,Apparel,South
2024-03-18,Protein Powder,3,110.51,194,Health,East
2024-03-18,SmartPhone X,3,2417.18,72,Electronics,Central
2024-03-18,Coffee Table,6,1032.22,42,Furniture,North
2024-03-18,Coffee Table,7,1206.72,38,Furniture,Central
2024-03-18,Protein Powder,6,224.06,189,Health,West
2024-03-18,Winter Jacket,3,443.1,76,Apparel,East
2024-03-18,Winter Jacket,7,1047.81,56,Apparel,West
2024-03-18,Multivitamins,4,106.47,239,Health,South
2024-03-18,Laptop Pro,4,4511.45,45,Electronics,East
2024-03-18,Laptop Pro,3,3514.12,53,Electronics,West
2024-03-18,Laptop Pro,0,0.0,57,Electronics,West
2024-03-18,Laptop Pro,1,1167.59,46,Electronics,East
2024-03-18,Office Desk,3,1107.69,22,Furniture,East
2024-03-18,Multivitamins,6,149.51,231,Health,East
2024-03-18,Coffee Table,4,752.38,30,Furniture,West
2024-03-18,Running Shoes,14,1796.16,81,Apparel,South
2024-03-18,Running Shoes,12,1378.4,88,Apparel,North
2024-03-19,SmartPhone X,7,5049.85,82,Electronics,South
2024-03-19,SmartPhone X,6,4760.96,67,Electronics,East
2024-03-19,Winter Jacket,4,653.52,52,Apparel,East
2024-03-19,Laptop Pro,7,8643.09,47,Electronics,East
2024-03-19,Multivitamins,3,78.11,244,Health,South
2024-03-19,SmartPhone X,4,3416.68,72,Electronics,Central
2024-03-19,Protein Powder,2,79.56,186,Health,West
2024-03-19,Coffee Table,0,0.0,16,Furniture,North
2024-03-19,Yoga Mat,5,180.51,83,Health,South
2024-03-19,Ergonomic Chair,3,690.74,37,Furniture,North
2024-03-19,Yoga Mat,4,137.08,64,Health,West
2024-03-19,Office Desk,4,1374.52,27,Furniture,South
2024-03-19,Office Desk,3,1078.62,20,Furniture,Central
2024-03-19,Coffee Table,2,345.19,29,Furniture,North
2024-03-19,Office Desk,7,2479.16,37,Furniture,East
2024-03-19,Multivitamins,4,93.91,240,Health,East
2024-03-19,Coffee Table,0,0.0,26,Furniture,North
2024-03-19,Designer Jeans,4,328.55,126,Apparel,North
2024-03-19,Winter Jacket,5,872.85,57,Apparel,South
2024-03-20,Coffee Table,7,1145.03,28,Furniture,Central
2024-03-20,Coffee Table,5,900.73,30,Furniture,Central
2024-03-20,Ergonomic Chair,0,0.0,33,Furniture,Central
2024-03-20,Winter Jacket,4,622.8,48,Apparel,Central
2024-03-20,Laptop Pro,2,2263.91,57,Electronics,North
2024-03-20,Protein Powder,4,144.9,177,Health,West
2024-03-20,Office Desk,4,1469.3,46,Furniture,East
2024-03-20,Running Shoes,0,0.0,99,Apparel,Central
2024-03-20,Office Desk,6,2275.66,22,Furniture,South
2024-03-20,Running Shoes,8,1045.51,87,Apparel,West
2024-03-20,Ergonomic Chair,3,758.72,30,Furniture,North
2024-03-20,Coffee Table,3,580.01,22,Furniture,West
2024-03-20,Running Shoes,8,1018.96,77,Apparel,East
2024-03-20,Wireless Earbuds,3,428.91,106,Electronics,East
2024-03-20,Protein Powder,2,74.67,185,Health,East
2024-03-21,Ergonomic Chair,1,271.35,50,Furniture,West
2024-03-21,Ergonomic Chair,0,0.0,34,Furniture,North
2024-03-21,Wireless Earbuds,1,145.1,130,Electronics,North
2024-03-21,Laptop Pro,4,4322.62,39,Electronics,Central
2024-03-21,Protein Powder,2,74.36,178,Health,East
2024-03-21,Ergonomic Chair,3,730.71,39,Furniture,North
2024-03-21,Protein Powder,4,163.45,174,Health,North
2024-03-21,Running Shoes,2,244.56,88,Apparel,Central
2024-03-21,Designer Jeans,3,243.7,135,Apparel,North
2024-03-21,Wireless Earbuds,5,745.67,124,Electronics,West
2024-03-21,Protein Powder,5,206.44,180,Health,South
2024-03-21,Yoga Mat,3,99.66,67,Health,South
2024-03-21,Designer Jeans,4,346.2,107,Apparel,South
2024-03-21,Ergonomic Chair,1,274.98,48,Furniture,West
2024-03-21,Coffee Table,5,985.5,40,Furniture,Central
2024-03-21,Running Shoes,2,235.5,96,Apparel,East
2024-03-21,Designer Jeans,2,179.59,111,Apparel,West
2024-03-21,SmartPhone X,4,3410.13,86,Electronics,East
2024-03-21,Winter Jacket,4,613.84,71,Apparel,South
2024-03-21,Laptop Pro,4,5140.24,48,Electronics,South
2024-03-22,Winter Jacket,5,761.61,68,Apparel,Central
2024-03-22,Coffee Table,3,490.86,28,Furniture,West
2024-03-22,Yoga Mat,3,112.81,66,Health,West
2024-03-22,Yoga Mat,0,0.0,70,Health,South
2024-03-22,Running Shoes,4,493.57,78,Apparel,West
2024-03-22,SmartPhone X,4,3297.02,70,Electronics,North
2024-03-22,Laptop Pro,1,1203.75,64,Electronics,South
2024-03-22,SmartPhone X,5,4016.86,72,Electronics,Central
2024-03-22,Yoga Mat,1,35.06,78,Health,North
2024-03-22,Running Shoes,12,1431.5,88,Apparel,North
2024-03-22,Coffee Table,2,366.99,17,Furniture,North
2024-03-22,Wireless Earbuds,3,447.16,126,Electronics,South
2024-03-22,Coffee Table,2,357.74,26,Furniture,South
2024-03-22,Laptop Pro,4,4974.84,52,Electronics,North
2024-03-22,Wireless Earbuds,5,697.32,111,Electronics,West
2024-03-22,Protein Powder,0,0.0,192,Health,West
2024-03-22,Office Desk,7,2548.14,25,Furniture,East
2024-03-22,Ergonomic Chair,4,1090.31,45,Furniture,East
2024-03-23,Designer Jeans,5,458.48,129,Apparel,South
2024-03-23,Office Desk,3,1105.14,39,Furniture,Central
2024-03-23,Coffee Table,1,196.4,35,Furniture,North
2024-03-23,Yoga Mat,7,261.79,62,Health,South
2024-03-23,Coffee Table,4,714.44,19,Furniture,West
2024-03-23,Protein Powder,6,226.12,175,Health,South
2024-03-23,Winter Jacket,7,1062.18,51,Apparel,East
2024-03-23,Coffee Table,0,0.0,35,Furniture,West
2024-03-23,Ergonomic Chair,4,948.7,32,Furniture,North
2024-03-23,Laptop Pro,5,6239.02,46,Electronics,East
2024-03-23,Coffee Table,0,0.0,29,Furniture,West
2024-03-23,Office Desk,7,2572.52,23,Furniture,Central
2024-03-23,Yoga Mat,5,185.72,73,Health,East
2024-03-23,Coffee Table,5,980.07,29,Furniture,North
2024-03-23,Designer Jeans,2,163.76,119,Apparel,North
2024-03-23,Ergonomic Chair,5,1245.78,54,Furniture,West
2024-03-23,Laptop Pro,0,0.0,54,Electronics,North
2024-03-23,Laptop Pro,4,4521.53,44,Electronics,South
2024-03-23,Designer Jeans,4,330.43,134,Apparel,South
2024-03-24,Laptop Pro,4,5103.8,55,Electronics,Central
2024-03-24,Coffee Table,0,0.0,41,Furniture,East
2024-03-24,Protein Powder,3,109.91,176,Health,East
2024-03-24,Winter Jacket,1,155.92,54,Apparel,East
2024-03-24,Running Shoes,14,1639.35,76,Apparel,North
2024-03-24,Wireless Earbuds,2,306.58,112,Electronics,West
2024-03-24,Laptop Pro,4,4587.65,45,Electronics,North
2024-03-24,Coffee Table,1,184.7,26,Furniture,Central
2024-03-24,Protein Powder,6,223.78,176,Health,South
2024-03-24,Multivitamins,1,24.64,243,Health,Central
2024-03-24,Yoga Mat,1,35.91,65,Health,North
2024-03-24,Winter Jacket,2,344.93,52,Apparel,Central
2024-03-24,Wireless Earbuds,3,461.61,122,Electronics,West
2024-03-24,Wireless Earbuds,7,953.31,131,Electronics,South
2024-03-25,Running Shoes,4,526.81,88,Apparel,North
2024-03-25,Multivitamins,7,166.11,223,Health,Central
2024-03-25,SmartPhone X,6,4449.83,65,Electronics,North
2024-03-25,Wireless Earbuds,5,748.12,118,Electronics,East
2024-03-25,Designer Jeans,0,0.0,132,Apparel,Central
2024-03-25,Yoga Mat,0,0.0,87,Health,East
2024-03-25,Protein Powder,6,243.94,165,Health,East
2024-03-25,Running Shoes,4,471.77,95,Apparel,South
2024-03-25,Ergonomic Chair,2,533.85,41,Furniture,Central
2024-03-25,Wireless Earbuds,4,629.04,116,Electronics,East
2024-03-25,Laptop Pro,4,4756.36,64,Electronics,South
2024-03-25,Running Shoes,8,1014.32,102,Apparel,South
2024-03-25,Protein Powder,1,43.54,190,Health,Central
2024-03-25,Running Shoes,4,519.07,95,Apparel,West
2024-03-25,Office Desk,4,1483.94,28,Furniture,East
2024-03-25,Ergonomic Chair,5,1301.39,34,Furniture,Central
2024-03-25,Office Desk,3,952.87,42,Furniture,Central
2024-03-25,Wireless Earbuds,4,607.85,120,Electronics,Central
2024-03-25,Winter Jacket,0,0.0,63,Apparel,North
2024-03-25,Office Desk,6,2202.72,24,Furniture,East
2024-03-25,SmartPhone X,7,5584.31,73,Electronics,West
2024-03-26,Multivitamins,5,122.95,250,Health,North
2024-03-26,Multivitamins,7,176.61,240,Health,South
2024-03-26,Designer Jeans,7,595.09,116,Apparel,North
2024-03-26,Running Shoes,6,733.2,80,Apparel,North
2024-03-26,Yoga Mat,0,0.0,64,Health,South
2024-03-26,Coffee Table,0,0.0,14,Furniture,West
2024-03-26,Designer Jeans,2,187.71,106,Apparel,West
2024-03-26,Yoga Mat,4,146.37,70,Health,West
2024-03-26,Office Desk,6,2044.87,28,Furniture,South
2024-03-26,Protein Powder,1,39.91,188,Health,East
2024-03-26,Protein Powder,3,113.61,192,Health,East
2024-03-26,Laptop Pro,5,6103.12,61,Electronics,West
2024-03-26,Multivitamins,7,173.02,234,Health,West
2024-03-26,SmartPhone X,0,0.0,64,Electronics,South
2024-03-26,Yoga Mat,4,139.02,73,Health,West
2024-03-26,Protein Powder,5,185.07,183,Health,North
2024-03-26,Office Desk,1,379.43,38,Furniture,North
2024-03-26,Coffee Table,5,939.99,32,Furniture,South
2024-03-26,SmartPhone X,2,1537.26,72,Electronics,Central
2024-03-26,Protein Powder,5,217.61,173,Health,East
2024-03-26,SmartPhone X,1,729.97,61,Electronics,North
2024-03-26,Office Desk,4,1384.97,36,Furniture,West
2024-03-26,Multivitamins,7,190.97,243,Health,Central
2024-03-26,Office Desk,3,1033.85,34,Furniture,South
2024-03-26,Ergonomic Chair,7,1631.66,30,Furniture,South
2024-03-26,Wireless Earbuds,0,0.0,134,Electronics,West
2024-03-26,SmartPhone X,4,3469.81,81,Electronics,Central
2024-03-26,Office Desk,0,0.0,23,Furniture,East
2024-03-26,Protein Powder,3,122.32,187,Health,South
2024-03-27,Ergonomic Chair,2,521.88,49,Furniture,South
2024-03-27,Yoga Mat,3,95.21,87,Health,North
2024-03-27,Yoga Mat,5,168.55,88,Health,Central
2024-03-27,Office Desk,2,703.11,34,Furniture,East
2024-03-27,Yoga Mat,4,130.8,63,Health,Central
2024-03-27,Winter Jacket,6,948.94,62,Apparel,South
2024-03-27,SmartPhone X,1,866.92,76,Electronics,Central
2024-03-27,Yoga Mat,0,0.0,80,Health,East
2024-03-27,Protein Powder,0,0.0,164,Health,West
2024-03-27,Running Shoes,12,1300.37,84,Apparel,Central
2024-03-27,Ergonomic Chair,0,0.0,38,Furniture,West
2024-03-27,Designer Jeans,7,596.3,124,Apparel,East
2024-03-27,Laptop Pro,3,3558.3,56,Electronics,North
2024-03-27,Ergonomic Chair,5,1157.98,43,Furniture,South
2024-03-27,Winter Jacket,7,1037.49,52,Apparel,East
2024-03-27,Office Desk,2,672.68,20,Furniture,West
2024-03-27,Wireless Earbuds,1,147.3,131,Electronics,North
2024-03-27,Wireless Earbuds,5,676.54,119,Electronics,North
2024-03-27,Designer Jeans,2,187.72,122,Apparel,Central
2024-03-27,Designer Jeans,5,492.43,111,Apparel,West
2024-03-27,Laptop Pro,7,7691.44,40,Electronics,North
2024-03-27,Coffee Table,1,178.39,36,Furniture,Central
2024-03-27,Wireless Earbuds,5,811.59,129,Electronics,South
2024-03-27,Designer Jeans,0,0.0,128,Apparel,Central
2024-03-27,Protein Powder,2,76.58,183,Health,East
2024-03-27,Coffee Table,2,344.6,22,Furniture,East
2024-03-27,Coffee Table,2,393.4,14,Furniture,East
2024-03-28,Laptop Pro,7,8381.34,47,Electronics,Central
2024-03-28,Winter Jacket,4,601.84,73,Apparel,West
2024-03-28,Protein Powder,2,75.64,166,Health,Central
2024-03-28,Running Shoes,8,964.08,81,Apparel,Central
2024-03-28,Winter Jacket,2,302.38,47,Apparel,Central
2024-03-28,Protein Powder,1,38.73,182,Health,North
2024-03-28,Laptop Pro,5,6438.69,55,Electronics,East
2024-03-28,Office Desk,4,1355.31,44,Furniture,South
2024-03-28,Wireless Earbuds,4,648.51,111,Electronics,East
2024-03-28,Winter Jacket,1,157.94,75,Apparel,West
2024-03-28,Wireless Earbuds,6,851.47,119,Electronics,West
2024-03-28,Coffee Table,7,1299.94,15,Furniture,North
2024-03-28,Coffee Table,5,879.72,29,Furniture,West
2024-03-28,Office Desk,7,2347.52,42,Furniture,Central
2024-03-28,Ergonomic Chair,2,458.18,42,Furniture,Central
2024-03-28,Coffee Table,6,1152.54,38,Furniture,Central
2024-03-28,Multivitamins,7,159.76,238,Health,Central
2024-03-28,Winter Jacket,5,872.64,76,Apparel,Central
2024-03-28,Laptop Pro,4,4610.79,40,Electronics,Central
2024-03-28,SmartPhone X,3,2516.34,64,Electronics,North
2024-03-28,Yoga Mat,3,114.33,75,Health,Central
2024-03-29,Protein Powder,5,209.06,187,Health,South
2024-03-29,Winter Jacket,4,608.37,63,Apparel,North
2024-03-29,SmartPhone X,7,5432.95,85,Electronics,East
2024-03-29,Ergonomic Chair,4,982.61,47,Furniture,South
2024-03-29,Winter Jacket,6,961.62,54,Apparel,West
2024-03-29,Designer Jeans,2,163.61,111,Apparel,North
2024-03-29,Designer Jeans,4,334.66,119,Apparel,East
2024-03-29,Ergonomic Chair,6,1617.04,46,Furniture,West
2024-03-29,Running Shoes,14,1778.53,91,Apparel,West
2024-03-29,Coffee Table,1,181.46,30,Furniture,South
2024-03-29,Multivitamins,0,0.0,228,Health,South
2024-03-29,Ergonomic Chair,4,917.01,49,Furniture,Central
2024-03-29,SmartPhone X,3,2554.15,69,Electronics,West
2024-03-29,SmartPhone X,0,0.0,59,Electronics,North
2024-03-29,Yoga Mat,4,143.21,83,Health,West
2024-03-29,Protein Powder,6,220.42,184,Health,Central
2024-03-29,Running Shoes,2,234.46,91,Apparel,South
2024-03-29,Yoga Mat,0,0.0,70,Health,North
2024-03-29,Designer Jeans,4,331.06,134,Apparel,South
2024-03-29,Wireless Earbuds,0,0.0,129,Electronics,East
2024-03-29,Running Shoes,0,0.0,99,Apparel,North
2024-03-29,Ergonomic Chair,1,272.0,40,Furniture,East
2024-03-29,Yoga Mat,6,219.06,70,Health,South
2024-03-30,Running Shoes,14,1612.0,84,Apparel,West
2024-03-30,Ergonomic Chair,3,777.12,53,Furniture,Central
2024-03-30,Ergonomic Chair,7,1720.54,32,Furniture,South
2024-03-30,Designer Jeans,0,0.0,124,Apparel,East
2024-03-30,Office Desk,2,743.86,37,Furniture,West
2024-03-30,Wireless Earbuds,1,157.62,113,Electronics,South
2024-03-30,Wireless Earbuds,3,406.22,122,Electronics,North
2024-03-30,Ergonomic Chair,4,1082.98,40,Furniture,West
2024-03-30,Ergonomic Chair,2,482.53,32,Furniture,Central
2024-03-30,Office Desk,5,1801.2,34,Furniture,West
2024-03-30,Protein Powder,4,175.0,175,Health,South
2024-03-30,SmartPhone X,2,1545.37,63,Electronics,Central
2024-03-30,Winter Jacket,3,492.0,53,Apparel,East
2024-03-30,Winter Jacket,0,0.0,63,Apparel,West
2024-03-30,SmartPhone X,4,3367.6,77,Electronics,Central
2024-03-30,Office Desk,6,2295.84,18,Furniture,South
2024-03-30,Ergonomic Chair,5,1126.41,49,Furniture,North
2024-03-30,Running Shoes,8,947.51,88,Apparel,Central
2024-03-31,Yoga Mat,1,34.79,58,Health,East
2024-03-31,Winter Jacket,2,328.73,47,Apparel,South
2024-03-31,Running Shoes,6,729.37,103,Apparel,West
2024-03-31,SmartPhone X,3,2517.0,68,Electronics,Central
2024-03-31,Yoga Mat,4,149.16,72,Health,West
2024-03-31,Ergonomic Chair,4,982.65,30,Furniture,North
2024-03-31,Coffee Table,4,686.84,35,Furniture,South
2024-03-31,Designer Jeans,3,266.57,130,Apparel,West
2024-03-31,Wireless Earbuds,1,136.23,111,Electronics,South
2024-03-31,Ergonomic Chair,4,991.98,56,Furniture,East
2024-03-31,Protein Powder,7,294.49,188,Health,South
2024-03-31,Running Shoes,14,1820.44,77,Apparel,East
2024-03-31,Wireless Earbuds,4,559.03,124,Electronics,North
2024-03-31,Protein Powder,7,303.38,177,Health,West
2024-03-31,Office Desk,7,2338.92,27,Furniture,East
2024-03-31,Winter Jacket,6,877.17,68,Apparel,Central
2024-04-01,Yoga Mat,5,192.07,71,Health,South
2024-04-01,Office Desk,1,347.3,30,Furniture,Central
2024-04-01,Designer Jeans,1,94.6,128,Apparel,North
2024-04-01,Ergonomic Chair,6,1489.79,40,Furniture,West
2024-04-01,Coffee Table,7,1255.98,40,Furniture,West
2024-04-01,SmartPhone X,6,5213.23,67,Electronics,West
2024-04-01,Designer Jeans,5,449.04,117,Apparel,East
2024-04-01,Ergonomic Chair,8,2072.35,33,Furniture,East
2024-04-01,Designer Jeans,3,290.28,124,Apparel,East
2024-04-01,Ergonomic Chair,3,743.71,44,Furniture,West
2024-04-01,Protein Powder,9,393.17,183,Health,West
2024-04-01,Running Shoes,10,1125.82,84,Apparel,East
2024-04-01,Protein Powder,2,75.89,163,Health,Central
2024-04-01,Designer Jeans,1,83.36,120,Apparel,East
2024-04-01,Coffee Table,5,897.85,23,Furniture,North
2024-04-01,Protein Powder,3,119.87,179,Health,Central
2024-04-02,Winter Jacket,5,730.04,56,Apparel,Central
2024-04-02,Protein Powder,3,111.52,171,Health,West
2024-04-02,SmartPhone X,6,4594.75,66,Electronics,South
2024-04-02,Multivitamins,8,216.63,222,Health,Central
2024-04-02,Laptop Pro,5,5553.85,39,Electronics,Central
2024-04-02,Office Desk,3,1099.6,37,Furniture,North
2024-04-02,Ergonomic Chair,4,1093.44,35,Furniture,East
2024-04-02,Coffee Table,1,164.92,21,Furniture,South
2024-04-02,Protein Powder,6,243.76,178,Health,South
2024-04-02,Wireless Earbuds,6,929.85,122,Electronics,South
2024-04-02,Protein Powder,9,344.34,179,Health,West
2024-04-02,Winter Jacket,3,522.21,55,Apparel,North
2024-04-02,Yoga Mat,8,257.13,87,Health,South
2024-04-02,SmartPhone X,9,7456.22,63,Electronics,North
2024-04-02,Coffee Table,7,1259.92,14,Furniture,West
2024-04-03,Laptop Pro,9,10442.48,46,Electronics,North
2024-04-03,Yoga Mat,8,290.9,81,Health,East
2024-04-03,Office Desk,9,2962.26,35,Furniture,Central
2024-04-03,Protein Powder,4,157.69,166,Health,West
2024-04-03,Coffee Table,1,178.31,36,Furniture,Central
2024-04-03,Winter Jacket,1,169.53,49,Apparel,Central
2024-04-03,Multivitamins,8,202.76,226,Health,South
2024-04-03,Designer Jeans,5,460.42,105,Apparel,East
2024-04-03,Yoga Mat,3,110.72,83,Health,East
2024-04-03,Protein Powder,7,301.86,182,Health,North
2024-04-03,Designer Jeans,3,262.57,126,Apparel,East
2024-04-03,Protein Powder,4,166.45,171,Health,South
2024-04-03,Yoga Mat,8,256.53,80,Health,West
2024-04-03,Designer Jeans,9,820.12,120,Apparel,North
2024-04-03,Designer Jeans,7,669.45,131,Apparel,South
2024-04-03,Coffee Table,4,786.82,19,Furniture,North
2024-04-03,Protein Powder,2,84.3,175,Health,West
2024-04-03,Wireless Earbuds,3,435.5,118,Electronics,Central
2024-04-03,Multivitamins,5,131.54,238,Health,North
2024-04-03,Running Shoes,18,2364.82,93,Apparel,South
2024-04-03,Designer Jeans,9,807.25,113,Apparel,North
2024-04-03,Laptop Pro,6,7649.43,43,Electronics,South
2024-04-03,Running Shoes,10,1192.91,95,Apparel,South
2024-04-03,Running Shoes,12,1501.88,82,Apparel,West
2024-04-04,Coffee Table,9,1661.73,39,Furniture,North
2024-04-04,Coffee Table,6,1045.45,31,Furniture,West
2024-04-04,Office Desk,6,2207.18,38,Furniture,Central
2024-04-04,Multivitamins,2,51.99,223,Health,South
2024-04-04,Ergonomic Chair,5,1341.92,57,Furniture,East
2024-04-04,Ergonomic Chair,4,923.75,40,Furniture,Central
2024-04-04,Office Desk,2,653.4,18,Furniture,North
2024-04-04,Multivitamins,5,128.01,225,Health,South
2024-04-04,Designer Jeans,7,665.51,114,Apparel,South
2024-04-04,Wireless Earbuds,2,288.29,126,Electronics,North
2024-04-04,Office Desk,1,373.45,41,Furniture,West
2024-04-04,Coffee Table,8,1396.12,35,Furniture,West
2024-04-04,Laptop Pro,7,8326.84,43,Electronics,West
2024-04-04,Coffee Table,2,343.67,34,Furniture,East
2024-04-04,Coffee Table,1,188.97,25,Furniture,West
2024-04-04,Wireless Earbuds,1,140.72,103,Electronics,North
2024-04-05,Coffee Table,4,733.45,38,Furniture,West
2024-04-05,Winter Jacket,2,327.13,57,Apparel,South
2024-04-05,Ergonomic Chair,8,2198.37,31,Furniture,East
2024-04-05,Running Shoes,12,1299.14,89,Apparel,East
2024-04-05,Winter Jacket,7,1110.13,54,Apparel,East
2024-04-05,Coffee Table,1,191.48,40,Furniture,Central
2024-04-05,Winter Jacket,9,1376.69,73,Apparel,North
2024-04-05,Office Desk,5,1697.75,32,Furniture,East
2024-04-05,Yoga Mat,2,73.4,63,Health,South
2024-04-05,Office Desk,9,3347.86,43,Furniture,South
2024-04-05,Multivitamins,3,67.81,245,Health,Central
2024-04-05,SmartPhone X,4,3059.77,73,Electronics,Central
2024-04-05,Running Shoes,10,1307.24,78,Apparel,South
2024-04-05,Multivitamins,3,69.25,238,Health,North
2024-04-05,Yoga Mat,5,187.21,63,Health,East
2024-04-05,Protein Powder,4,163.74,163,Health,East
2024-04-05,Multivitamins,8,204.13,244,Health,East
2024-04-05,Protein Powder,3,117.0,164,Health,East
2024-04-05,Protein Powder,5,188.31,162,Health,East
2024-04-06,Designer Jeans,3,287.16,105,Apparel,West
2024-04-06,Running Shoes,4,440.68,95,Apparel,East
2024-04-06,Ergonomic Chair,7,1671.02,52,Furniture,Central
2024-04-06,Protein Powder,3,117.83,181,Health,North
2024-04-06,Running Shoes,8,1052.03,100,Apparel,South
2024-04-06,Winter Jacket,6,958.04,60,Apparel,North
2024-04-06,Yoga Mat,3,105.16,81,Health,East
2024-04-06,Coffee Table,1,194.57,38,Furniture,South
2024-04-06,Running Shoes,4,501.68,103,Apparel,North
2024-04-06,Winter Jacket,8,1300.44,50,Apparel,East
2024-04-06,Laptop Pro,1,1146.72,39,Electronics,North
2024-04-07,SmartPhone X,4,3124.94,70,Electronics,West
2024-04-07,Laptop Pro,9,9755.44,58,Electronics,Central
2024-04-07,Multivitamins,4,95.16,227,Health,Central
2024-04-07,SmartPhone X,3,2528.53,87,Electronics,Central
2024-04-07,Wireless Earbuds,5,760.05,130,Electronics,West
2024-04-07,Coffee Table,3,580.04,26,Furniture,South
2024-04-07,Ergonomic Chair,8,2066.58,56,Furniture,West
2024-04-07,Designer Jeans,4,349.67,131,Apparel,Central
2024-04-07,Protein Powder,9,341.31,175,Health,North
2024-04-07,Yoga Mat,3,106.93,62,Health,West
2024-04-08,Multivitamins,9,214.8,239,Health,East
2024-04-08,Laptop Pro,3,3708.36,42,Electronics,Central
2024-04-08,Laptop Pro,7,8899.51,45,Electronics,Central
2024-04-08,Coffee Table,7,1358.0,38,Furniture,North
2024-04-08,Laptop Pro,7,8087.54,63,Electronics,North
2024-04-08,Wireless Earbuds,1,155.78,113,Electronics,East
2024-04-08,Wireless Earbuds,5,678.99,121,Electronics,East
2024-04-08,Yoga Mat,1,36.52,86,Health,South
2024-04-08,SmartPhone X,5,4352.01,57,Electronics,Central
2024-04-08,Protein Powder,2,80.27,166,Health,East
2024-04-08,Office Desk,4,1465.06,36,Furniture,East
2024-04-08,SmartPhone X,2,1488.85,72,Electronics,South
2024-04-08,Designer Jeans,5,422.91,118,Apparel,East
2024-04-08,Ergonomic Chair,5,1186.77,31,Furniture,West
2024-04-08,Yoga Mat,3,108.84,60,Health,South
2024-04-08,Coffee Table,6,1134.83,35,Furniture,Central
2024-04-08,Ergonomic Chair,6,1401.45,31,Furniture,Central
2024-04-08,Protein Powder,2,83.8,175,Health,West
2024-04-08,Winter Jacket,7,1134.32,51,Apparel,North
2024-04-09,Multivitamins,3,78.99,219,Health,North
2024-04-09,Running Shoes,10,1240.1,90,Apparel,South
2024-04-09,Designer Jeans,4,351.69,104,Apparel,Central
2024-04-09,Multivitamins,5,133.9,238,Health,East
2024-04-09,Ergonomic Chair,9,2180.45,46,Furniture,North
2024-04-09,Wireless Earbuds,8,1246.01,130,Electronics,Central
2024-04-09,Office Desk,2,696.22,30,Furniture,North
2024-04-09,Winter Jacket,1,168.77,55,Apparel,East
2024-04-09,SmartPhone X,2,1618.6,61,Electronics,North
2024-04-09,Protein Powder,7,254.5,185,Health,West
2024-04-09,Protein Powder,9,334.17,159,Health,West
2024-04-09,Coffee Table,9,1696.36,17,Furniture,South
2024-04-09,Designer Jeans,8,733.36,117,Apparel,Central
2024-04-09,Ergonomic Chair,2,486.66,56,Furniture,East
2024-04-09,Office Desk,4,1329.58,39,Furniture,West
2024-04-09,Yoga Mat,7,255.1,83,Health,North
2024-04-09,Coffee Table,8,1307.14,35,Furniture,North
2024-04-09,Coffee Table,1,170.82,39,Furniture,South
2024-04-09,Office Desk,4,1286.57,21,Furniture,Central
2024-04-09,Multivitamins,6,152.63,236,Health,Central
2024-04-09,Multivitamins,4,92.93,237,Health,West
2024-04-09,Running Shoes,4,465.24,75,Apparel,East
2024-04-10,Designer Jeans,7,584.31,104,Apparel,North
2024-04-10,Ergonomic Chair,7,1828.74,50,Furniture,North
2024-04-10,Office Desk,7,2248.73,46,Furniture,North
2024-04-10,Office Desk,8,2614.91,30,Furniture,Central
2024-04-10,Office Desk,7,2630.91,30,Furniture,South
2024-04-10,Yoga Mat,8,257.54,58,Health,West
2024-04-10,Coffee Table,1,184.02,34,Furniture,North
2024-04-10,Wireless Earbuds,6,885.47,106,Electronics,Central
2024-04-10,Multivitamins,9,213.53,242,Health,South
2024-04-10,Protein Powder,6,231.8,161,Health,East
2024-04-10,Multivitamins,7,189.58,219,Health,East
2024-04-10,Coffee Table,7,1335.02,18,Furniture,West
2024-04-10,Coffee Table,8,1429.19,26,Furniture,Central
2024-04-10,Running Shoes,18,2217.91,96,Apparel,East
2024-04-10,Laptop Pro,2,2358.41,43,Electronics,West
2024-04-10,SmartPhone X,5,4029.9,67,Electronics,Central
2024-04-10,Laptop Pro,6,6495.92,36,Electronics,East
2024-04-10,Designer Jeans,5,491.56,125,Apparel,Central
2024-04-10,Designer Jeans,8,663.66,128,Apparel,Central
2024-04-10,Designer Jeans,8,719.85,127,Apparel,South
2024-04-10,Yoga Mat,6,202.18,85,Health,West
2024-04-10,Office Desk,4,1520.94,44,Furniture,West
2024-04-10,Running Shoes,6,683.16,99,Apparel,West
2024-04-11,Coffee Table,4,686.14,15,Furniture,Central
2024-04-11,Wireless Earbuds,6,886.14,117,Electronics,East
2024-04-11,Running Shoes,16,1894.55,79,Apparel,North
2024-04-11,Winter Jacket,1,167.8,75,Apparel,North
2024-04-11,Office Desk,3,987.41,34,Furniture,Central
2024-04-11,Winter Jacket,6,1026.49,53,Apparel,South
2024-04-11,Winter Jacket,3,475.38,53,Apparel,South
2024-04-11,Winter Jacket,4,679.04,70,Apparel,North
2024-04-11,Laptop Pro,9,11695.73,63,Electronics,East
2024-04-11,Laptop Pro,1,1200.77,63,Electronics,North
2024-04-11,Multivitamins,3,72.08,226,Health,Central
2024-04-11,Designer Jeans,5,418.33,128,Apparel,North
2024-04-11,Multivitamins,7,190.22,219,Health,South
2024-04-11,Coffee Table,5,889.83,40,Furniture,South
2024-04-11,Wireless Earbuds,1,149.09,119,Electronics,East
2024-04-11,Protein Powder,5,211.58,182,Health,North
2024-04-11,Office Desk,9,3172.45,34,Furniture,Central
2024-04-11,Office Desk,1,321.94,40,Furniture,North
2024-04-11,Protein Powder,6,241.47,182,Health,East
2024-04-11,SmartPhone X,4,3285.72,71,Electronics,East
2024-04-11,Ergonomic Chair,6,1597.08,51,Furniture,West
2024-04-11,Running Shoes,18,2026.34,83,Apparel,North
2024-04-11,Office Desk,3,965.65,36,Furniture,West
2024-04-11,Running Shoes,2,246.06,94,Apparel,Central
2024-04-12,Office Desk,6,2116.72,28,Furniture,West
2024-04-12,Yoga Mat,8,278.4,66,Health,South
2024-04-12,Coffee Table,9,1646.06,41,Furniture,North
2024-04-12,Winter Jacket,5,736.56,67,Apparel,East
2024-04-12,SmartPhone X,2,1698.05,57,Electronics,West
2024-04-12,Running Shoes,6,663.79,102,Apparel,Central
2024-04-12,SmartPhone X,7,5203.44,79,Electronics,North
2024-04-12,Office Desk,2,653.65,28,Furniture,Central
2024-04-12,Running Shoes,18,1960.03,100,Apparel,South
2024-04-12,Coffee Table,4,790.34,38,Furniture,Central
2024-04-12,Running Shoes,16,1866.65,76,Apparel,North
2024-04-12,Office Desk,5,1727.46,30,Furniture,East
2024-04-12,Wireless Earbuds,8,1242.24,113,Electronics,South
2024-04-12,Running Shoes,4,494.54,96,Apparel,West
2024-04-12,Yoga Mat,9,327.3,60,Health,West
2024-04-12,Winter Jacket,7,1230.54,70,Apparel,South
2024-04-12,Designer Jeans,2,186.73,104,Apparel,East
2024-04-13,Yoga Mat,3,112.76,70,Health,Central
2024-04-13,Yoga Mat,6,214.73,67,Health,Central
2024-04-13,Winter Jacket,2,295.0,66,Apparel,North
2024-04-13,Ergonomic Chair,8,2083.26,41,Furniture,West
2024-04-13,SmartPhone X,8,6138.53,82,Electronics,Central
2024-04-13,Multivitamins,8,219.22,232,Health,East
2024-04-13,Winter Jacket,8,1182.77,47,Apparel,South
2024-04-13,Wireless Earbuds,6,982.05,102,Electronics,Central
2024-04-13,Ergonomic Chair,7,1773.59,29,Furniture,North
2024-04-13,Winter Jacket,7,1060.85,70,Apparel,North
2024-04-13,Ergonomic Chair,6,1456.07,48,Furniture,North
2024-04-13,Ergonomic Chair,5,1226.78,46,Furniture,East
2024-04-13,SmartPhone X,4,3308.93,86,Electronics,West
2024-04-14,SmartPhone X,6,4898.34,76,Electronics,West
2024-04-14,Designer Jeans,5,443.49,107,Apparel,South
2024-04-14,Designer Jeans,2,191.86,124,Apparel,East
2024-04-14,SmartPhone X,3,2192.7,60,Electronics,North
2024-04-14,Ergonomic Chair,9,2169.1,40,Furniture,South
2024-04-14,Laptop Pro,5,6392.56,62,Electronics,South
2024-04-14,Ergonomic Chair,6,1610.16,49,Furniture,South
2024-04-14,Designer Jeans,3,264.52,128,Apparel,North
2024-04-14,Ergonomic Chair,3,694.72,43,Furniture,North
2024-04-14,SmartPhone X,8,6282.25,80,Electronics,South
2024-04-14,Multivitamins,8,203.42,221,Health,West
2024-04-14,SmartPhone X,9,7009.04,65,Electronics,North
2024-04-14,Multivitamins,8,205.36,214,Health,South
2024-04-14,Protein Powder,5,193.54,183,Health,Central
2024-04-15,Multivitamins,8,205.96,213,Health,East
2024-04-15,Office Desk,7,2349.05,43,Furniture,East
2024-04-15,Ergonomic Chair,8,1885.95,57,Furniture,Central
2024-04-15,Running Shoes,12,1320.33,97,Apparel,West
2024-04-15,SmartPhone X,3,2621.68,71,Electronics,East
2024-04-15,Coffee Table,8,1326.68,17,Furniture,South
2024-04-15,Coffee Table,5,844.38,13,Furniture,South
2024-04-15,Wireless Earbuds,5,755.8,112,Electronics,East
2024-04-15,Yoga Mat,1,31.92,84,Health,North
2024-04-15,Winter Jacket,6,919.63,48,Apparel,South
2024-04-15,SmartPhone X,5,4272.54,66,Electronics,Central
2024-04-15,Multivitamins,8,210.53,216,Health,North
2024-04-15,Yoga Mat,5,172.66,69,Health,Central
2024-04-15,Ergonomic Chair,3,732.46,31,Furniture,East
2024-04-15,Yoga Mat,2,64.01,59,Health,West
2024-04-15,Laptop Pro,1,1276.77,35,Electronics,South
2024-04-15,Yoga Mat,3,94.58,66,Health,North
2024-04-15,Wireless Earbuds,4,550.03,116,Electronics,West
2024-04-15,Yoga Mat,6,225.29,57,Health,West
2024-04-16,Designer Jeans,9,763.38,115,Apparel,North
2024-04-16,Laptop Pro,2,2361.32,45,Electronics,North
2024-04-16,Designer Jeans,3,282.69,116,Apparel,East
2024-04-16,Protein Powder,6,221.84,185,Health,Central
2024-04-16,Laptop Pro,3,3953.81,35,Electronics,East
2024-04-16,Multivitamins,3,71.82,213,Health,Central
2024-04-16,SmartPhone X,2,1713.51,80,Electronics,South
2024-04-16,Office Desk,9,2961.97,31,Furniture,South
2024-04-16,Running Shoes,12,1507.04,78,Apparel,East
2024-04-16,Coffee Table,3,515.91,22,Furniture,South
2024-04-16,Designer Jeans,4,351.35,128,Apparel,West
2024-04-16,Laptop Pro,9,11261.61,41,Electronics,East
2024-04-16,Office Desk,9,3267.0,42,Furniture,North
2024-04-16,Wireless Earbuds,4,625.01,121,Electronics,South
2024-04-16,Ergonomic Chair,3,736.55,37,Furniture,East
2024-04-16,Office Desk,5,1850.7,37,Furniture,South
2024-04-16,Running Shoes,14,1542.14,95,Apparel,East
2024-04-16,Wireless Earbuds,8,1311.75,101,Electronics,North
2024-04-16,Office Desk,9,3365.42,39,Furniture,East
2024-04-16,Running Shoes,12,1534.58,77,Apparel,Central
2024-04-17,Designer Jeans,3,287.47,122,Apparel,North
2024-04-17,Protein Powder,8,291.09,164,Health,North
2024-04-17,Ergonomic Chair,8,1918.46,54,Furniture,East
2024-04-17,Yoga Mat,3,102.03,71,Health,East
2024-04-17,Winter Jacket,4,605.53,53,Apparel,Central
2024-04-17,Yoga Mat,8,300.79,68,Health,East
2024-04-17,Office Desk,2,704.59,31,Furniture,North
2024-04-17,Designer Jeans,8,649.78,119,Apparel,North
2024-04-17,Designer Jeans,6,529.18,109,Apparel,Central
2024-04-17,Protein Powder,7,300.76,157,Health,South
2024-04-17,Laptop Pro,5,6514.47,39,Electronics,West
2024-04-17,Office Desk,1,357.51,21,Furniture,North
2024-04-17,Designer Jeans,5,413.46,103,Apparel,West
2024-04-17,Wireless Earbuds,8,1231.84,106,Electronics,Central
2024-04-17,Wireless Earbuds,6,926.56,102,Electronics,Central
2024-04-17,Wireless Earbuds,6,810.89,102,Electronics,West
2024-04-17,Coffee Table,9,1665.79,39,Furniture,West
2024-04-17,SmartPhone X,9,7777.9,75,Electronics,West
2024-04-17,Multivitamins,4,90.63,232,Health,North
2024-04-18,SmartPhone X,2,1599.43,85,Electronics,West
2024-04-18,Office Desk,2,653.63,43,Furniture,South
2024-04-18,SmartPhone X,8,6881.76,70,Electronics,West
2024-04-18,Winter Jacket,7,1062.71,74,Apparel,West
2024-04-18,Protein Powder,8,341.02,184,Health,West
2024-04-18,Protein Powder,7,272.11,171,Health,South
2024-04-18,Winter Jacket,9,1358.45,63,Apparel,North
2024-04-18,Wireless Earbuds,7,1079.89,121,Electronics,South
2024-04-18,Running Shoes,16,1809.1,81,Apparel,East
2024-04-18,SmartPhone X,6,4780.0,57,Electronics,Central
2024-04-18,Protein Powder,3,121.1,183,Health,Central
2024-04-18,Protein Powder,2,74.87,180,Health,Central
2024-04-18,Multivitamins,2,45.12,227,Health,West
2024-04-18,Yoga Mat,3,96.43,75,Health,North
2024-04-18,Protein Powder,7,266.78,178,Health,West
2024-04-18,Designer Jeans,3,256.64,130,Apparel,East
2024-04-18,Winter Jacket,5,868.61,46,Apparel,Central
2024-04-18,Designer Jeans,7,599.43,128,Apparel,South
2024-04-18,Multivitamins,5,122.38,222,Health,East
2024-04-18,Ergonomic Chair,2,476.07,37,Furniture,East
2024-04-18,Running Shoes,14,1681.66,92,Apparel,East
2024-04-18,SmartPhone X,4,3436.0,68,Electronics,West
2024-04-19,Ergonomic Chair,9,2046.97,51,Furniture,East
2024-04-19,Protein Powder,6,234.96,181,Health,Central
2024-04-19,Wireless Earbuds,7,953.12,122,Electronics,Central
2024-04-19,Running Shoes,12,1524.28,97,Apparel,Central
2024-04-19,Yoga Mat,4,140.21,67,Health,South
2024-04-19,Winter Jacket,5,797.29,54,Apparel,Central
2024-04-19,Coffee Table,6,1056.99,17,Furniture,Central
2024-04-19,Running Shoes,10,1251.68,85,Apparel,West
2024-04-19,Winter Jacket,6,1043.86,59,Apparel,North
2024-04-19,Running Shoes,6,672.15,100,Apparel,North
2024-04-19,Multivitamins,9,237.25,229,Health,Central
2024-04-19,Laptop Pro,8,10062.25,62,Electronics,South
2024-04-19,Protein Powder,5,219.9,170,Health,South
2024-04-19,SmartPhone X,7,5528.09,73,Electronics,South
2024-04-19,Protein Powder,4,160.61,176,Health,West
2024-04-19,SmartPhone X,6,5261.32,82,Electronics,Central
2024-04-19,Multivitamins,1,25.83,214,Health,South
2024-04-19,Office Desk,9,3133.71,26,Furniture,Central
2024-04-19,Multivitamins,5,115.17,222,Health,South
2024-04-19,Protein Powder,8,346.76,164,Health,South
2024-04-19,Laptop Pro,1,1302.16,43,Electronics,Central
2024-04-19,Ergonomic Chair,8,2012.03,37,Furniture,North
2024-04-19,Yoga Mat,9,290.71,74,Health,South
2024-04-19,Running Shoes,2,238.9,91,Apparel,West
2024-04-19,Coffee Table,3,517.24,30,Furniture,North
2024-04-19,Winter Jacket,3,502.16,62,Apparel,South
2024-04-19,Wireless Earbuds,1,162.1,129,Electronics,South
2024-04-20,Yoga Mat,7,227.65,66,Health,North
2024-04-20,Coffee Table,8,1507.44,35,Furniture,East
2024-04-20,Ergonomic Chair,8,1891.31,50,Furniture,West
2024-04-20,SmartPhone X,2,1519.15,77,Electronics,East
2024-04-20,Multivitamins,4,92.65,215,Health,South
2024-04-20,Laptop Pro,3,3475.51,59,Electronics,South
2024-04-20,Ergonomic Chair,2,469.0,46,Furniture,South
2024-04-20,Yoga Mat,5,177.29,60,Health,South
2024-04-20,SmartPhone X,8,6785.28,81,Electronics,East
2024-04-20,Yoga Mat,9,288.48,69,Health,North
2024-04-20,Designer Jeans,2,168.72,100,Apparel,Central
2024-04-20,Wireless Earbuds,1,143.92,111,Electronics,West
2024-04-21,Ergonomic Chair,2,536.81,46,Furniture,Central
2024-04-21,Coffee Table,9,1715.0,23,Furniture,North
2024-04-21,Running Shoes,18,2355.17,77,Apparel,Central
2024-04-21,Ergonomic Chair,4,1076.01,36,Furniture,West
2024-04-21,Coffee Table,3,538.19,37,Furniture,South
2024-04-21,Running Shoes,10,1298.9,78,Apparel,North
2024-04-21,Wireless Earbuds,5,706.7,115,Electronics,South
2024-04-21,Designer Jeans,8,720.25,109,Apparel,West
2024-04-21,SmartPhone X,5,3801.55,85,Electronics,Central
2024-04-21,Yoga Mat,5,162.25,75,Health,South
2024-04-21,Wireless Earbuds,2,328.67,109,Electronics,Central
2024-04-21,Laptop Pro,3,3776.43,36,Electronics,East
2024-04-21,Multivitamins,3,71.1,211,Health,East
2024-04-22,Designer Jeans,3,270.6,117,Apparel,Central
2024-04-22,Office Desk,6,2224.96,33,Furniture,South
2024-04-22,Running Shoes,2,219.49,86,Apparel,North
2024-04-22,Yoga Mat,1,32.49,65,Health,Central
2024-04-22,Winter Jacket,7,1058.11,56,Apparel,North
2024-04-22,Wireless Earbuds,1,164.17,115,Electronics,East
2024-04-22,Yoga Mat,7,231.82,74,Health,South
2024-04-22,Office Desk,3,970.89,30,Furniture,West
2024-04-22,Protein Powder,4,174.35,157,Health,West
2024-04-22,Wireless Earbuds,7,968.47,119,Electronics,South
2024-04-22,Winter Jacket,1,146.54,63,Apparel,West
2024-04-22,Multivitamins,4,99.72,225,Health,West
2024-04-22,Multivitamins,8,191.15,224,Health,East
2024-04-22,Laptop Pro,4,4588.51,61,Electronics,South
2024-04-22,Winter Jacket,3,525.0,55,Apparel,North
2024-04-22,Laptop Pro,2,2580.35,45,Electronics,East
2024-04-22,Office Desk,1,376.46,19,Furniture,West
2024-04-22,Running Shoes,2,230.63,74,Apparel,South
2024-04-22,Coffee Table,4,750.31,34,Furniture,East
2024-04-22,Ergonomic Chair,9,2357.48,40,Furniture,South
2024-04-22,Running Shoes,8,882.44,72,Apparel,Central
2024-04-22,Wireless Earbuds,8,1096.03,107,Electronics,South
2024-04-22,Protein Powder,4,172.47,171,Health,North
2024-04-22,Coffee Table,7,1270.91,21,Furniture,Central
2024-04-22,Ergonomic Chair,5,1167.22,28,Furniture,West
2024-04-22,Running Shoes,6,766.56,78,Apparel,East
2024-04-23,Coffee Table,8,1416.44,12,Furniture,South
2024-04-23,Winter Jacket,4,664.35,61,Apparel,Central
2024-04-23,Running Shoes,10,1202.45,75,Apparel,South
2024-04-23,Designer Jeans,9,883.82,123,Apparel,North
2024-04-23,Ergonomic Chair,6,1468.44,45,Furniture,Central
2024-04-23,Winter Jacket,3,486.58,72,Apparel,South
2024-04-23,Protein Powder,9,380.61,177,Health,Central
2024-04-23,Running Shoes,2,233.21,99,Apparel,West
2024-04-23,Wireless Earbuds,6,914.32,105,Electronics,Central
2024-04-23,Coffee Table,2,343.34,14,Furniture,North
2024-04-23,Coffee Table,6,1011.4,35,Furniture,South
2024-04-23,Winter Jacket,4,602.11,45,Apparel,South
2024-04-23,Multivitamins,9,232.02,232,Health,North
2024-04-23,Designer Jeans,1,84.3,120,Apparel,East
2024-04-23,Protein Powder,4,162.49,179,Health,West
2024-04-23,Coffee Table,1,171.85,14,Furniture,West
2024-04-23,Wireless Earbuds,2,306.72,105,Electronics,North
2024-04-23,Coffee Table,3,593.31,13,Furniture,East
2024-04-23,SmartPhone X,8,6669.71,56,Electronics,South
2024-04-23,Ergonomic Chair,9,2424.37,37,Furniture,Central
2024-04-23,Ergonomic Chair,6,1525.48,54,Furniture,East
2024-04-23,Multivitamins,4,96.53,230,Health,North
2024-04-23,Designer Jeans,6,585.0,105,Apparel,West
2024-04-23,Laptop Pro,3,3296.01,34,Electronics,East
2024-04-23,Office Desk,6,2304.84,32,Furniture,South
2024-04-24,Office Desk,3,1148.4,39,Furniture,South
2024-04-24,Designer Jeans,8,707.3,117,Apparel,East
2024-04-24,Ergonomic Chair,7,1670.92,28,Furniture,Central
2024-04-24,Multivitamins,3,78.72,235,Health,East
2024-04-24,Yoga Mat,8,300.31,79,Health,South
2024-04-24,Multivitamins,9,226.43,238,Health,Central
2024-04-24,Office Desk,1,351.21,20,Furniture,North
2024-04-24,Winter Jacket,3,508.54,55,Apparel,Central
2024-04-24,Office Desk,2,650.57,17,Furniture,Central
2024-04-24,Designer Jeans,8,779.23,117,Apparel,South
2024-04-24,Yoga Mat,3,101.53,62,Health,West
2024-04-24,Coffee Table,9,1616.72,26,Furniture,North
2024-04-24,Designer Jeans,1,81.88,121,Apparel,West
2024-04-24,Coffee Table,5,843.6,18,Furniture,North
2024-04-24,Designer Jeans,3,288.36,107,Apparel,South
2024-04-25,Protein Powder,5,208.1,183,Health,South
2024-04-25,Laptop Pro,8,9902.65,62,Electronics,East
2024-04-25,Multivitamins,7,187.9,218,Health,Central
2024-04-25,Designer Jeans,7,608.2,128,Apparel,Central
2024-04-25,SmartPhone X,8,6177.05,68,Electronics,Central
2024-04-25,Running Shoes,2,247.26,80,Apparel,West
2024-04-25,Office Desk,4,1491.57,25,Furniture,West
2024-04-25,Designer Jeans,1,96.22,109,Apparel,East
2024-04-25,Multivitamins,7,177.7,231,Health,Central
2024-04-25,Running Shoes,14,1648.5,87,Apparel,West
2024-04-25,Multivitamins,8,187.28,218,Health,Central
2024-04-25,Wireless Earbuds,9,1470.93,101,Electronics,North
2024-04-25,Protein Powder,8,310.37,172,Health,South
2024-04-25,Office Desk,8,2735.62,21,Furniture,South
2024-04-25,Designer Jeans,6,500.56,113,Apparel,West
2024-04-25,Running Shoes,8,872.05,80,Apparel,West
2024-04-25,Running Shoes,16,1988.98,92,Apparel,South
2024-04-26,Winter Jacket,7,1064.49,70,Apparel,South
2024-04-26,Wireless Earbuds,2,308.34,112,Electronics,East
2024-04-26,Ergonomic Chair,4,1004.92,28,Furniture,Central
2024-04-26,Ergonomic Chair,2,481.02,49,Furniture,South
2024-04-26,Running Shoes,2,237.36,93,Apparel,South
2024-04-26,Running Shoes,12,1304.86,83,Apparel,North
2024-04-26,Yoga Mat,3,114.0,67,Health,East
2024-04-26,Coffee Table,7,1204.27,13,Furniture,West
2024-04-26,Designer Jeans,5,437.12,113,Apparel,North
2024-04-26,Coffee Table,1,185.1,24,Furniture,North
2024-04-26,Laptop Pro,4,4396.55,49,Electronics,East
2024-04-26,SmartPhone X,6,5265.31,74,Electronics,North
2024-04-26,Yoga Mat,2,76.98,73,Health,Central
2024-04-26,Yoga Mat,5,174.19,84,Health,West
2024-04-26,Winter Jacket,7,1128.22,71,Apparel,East
2024-04-26,Winter Jacket,4,679.68,60,Apparel,East
2024-04-26,Laptop Pro,6,7883.0,37,Electronics,West
2024-04-26,Yoga Mat,2,69.88,60,Health,Central
2024-04-26,Winter Jacket,2,311.62,44,Apparel,West
2024-04-26,Multivitamins,5,135.35,227,Health,North
2024-04-26,Protein Powder,5,196.03,169,Health,East
2024-04-26,Office Desk,6,2299.56,27,Furniture,East
2024-04-26,Coffee Table,1,175.64,28,Furniture,East
2024-04-26,Multivitamins,4,101.43,217,Health,South
2024-04-26,Wireless Earbuds,5,755.64,108,Electronics,West
2024-04-26,Multivitamins,9,243.34,230,Health,West
2024-04-27,Coffee Table,1,195.4,28,Furniture,Central
2024-04-27,Coffee Table,4,681.42,16,Furniture,East
2024-04-27,Coffee Table,9,1564.89,13,Furniture,Central
2024-04-27,Designer Jeans,7,633.39,105,Apparel,Central
2024-04-27,SmartPhone X,9,7624.64,72,Electronics,East
2024-04-27,Coffee Table,6,1184.13,32,Furniture,North
2024-04-27,Winter Jacket,9,1569.55,63,Apparel,South
2024-04-27,Yoga Mat,3,107.14,57,Health,North
2024-04-27,Designer Jeans,2,168.61,101,Apparel,Central
2024-04-27,Office Desk,9,2878.08,38,Furniture,Central
2024-04-27,Office Desk,8,2889.39,28,Furniture,South
2024-04-27,Wireless Earbuds,7,1002.35,108,Electronics,Central
2024-04-27,Laptop Pro,9,10362.41,42,Electronics,South
2024-04-27,Multivitamins,4,107.07,219,Health,North
2024-04-27,Office Desk,6,2226.4,38,Furniture,South
2024-04-27,Multivitamins,6,152.01,229,Health,South
2024-04-27,Office Desk,7,2406.37,43,Furniture,East
2024-04-27,Running Shoes,10,1143.91,95,Apparel,North
2024-04-27,Office Desk,5,1735.6,19,Furniture,Central
2024-04-28,Laptop Pro,3,3422.4,56,Electronics,West
2024-04-28,Protein Powder,6,258.49,154,Health,Central
2024-04-28,Ergonomic Chair,9,2297.45,42,Furniture,South
2024-04-28,Multivitamins,2,54.22,215,Health,North
2024-04-28,Wireless Earbuds,4,614.18,111,Electronics,Central
2024-04-28,Yoga Mat,6,228.09,55,Health,East
2024-04-28,Laptop Pro,6,7245.17,58,Electronics,East
2024-04-28,Multivitamins,3,68.47,221,Health,North
2024-04-28,Multivitamins,6,151.37,224,Health,West
2024-04-28,Multivitamins,5,124.73,217,Health,South
2024-04-28,Running Shoes,18,2023.97,80,Apparel,North
2024-04-28,Office Desk,8,3049.09,38,Furniture,Central
2024-04-28,Ergonomic Chair,4,1052.98,52,Furniture,South
2024-04-28,SmartPhone X,4,3128.94,59,Electronics,West
2024-04-28,Office Desk,3,1000.91,41,Furniture,North
2024-04-28,Running Shoes,14,1574.13,86,Apparel,Central
2024-04-28,Running Shoes,6,694.27,101,Apparel,West
2024-04-28,Coffee Table,7,1319.43,15,Furniture,North
2024-04-29,Coffee Table,3,535.8,40,Furniture,West
2024-04-29,Coffee Table,1,169.37,36,Furniture,North
2024-04-29,SmartPhone X,6,4670.84,77,Electronics,South
2024-04-29,Winter Jacket,1,165.75,55,Apparel,North
2024-04-29,Designer Jeans,9,885.33,103,Apparel,North
2024-04-29,Ergonomic Chair,3,769.87,56,Furniture,North
2024-04-29,Running Shoes,10,1116.15,71,Apparel,Central
2024-04-29,Winter Jacket,3,484.3,65,Apparel,East
2024-04-29,Wireless Earbuds,7,967.27,102,Electronics,South
2024-04-29,Yoga Mat,6,223.85,63,Health,South
2024-04-29,Coffee Table,1,193.1,31,Furniture,South
2024-04-29,Winter Jacket,1,158.24,48,Apparel,North
2024-04-29,Office Desk,6,2158.47,41,Furniture,Central
2024-04-29,SmartPhone X,3,2387.09,83,Electronics,North
2024-04-29,Protein Powder,2,86.31,174,Health,North
2024-04-30,Coffee Table,8,1562.74,13,Furniture,South
2024-04-30,Office Desk,3,1031.17,25,Furniture,Central
2024-04-30,Yoga Mat,5,185.25,77,Health,West
2024-04-30,SmartPhone X,1,827.3,58,Electronics,Central
2024-04-30,Running Shoes,14,1521.89,82,Apparel,North
2024-04-30,Designer Jeans,9,886.49,114,Apparel,South
2024-04-30,Coffee Table,6,975.12,21,Furniture,North
2024-04-30,Coffee Table,5,858.34,12,Furniture,West
2024-04-30,Wireless Earbuds,1,157.49,126,Electronics,South
2024-04-30,Multivitamins,4,98.54,228,Health,North
2024-04-30,Yoga Mat,4,150.44,77,Health,West
2024-04-30,SmartPhone X,4,3237.02,67,Electronics,North
2024-04-30,Yoga Mat,5,169.1,75,Health,North
2024-04-30,Ergonomic Chair,3,716.47,38,Furniture,West
2024-04-30,Yoga Mat,5,174.13,67,Health,East
2024-04-30,Protein Powder,2,83.74,172,Health,East
2024-04-30,Protein Powder,4,161.44,157,Health,East
2024-04-30,Yoga Mat,1,36.37,73,Health,North
2024-04-30,Winter Jacket,3,506.58,65,Apparel,South
2024-04-30,Laptop Pro,9,11646.15,54,Electronics,West
2024-04-30,Coffee Table,9,1736.28,13,Furniture,North
2024-04-30,Running Shoes,12,1337.22,88,Apparel,South
2024-04-30,Protein Powder,5,218.55,177,Health,North
2024-04-30,Ergonomic Chair,9,2463.52,30,Furniture,South
2024-04-30,Multivitamins,7,183.16,224,Health,Central
2024-05-01,Ergonomic Chair,5,1247.14,38,Furniture,North
2024-05-01,Laptop Pro,7,8279.76,52,Electronics,South
2024-05-01,Designer Jeans,6,496.54,119,Apparel,East
2024-05-01,Winter Jacket,3,456.71,70,Apparel,Central
2024-05-01,Yoga Mat,5,168.94,74,Health,West
2024-05-01,Yoga Mat,5,171.41,63,Health,South
2024-05-01,SmartPhone X,4,3112.23,57,Electronics,South
2024-05-01,Coffee Table,7,1352.15,30,Furniture,Central
2024-05-01,Protein Powder,4,158.68,161,Health,South
2024-05-01,SmartPhone X,7,5934.08,83,Electronics,South
2024-05-01,Office Desk,9,3336.2,20,Furniture,North
2024-05-01,Yoga Mat,1,37.25,70,Health,East
2024-05-01,SmartPhone X,2,1593.08,57,Electronics,East
2024-05-01,Coffee Table,6,1003.32,13,Furniture,East
2024-05-01,Wireless Earbuds,5,754.63,114,Electronics,South
2024-05-01,Running Shoes,14,1794.4,97,Apparel,Central
2024-05-01,Protein Powder,7,264.27,173,Health,North
2024-05-01,Office Desk,8,2916.85,21,Furniture,East
2024-05-01,Multivitamins,7,177.53,208,Health,North
2024-05-01,SmartPhone X,8,6378.17,70,Electronics,West
2024-05-01,Coffee Table,7,1384.58,34,Furniture,North
2024-05-01,Office Desk,6,2178.45,42,Furniture,North
2024-05-01,Multivitamins,2,45.9,236,Health,South
2024-05-01,Winter Jacket,3,450.91,57,Apparel,North
2024-05-01,Designer Jeans,8,700.87,110,Apparel,West
2024-05-01,SmartPhone X,6,4547.46,81,Electronics,North
2024-05-01,Laptop Pro,3,3641.58,48,Electronics,North
2024-05-01,Yoga Mat,5,165.85,56,Health,East
2024-05-01,Wireless Earbuds,3,426.07,122,Electronics,Central
2024-05-02,Yoga Mat,3,109.56,67,Health,South
2024-05-02,Designer Jeans,6,534.78,101,Apparel,West
2024-05-02,Yoga Mat,7,240.53,62,Health,West
2024-05-02,Running Shoes,4,478.98,90,Apparel,West
2024-05-02,Multivitamins,5,131.74,217,Health,Central
2024-05-02,Winter Jacket,1,172.33,51,Apparel,East
2024-05-02,Wireless Earbuds,4,591.13,101,Electronics,West
2024-05-02,SmartPhone X,9,7644.43,75,Electronics,West
2024-05-02,Running Shoes,10,1172.0,84,Apparel,West
2024-05-02,Winter Jacket,6,938.94,71,Apparel,West
2024-05-02,Running Shoes,18,2261.15,82,Apparel,East
2024-05-02,Designer Jeans,7,604.83,99,Apparel,West
2024-05-02,Laptop Pro,4,5093.3,41,Electronics,Central
2024-05-02,Yoga Mat,5,162.19,61,Health,North
2024-05-02,Ergonomic Chair,5,1316.54,30,Furniture,Central
2024-05-03,Multivitamins,6,158.23,209,Health,North
2024-05-03,Running Shoes,6,757.44,83,Apparel,West
2024-05-03,Multivitamins,6,152.61,225,Health,North
2024-05-03,Office Desk,3,1088.93,19,Furniture,South
2024-05-03,SmartPhone X,9,7063.32,68,Electronics,East
2024-05-03,SmartPhone X,3,2557.72,74,Electronics,West
2024-05-03,Ergonomic Chair,7,1679.55,29,Furniture,South
2024-05-03,Laptop Pro,5,6373.67,53,Electronics,West
2024-05-03,SmartPhone X,6,4636.53,72,Electronics,South
2024-05-03,Laptop Pro,9,10582.27,42,Electronics,North
2024-05-03,Winter Jacket,1,149.08,72,Apparel,Central
2024-05-03,Designer Jeans,7,589.63,108,Apparel,Central
2024-05-03,Ergonomic Chair,7,1858.58,27,Furniture,South
2024-05-03,Designer Jeans,8,701.26,127,Apparel,East
2024-05-03,SmartPhone X,2,1693.98,61,Electronics,South
2024-05-03,Laptop Pro,1,1225.35,57,Electronics,Central
2024-05-03,Designer Jeans,8,701.62,127,Apparel,East
2024-05-03,Protein Powder,8,342.52,154,Health,West
2024-05-03,Coffee Table,5,889.7,37,Furniture,South
2024-05-03,Winter Jacket,8,1202.17,66,Apparel,South
2024-05-03,Yoga Mat,7,253.99,77,Health,Central
2024-05-03,Multivitamins,1,25.59,212,Health,East
2024-05-03,Laptop Pro,4,4689.16,61,Electronics,South
2024-05-03,Yoga Mat,5,169.48,66,Health,South
2024-05-03,Wireless Earbuds,9,1410.84,113,Electronics,Central
2024-05-03,Laptop Pro,7,8283.72,35,Electronics,West
2024-05-03,SmartPhone X,9,6923.89,68,Electronics,South
2024-05-04,Multivitamins,1,25.53,231,Health,Central
2024-05-04,Protein Powder,6,263.43,174,Health,Central
2024-05-04,Wireless Earbuds,3,415.61,118,Electronics,South
2024-05-04,Yoga Mat,8,269.42,68,Health,North
2024-05-04,Coffee Table,3,495.23,40,Furniture,Central
2024-05-04,Coffee Table,1,188.83,23,Furniture,West
2024-05-04,Multivitamins,8,190.23,214,Health,South
2024-05-04,Protein Powder,6,242.15,163,Health,West
2024-05-04,Running Shoes,12,1361.45,89,Apparel,East
2024-05-04,Coffee Table,6,1130.31,27,Furniture,Central
2024-05-04,SmartPhone X,9,7678.23,68,Electronics,Central
2024-05-04,Wireless Earbuds,2,296.08,123,Electronics,East
2024-05-04,Running Shoes,4,455.36,88,Apparel,East
2024-05-04,Office Desk,5,1861.03,42,Furniture,North
2024-05-04,Ergonomic Chair,7,1708.09,42,Furniture,West
2024-05-04,Multivitamins,7,160.23,207,Health,East
2024-05-04,Office Desk,5,1820.38,45,Furniture,Central
2024-05-04,Protein Powder,7,267.81,173,Health,West
2024-05-05,Running Shoes,2,218.13,76,Apparel,West
2024-05-05,Ergonomic Chair,5,1283.38,29,Furniture,Central
2024-05-05,Running Shoes,16,1909.3,93,Apparel,South
2024-05-05,Protein Powder,9,324.56,166,Health,South
2024-05-05,Protein Powder,1,42.01,178,Health,Central
2024-05-05,Multivitamins,8,192.33,222,Health,Central
2024-05-05,Office Desk,6,2100.87,31,Furniture,Central
2024-05-05,Coffee Table,7,1319.01,11,Furniture,East
2024-05-05,Designer Jeans,9,834.24,106,Apparel,Central
2024-05-05,Yoga Mat,5,182.39,75,Health,South
2024-05-06,Wireless Earbuds,7,1047.47,117,Electronics,West
2024-05-06,Winter Jacket,4,581.27,58,Apparel,East
2024-05-06,Protein Powder,8,341.69,176,Health,East
2024-05-06,Wireless Earbuds,8,1212.61,113,Electronics,West
2024-05-06,Winter Jacket,9,1532.24,48,Apparel,West
2024-05-06,Coffee Table,4,790.31,13,Furniture,West
2024-05-06,Wireless Earbuds,4,649.07,116,Electronics,South
2024-05-06,Protein Powder,8,335.2,164,Health,North
2024-05-06,Ergonomic Chair,1,242.81,54,Furniture,Central
2024-05-06,Running Shoes,8,981.77,75,Apparel,East
2024-05-06,Ergonomic Chair,5,1227.26,38,Furniture,Central
2024-05-06,Coffee Table,6,1179.92,29,Furniture,West
2024-05-06,Protein Powder,5,216.53,168,Health,East
2024-05-06,Multivitamins,6,146.34,211,Health,South
2024-05-06,Protein Powder,5,205.43,152,Health,South
2024-05-06,Multivitamins,4,99.35,206,Health,North
2024-05-06,Wireless Earbuds,8,1297.65,103,Electronics,East
2024-05-06,Office Desk,3,1014.96,36,Furniture,South
2024-05-06,Designer Jeans,1,88.76,108,Apparel,North
2024-05-06,Designer Jeans,4,324.85,125,Apparel,South
2024-05-07,Office Desk,4,1311.31,27,Furniture,North
2024-05-07,Running Shoes,16,1825.95,73,Apparel,East
2024-05-07,Multivitamins,6,147.59,212,Health,West
2024-05-07,Winter Jacket,2,334.11,48,Apparel,East
2024-05-07,Yoga Mat,8,270.23,78,Health,West
2024-05-07,Yoga Mat,5,180.98,81,Health,Central
2024-05-07,Office Desk,9,2918.68,34,Furniture,South
2024-05-07,Office Desk,1,337.56,36,Furniture,Central
2024-05-07,Laptop Pro,4,4344.48,40,Electronics,East
2024-05-07,Ergonomic Chair,3,699.37,35,Furniture,West
2024-05-07,Designer Jeans,3,269.2,105,Apparel,Central
2024-05-07,Yoga Mat,2,75.01,74,Health,North
2024-05-07,Office Desk,6,2308.76,33,Furniture,North
2024-05-07,Yoga Mat,6,205.21,68,Health,Central
2024-05-07,Laptop Pro,4,4741.3,45,Electronics,North
2024-05-07,Designer Jeans,6,519.61,125,Apparel,North
2024-05-07,Designer Jeans,3,246.15,117,Apparel,South
2024-05-08,Ergonomic Chair,1,252.14,27,Furniture,West
2024-05-08,Wireless Earbuds,3,467.38,107,Electronics,West
2024-05-08,Office Desk,8,2933.77,35,Furniture,West
2024-05-08,Coffee Table,6,1112.63,23,Furniture,East
2024-05-08,Laptop Pro,7,7707.78,42,Electronics,Central
2024-05-08,Protein Powder,8,296.75,161,Health,North
2024-05-08,Winter Jacket,4,696.67,58,Apparel,West
2024-05-08,Office Desk,5,1913.6,41,Furniture,East
2024-05-08,Multivitamins,4,105.7,213,Health,West
2024-05-08,Office Desk,3,1067.12,25,Furniture,South
2024-05-08,SmartPhone X,7,5063.88,61,Electronics,East
2024-05-08,Office Desk,6,1917.65,24,Furniture,South
2024-05-08,Laptop Pro,3,3265.38,49,Electronics,South
2024-05-08,Ergonomic Chair,1,269.7,34,Furniture,Central
2024-05-08,Coffee Table,6,1134.25,20,Furniture,West
2024-05-08,Designer Jeans,7,657.38,99,Apparel,Central
2024-05-09,Multivitamins,4,103.06,216,Health,Central
2024-05-09,Wireless Earbuds,1,162.73,101,Electronics,West
2024-05-09,Office Desk,2,714.48,24,Furniture,East
2024-05-09,Coffee Table,7,1288.68,34,Furniture,North
2024-05-09,Running Shoes,6,701.49,76,Apparel,Central
2024-05-09,Laptop Pro,1,1259.39,37,Electronics,West
2024-05-09,Coffee Table,6,1070.15,24,Furniture,Central
2024-05-09,Wireless Earbuds,3,485.86,119,Electronics,Central
2024-05-09,Winter Jacket,4,609.72,57,Apparel,West
2024-05-09,Coffee Table,9,1571.61,32,Furniture,West
2024-05-09,Wireless Earbuds,4,586.98,110,Electronics,West
2024-05-09,Laptop Pro,2,2254.7,50,Electronics,South
2024-05-09,SmartPhone X,6,5070.41,64,Electronics,West
2024-05-09,Laptop Pro,8,9607.15,39,Electronics,Central
2024-05-09,Wireless Earbuds,5,739.52,109,Electronics,North
2024-05-09,Winter Jacket,6,967.63,60,Apparel,North
2024-05-09,SmartPhone X,6,4830.9,68,Electronics,West
2024-05-09,Multivitamins,3,73.88,226,Health,Central
2024-05-09,Laptop Pro,4,4889.07,56,Electronics,West
2024-05-09,Ergonomic Chair,9,2435.56,42,Furniture,South
2024-05-09,Protein Powder,2,75.6,161,Health,South
2024-05-09,Wireless Earbuds,5,781.91,122,Electronics,South
2024-05-09,Office Desk,3,972.1,41,Furniture,South
2024-05-09,Laptop Pro,8,9763.68,40,Electronics,North
2024-05-09,Protein Powder,3,111.99,171,Health,West
2024-05-09,Ergonomic Chair,8,1862.36,29,Furniture,West
2024-05-09,Running Shoes,4,441.42,73,Apparel,Central
2024-05-09,Winter Jacket,1,154.78,67,Apparel,Central
2024-05-10,Office Desk,5,1658.57,29,Furniture,East
2024-05-10,Wireless Earbuds,5,817.96,123,Electronics,Central
2024-05-10,Multivitamins,8,215.81,220,Health,Central
2024-05-10,SmartPhone X,4,3502.3,70,Electronics,East
2024-05-10,SmartPhone X,9,7684.21,78,Electronics,West
2024-05-10,Designer Jeans,2,196.55,107,Apparel,Central
2024-05-10,Office Desk,4,1374.92,22,Furniture,West
2024-05-10,Coffee Table,3,555.07,33,Furniture,Central
2024-05-10,Running Shoes,16,1759.27,76,Apparel,Central
2024-05-10,Running Shoes,18,2305.62,80,Apparel,East
2024-05-10,Protein Powder,4,170.92,157,Health,North
2024-05-10,Winter Jacket,1,147.8,52,Apparel,South
2024-05-10,Running Shoes,16,2009.73,87,Apparel,East
2024-05-10,Office Desk,7,2378.45,42,Furniture,South
2024-05-10,Wireless Earbuds,1,154.45,106,Electronics,South
2024-05-10,Winter Jacket,6,960.69,66,Apparel,North
2024-05-10,Multivitamins,3,80.17,214,Health,East
2024-05-10,SmartPhone X,2,1718.13,61,Electronics,South
2024-05-10,Office Desk,4,1485.6,31,Furniture,North
2024-05-10,Laptop Pro,6,7286.99,55,Electronics,West
2024-05-10,Laptop Pro,8,9701.18,56,Electronics,East
2024-05-10,Coffee Table,5,854.92,35,Furniture,West
2024-05-10,SmartPhone X,7,5682.03,68,Electronics,West
2024-05-10,Running Shoes,6,712.99,87,Apparel,North
2024-05-10,SmartPhone X,6,4881.39,69,Electronics,East
2024-05-10,Running Shoes,6,692.05,92,Apparel,East
2024-05-10,Designer Jeans,4,335.8,102,Apparel,North
2024-05-10,Running Shoes,18,2239.54,91,Apparel,North
2024-05-11,Ergonomic Chair,2,489.98,56,Furniture,South
2024-05-11,SmartPhone X,4,3004.18,71,Electronics,West
2024-05-11,Running Shoes,10,1126.39,95,Apparel,Central
2024-05-11,Coffee Table,6,1175.96,25,Furniture,South
2024-05-11,Ergonomic Chair,9,2259.9,40,Furniture,North
2024-05-11,Designer Jeans,3,257.12,118,Apparel,West
2024-05-11,Protein Powder,8,306.29,161,Health,East
2024-05-11,Running Shoes,4,465.48,86,Apparel,North
2024-05-11,Laptop Pro,9,11724.6,34,Electronics,North
2024-05-11,Designer Jeans,4,351.74,115,Apparel,North
2024-05-11,Wireless Earbuds,2,319.24,122,Electronics,West
2024-05-11,Protein Powder,5,206.77,152,Health,East
2024-05-11,Winter Jacket,1,162.02,54,Apparel,East
2024-05-12,Laptop Pro,1,1170.89,44,Electronics,West
2024-05-12,SmartPhone X,2,1756.07,76,Electronics,Central
2024-05-12,Coffee Table,1,167.78,34,Furniture,North
2024-05-12,Winter Jacket,2,316.13,59,Apparel,North
2024-05-12,Protein Powder,6,223.87,171,Health,East
2024-05-12,Yoga Mat,8,277.69,70,Health,East
2024-05-12,Office Desk,3,1120.31,44,Furniture,South
2024-05-12,Wireless Earbuds,9,1216.23,123,Electronics,Central
2024-05-12,Laptop Pro,8,8925.25,45,Electronics,North
2024-05-12,Yoga Mat,9,286.48,70,Health,South
2024-05-12,Winter Jacket,1,168.4,61,Apparel,North
2024-05-12,Wireless Earbuds,2,307.15,110,Electronics,South
2024-05-12,Wireless Earbuds,8,1094.33,100,Electronics,South
2024-05-12,Yoga Mat,6,202.34,69,Health,East
2024-05-12,Designer Jeans,5,435.03,125,Apparel,West
2024-05-12,Winter Jacket,7,1133.31,55,Apparel,South
2024-05-13,Multivitamins,2,45.94,203,Health,North
2024-05-13,Coffee Table,4,755.54,38,Furniture,West
2024-05-13,Office Desk,9,3143.52,45,Furniture,North
2024-05-13,Multivitamins,8,195.3,230,Health,West
2024-05-13,Coffee Table,2,370.53,20,Furniture,West
2024-05-13,Wireless Earbuds,3,413.34,100,Electronics,Central
2024-05-13,Ergonomic Chair,5,1261.57,56,Furniture,South
2024-05-13,Running Shoes,18,2009.86,78,Apparel,Central
2024-05-13,Designer Jeans,1,95.22,118,Apparel,East
2024-05-13,Yoga Mat,2,63.84,66,Health,East
2024-05-13,Yoga Mat,4,132.75,64,Health,South
2024-05-13,Laptop Pro,4,4508.04,61,Electronics,West
2024-05-13,Office Desk,4,1441.61,37,Furniture,West
2024-05-13,Yoga Mat,1,36.18,73,Health,South
2024-05-13,Winter Jacket,8,1265.83,62,Apparel,East
2024-05-13,Office Desk,5,1797.81,21,Furniture,Central
2024-05-13,Running Shoes,10,1148.9,76,Apparel,West
2024-05-13,Protein Powder,6,237.13,152,Health,North
2024-05-13,Ergonomic Chair,5,1238.93,32,Furniture,Central
2024-05-13,Coffee Table,5,917.8,24,Furniture,South
2024-05-13,Designer Jeans,6,580.08,106,Apparel,East
2024-05-13,Multivitamins,3,70.98,229,Health,Central
2024-05-13,Yoga Mat,8,264.34,57,Health,South
2024-05-13,Multivitamins,9,213.77,212,Health,West
2024-05-13,Office Desk,8,2819.1,28,Furniture,Central
2024-05-13,Protein Powder,7,292.84,162,Health,Central
2024-05-13,Designer Jeans,9,832.72,98,Apparel,Central
2024-05-13,Designer Jeans,6,563.06,116,Apparel,West
2024-05-14,Office Desk,9,3004.17,37,Furniture,North
2024-05-14,Laptop Pro,5,5757.69,48,Electronics,West
2024-05-14,Running Shoes,18,2301.59,89,Apparel,North
2024-05-14,Designer Jeans,8,767.33,112,Apparel,South
2024-05-14,Wireless Earbuds,4,579.1,113,Electronics,West
2024-05-14,Wireless Earbuds,2,295.82,98,Electronics,East
2024-05-14,Running Shoes,14,1663.35,98,Apparel,East
2024-05-14,Ergonomic Chair,9,2037.42,35,Furniture,South
2024-05-14,SmartPhone X,4,3480.6,69,Electronics,North
2024-05-14,Office Desk,6,2287.69,22,Furniture,Central
2024-05-14,Multivitamins,9,234.25,228,Health,East
2024-05-14,Running Shoes,12,1325.88,87,Apparel,South
2024-05-14,Laptop Pro,8,8903.83,47,Electronics,East
2024-05-14,Protein Powder,6,223.03,156,Health,West
2024-05-14,Protein Powder,8,340.42,159,Health,South
2024-05-14,Winter Jacket,9,1568.29,57,Apparel,South
2024-05-14,SmartPhone X,3,2356.87,77,Electronics,East
2024-05-15,Ergonomic Chair,8,1919.71,29,Furniture,Central
2024-05-15,Yoga Mat,9,317.14,75,Health,South
2024-05-15,Ergonomic Chair,2,500.8,29,Furniture,Central
2024-05-15,Ergonomic Chair,3,691.18,41,Furniture,South
2024-05-15,Running Shoes,16,2109.83,76,Apparel,West
2024-05-15,Winter Jacket,2,326.75,72,Apparel,West
2024-05-15,Protein Powder,9,337.64,157,Health,Central
2024-05-15,Wireless Earbuds,2,313.51,96,Electronics,North
2024-05-15,Multivitamins,4,108.2,225,Health,North
2024-05-15,Coffee Table,3,576.57,29,Furniture,South
2024-05-15,Designer Jeans,2,186.4,118,Apparel,Central
2024-05-15,Multivitamins,9,208.59,202,Health,North
2024-05-15,Designer Jeans,6,489.31,115,Apparel,South
2024-05-15,Winter Jacket,1,148.45,63,Apparel,South
2024-05-15,Running Shoes,10,1167.49,94,Apparel,South
2024-05-16,Ergonomic Chair,6,1357.91,29,Furniture,Central
2024-05-16,Designer Jeans,2,175.12,104,Apparel,Central
2024-05-16,Ergonomic Chair,9,2206.85,39,Furniture,Central
2024-05-16,Designer Jeans,1,81.53,99,Apparel,South
2024-05-16,Office Desk,6,2189.2,25,Furniture,West
2024-05-16,Office Desk,7,2372.55,45,Furniture,West
2024-05-16,Yoga Mat,9,327.28,76,Health,South
2024-05-16,Laptop Pro,2,2497.01,51,Electronics,Central
2024-05-16,Protein Powder,5,207.49,153,Health,Central
2024-05-16,Ergonomic Chair,9,2419.1,45,Furniture,South
2024-05-16,Running Shoes,14,1800.79,97,Apparel,West
2024-05-16,Multivitamins,6,156.71,222,Health,West
2024-05-16,Multivitamins,6,146.97,203,Health,South
2024-05-16,Winter Jacket,3,527.56,60,Apparel,South
2024-05-16,Winter Jacket,6,866.49,59,Apparel,South
2024-05-16,Winter Jacket,8,1373.15,51,Apparel,South
2024-05-16,Yoga Mat,6,214.09,57,Health,East
2024-05-16,Office Desk,8,2621.52,40,Furniture,West
2024-05-16,Designer Jeans,6,510.06,98,Apparel,East
2024-05-16,Protein Powder,9,369.8,160,Health,Central
2024-05-16,Wireless Earbuds,3,435.54,118,Electronics,North
2024-05-16,Designer Jeans,7,653.84,106,Apparel,West
2024-05-16,SmartPhone X,4,3357.01,80,Electronics,North
2024-05-17,Office Desk,4,1299.84,27,Furniture,Central
2024-05-17,Laptop Pro,3,3709.89,59,Electronics,North
2024-05-17,Wireless Earbuds,2,284.3,122,Electronics,South
2024-05-17,SmartPhone X,1,822.37,54,Electronics,Central
2024-05-17,Multivitamins,7,186.89,220,Health,North
2024-05-17,Office Desk,8,2718.66,40,Furniture,North
2024-05-17,Wireless Earbuds,5,813.44,109,Electronics,East
2024-05-17,Office Desk,2,671.08,42,Furniture,North
2024-05-17,Laptop Pro,8,9983.95,32,Electronics,North
2024-05-17,Designer Jeans,4,357.27,117,Apparel,West
2024-05-17,Wireless Earbuds,6,893.71,108,Electronics,East
2024-05-17,Laptop Pro,8,9119.74,35,Electronics,East
2024-05-17,Protein Powder,7,287.32,150,Health,West
2024-05-17,Laptop Pro,2,2387.26,47,Electronics,West
2024-05-17,Office Desk,5,1793.27,44,Furniture,South
2024-05-17,SmartPhone X,8,6773.45,63,Electronics,South
2024-05-18,Yoga Mat,6,205.89,79,Health,West
2024-05-18,Designer Jeans,7,684.72,114,Apparel,East
2024-05-18,Winter Jacket,8,1154.85,53,Apparel,East
2024-05-18,Office Desk,2,720.5,26,Furniture,East
2024-05-18,Ergonomic Chair,8,1997.76,44,Furniture,East
2024-05-18,Wireless Earbuds,1,140.77,115,Electronics,South
2024-05-18,Laptop Pro,8,10241.37,51,Electronics,Central
2024-05-18,Winter Jacket,2,344.93,53,Apparel,East
2024-05-18,SmartPhone X,8,6216.29,74,Electronics,South
2024-05-18,Laptop Pro,5,6037.47,57,Electronics,South
2024-05-18,Multivitamins,8,206.49,222,Health,East
2024-05-19,Running Shoes,14,1623.0,94,Apparel,East
2024-05-19,Winter Jacket,5,781.23,70,Apparel,North
2024-05-19,Wireless Earbuds,2,287.29,109,Electronics,East
2024-05-19,SmartPhone X,9,6827.74,75,Electronics,West
2024-05-19,Ergonomic Chair,5,1200.59,46,Furniture,East
2024-05-19,Designer Jeans,4,326.58,101,Apparel,North
2024-05-19,Ergonomic Chair,7,1863.48,33,Furniture,South
2024-05-19,Winter Jacket,5,846.35,57,Apparel,East
2024-05-19,Yoga Mat,4,146.89,68,Health,East
2024-05-19,Office Desk,5,1597.98,40,Furniture,South
2024-05-19,Designer Jeans,8,774.56,100,Apparel,South
2024-05-20,Yoga Mat,2,64.61,74,Health,East
2024-05-20,Office Desk,9,3244.12,18,Furniture,Central
2024-05-20,Ergonomic Chair,9,2264.19,34,Furniture,West
2024-05-20,Wireless Earbuds,2,280.66,121,Electronics,West
2024-05-20,Yoga Mat,3,99.85,70,Health,North
2024-05-20,Ergonomic Chair,1,242.2,31,Furniture,West
2024-05-20,Multivitamins,9,209.45,218,Health,East
2024-05-20,Ergonomic Chair,3,747.35,28,Furniture,Central
2024-05-20,Yoga Mat,2,76.12,58,Health,East
2024-05-20,Winter Jacket,3,471.61,68,Apparel,North
2024-05-20,Designer Jeans,5,439.6,113,Apparel,East
2024-05-20,Protein Powder,1,38.42,161,Health,North
2024-05-20,Designer Jeans,1,84.33,124,Apparel,East
2024-05-20,Designer Jeans,9,736.98,99,Apparel,South
2024-05-20,Coffee Table,5,859.55,28,Furniture,Central
2024-05-20,SmartPhone X,1,834.67,75,Electronics,West
2024-05-20,Multivitamins,9,207.59,225,Health,West
2024-05-20,Yoga Mat,3,98.24,81,Health,Central
2024-05-20,Designer Jeans,6,552.57,120,Apparel,East
2024-05-20,Wireless Earbuds,2,280.56,103,Electronics,West
2024-05-20,Designer Jeans,8,708.74,101,Apparel,North
2024-05-20,Winter Jacket,6,964.4,71,Apparel,East
2024-05-20,Winter Jacket,4,688.18,55,Apparel,South
2024-05-20,Ergonomic Chair,6,1483.24,38,Furniture,North
2024-05-20,Designer Jeans,5,450.0,100,Apparel,North
2024-05-20,Office Desk,6,2252.83,39,Furniture,North
2024-05-20,SmartPhone X,6,4742.17,69,Electronics,West
2024-05-20,Wireless Earbuds,5,766.05,120,Electronics,Central
2024-05-20,Coffee Table,5,983.51,19,Furniture,North
2024-05-21,Ergonomic Chair,7,1833.24,43,Furniture,South
2024-05-21,Winter Jacket,8,1265.76,56,Apparel,South
2024-05-21,Yoga Mat,9,306.84,61,Health,Central
2024-05-21,Coffee Table,9,1604.56,38,Furniture,West
2024-05-21,Yoga Mat,8,295.59,68,Health,East
2024-05-21,Coffee Table,3,494.28,32,Furniture,East
2024-05-21,Ergonomic Chair,9,2089.35,33,Furniture,South
2024-05-21,Running Shoes,18,2302.35,69,Apparel,South
2024-05-21,Protein Powder,6,238.37,160,Health,West
2024-05-21,Coffee Table,6,1134.39,11,Furniture,Central
2024-05-21,Running Shoes,8,944.98,84,Apparel,Central
2024-05-21,Coffee Table,8,1504.56,13,Furniture,North
2024-05-21,Coffee Table,8,1525.33,33,Furniture,North
2024-05-21,Multivitamins,7,176.27,216,Health,East
2024-05-21,Multivitamins,5,118.62,200,Health,North
2024-05-21,Laptop Pro,6,6494.58,33,Electronics,East
2024-05-21,Designer Jeans,5,405.88,114,Apparel,North
2024-05-21,Designer Jeans,5,447.98,97,Apparel,South
2024-05-21,Winter Jacket,6,1042.94,59,Apparel,North
2024-05-21,Protein Powder,4,151.14,153,Health,South
2024-05-21,Ergonomic Chair,7,1760.96,51,Furniture,East
2024-05-22,Yoga Mat,2,70.1,69,Health,East
2024-05-22,Ergonomic Chair,9,2464.57,49,Furniture,East
2024-05-22,Running Shoes,12,1451.5,86,Apparel,West
2024-05-22,Ergonomic Chair,5,1185.61,42,Furniture,North
2024-05-22,Multivitamins,5,118.52,203,Health,South
2024-05-22,Ergonomic Chair,7,1839.78,48,Furniture,East
2024-05-22,Winter Jacket,2,327.03,58,Apparel,East
2024-05-22,Designer Jeans,5,432.02,119,Apparel,South
2024-05-22,Coffee Table,7,1322.7,19,Furniture,North
2024-05-22,Ergonomic Chair,3,780.02,29,Furniture,North
2024-05-22,Designer Jeans,9,843.65,94,Apparel,Central
2024-05-22,Laptop Pro,3,3866.24,53,Electronics,West
2024-05-22,Coffee Table,3,519.27,18,Furniture,West
2024-05-22,Protein Powder,7,297.26,157,Health,East
2024-05-22,Wireless Earbuds,6,966.71,105,Electronics,West
2024-05-22,Wireless Earbuds,5,712.21,114,Electronics,East
2024-05-22,Wireless Earbuds,3,474.4,123,Electronics,South
2024-05-22,SmartPhone X,8,6032.61,68,Electronics,Central
2024-05-22,Designer Jeans,2,186.14,96,Apparel,East
2024-05-22,Ergonomic Chair,8,2137.73,51,Furniture,South
2024-05-22,Running Shoes,16,2047.62,96,Apparel,Central
2024-05-22,Designer Jeans,5,474.33,107,Apparel,North
2024-05-22,Office Desk,1,328.97,20,Furniture,East
2024-05-22,Yoga Mat,4,149.0,54,Health,North
2024-05-22,Designer Jeans,4,384.09,104,Apparel,North
2024-05-22,Protein Powder,5,212.62,158,Health,North
2024-05-23,Protein Powder,5,208.35,159,Health,East
2024-05-23,Wireless Earbuds,3,412.99,109,Electronics,West
2024-05-23,Coffee Table,6,1158.58,19,Furniture,North
2024-05-23,Designer Jeans,6,575.81,107,Apparel,South
2024-05-23,Winter Jacket,7,1117.03,48,Apparel,Central
2024-05-23,Multivitamins,1,25.87,207,Health,South
2024-05-23,Designer Jeans,9,823.76,120,Apparel,East
2024-05-23,Ergonomic Chair,3,730.87,36,Furniture,East
2024-05-23,Laptop Pro,8,9751.82,58,Electronics,West
2024-05-23,Running Shoes,6,687.3,73,Apparel,South
2024-05-23,Running Shoes,8,931.89,92,Apparel,North
2024-05-23,Yoga Mat,7,247.11,67,Health,East
2024-05-23,Wireless Earbuds,2,314.65,97,Electronics,South
2024-05-23,Laptop Pro,8,9526.28,35,Electronics,North
2024-05-23,Ergonomic Chair,5,1330.23,55,Furniture,Central
2024-05-23,Office Desk,1,338.98,35,Furniture,North
2024-05-23,Yoga Mat,6,217.72,67,Health,North
2024-05-23,Office Desk,8,2723.31,23,Furniture,North
2024-05-23,Winter Jacket,1,151.75,58,Apparel,North
2024-05-23,Laptop Pro,4,4920.38,39,Electronics,North
2024-05-23,Protein Powder,8,309.49,152,Health,Central
2024-05-23,Wireless Earbuds,5,792.39,109,Electronics,Central
2024-05-23,Winter Jacket,4,646.81,67,Apparel,South
2024-05-23,Protein Powder,8,303.6,149,Health,North
2024-05-23,Laptop Pro,8,9575.72,32,Electronics,Central
2024-05-23,Coffee Table,2,331.46,14,Furniture,Central
2024-05-23,SmartPhone X,2,1624.81,70,Electronics,West
2024-05-23,Office Desk,6,1988.63,29,Furniture,Central
2024-05-24,Ergonomic Chair,6,1454.71,51,Furniture,East
2024-05-24,Multivitamins,6,160.61,222,Health,West
2024-05-24,Designer Jeans,8,766.96,113,Apparel,West
2024-05-24,Coffee Table,5,810.41,35,Furniture,North
2024-05-24,Designer Jeans,6,541.57,123,Apparel,East
2024-05-24,Protein Powder,1,37.83,150,Health,Central
2024-05-24,Office Desk,6,1974.68,40,Furniture,North
2024-05-24,Office Desk,7,2277.71,25,Furniture,East
2024-05-24,Winter Jacket,9,1308.6,52,Apparel,East
2024-05-24,Protein Powder,7,264.87,157,Health,West
2024-05-24,SmartPhone X,9,7332.69,75,Electronics,Central
2024-05-24,Coffee Table,3,556.35,21,Furniture,East
2024-05-24,Wireless Earbuds,8,1222.79,106,Electronics,Central
2024-05-24,Yoga Mat,8,265.54,57,Health,West
2024-05-24,Coffee Table,9,1496.58,15,Furniture,Central
2024-05-24,Protein Powder,8,339.09,162,Health,North
2024-05-24,Ergonomic Chair,2,462.74,35,Furniture,West
2024-05-24,Multivitamins,9,237.11,207,Health,East
2024-05-24,Protein Powder,9,342.29,151,Health,East
2024-05-24,Laptop Pro,7,8541.98,41,Electronics,East
2024-05-24,Ergonomic Chair,1,252.45,49,Furniture,East
2024-05-24,Winter Jacket,3,444.86,69,Apparel,East
2024-05-24,SmartPhone X,8,6657.59,73,Electronics,West
2024-05-24,Designer Jeans,7,572.27,119,Apparel,North
2024-05-24,Winter Jacket,8,1292.77,54,Apparel,West
2024-05-24,SmartPhone X,8,6404.55,55,Electronics,Central
2024-05-25,Coffee Table,9,1638.42,30,Furniture,East
2024-05-25,Ergonomic Chair,9,2405.04,48,Furniture,North
2024-05-25,Protein Powder,9,383.69,171,Health,South
2024-05-25,Coffee Table,8,1489.37,15,Furniture,East
2024-05-25,Wireless Earbuds,6,858.94,95,Electronics,North
2024-05-25,Running Shoes,18,2224.19,96,Apparel,East
2024-05-25,Office Desk,9,3446.67,27,Furniture,West
2024-05-25,Wireless Earbuds,3,487.01,100,Electronics,West
2024-05-25,Laptop Pro,4,4742.48,43,Electronics,East
2024-05-25,Yoga Mat,4,149.05,80,Health,Central
2024-05-25,Designer Jeans,1,87.85,120,Apparel,South
2024-05-25,Designer Jeans,5,476.54,120,Apparel,South
2024-05-25,Running Shoes,18,2215.21,84,Apparel,North
2024-05-25,Office Desk,9,3079.57,28,Furniture,West
2024-05-25,Ergonomic Chair,7,1629.33,53,Furniture,East
2024-05-25,Yoga Mat,9,299.49,52,Health,Central
2024-05-26,Running Shoes,16,1875.13,81,Apparel,East
2024-05-26,Winter Jacket,4,584.35,63,Apparel,South
2024-05-26,Coffee Table,9,1620.79,33,Furniture,Central
2024-05-26,Wireless Earbuds,5,759.51,110,Electronics,North
2024-05-26,Laptop Pro,6,7203.46,47,Electronics,South
2024-05-26,Multivitamins,6,156.38,213,Health,Central
2024-05-26,Ergonomic Chair,5,1328.28,35,Furniture,West
2024-05-26,Winter Jacket,3,452.64,57,Apparel,South
2024-05-26,Multivitamins,8,193.1,202,Health,West
2024-05-26,Yoga Mat,5,164.21,62,Health,South
2024-05-26,Wireless Earbuds,2,281.8,119,Electronics,North
2024-05-26,Office Desk,1,357.29,27,Furniture,South
2024-05-26,Designer Jeans,4,360.2,118,Apparel,East
2024-05-26,Designer Jeans,5,441.89,94,Apparel,East
2024-05-27,Multivitamins,2,45.78,206,Health,North
2024-05-27,Coffee Table,7,1209.41,14,Furniture,East
2024-05-27,SmartPhone X,1,742.12,69,Electronics,North
2024-05-27,Winter Jacket,6,951.88,50,Apparel,Central
2024-05-27,Laptop Pro,8,8785.64,58,Electronics,Central
2024-05-27,Coffee Table,5,935.17,10,Furniture,North
2024-05-27,Wireless Earbuds,4,633.8,102,Electronics,South
2024-05-27,Protein Powder,3,123.14,172,Health,North
2024-05-27,Yoga Mat,3,111.21,72,Health,West
2024-05-27,Office Desk,7,2310.19,28,Furniture,Central
2024-05-27,Multivitamins,7,173.3,203,Health,North
2024-05-27,Laptop Pro,7,8435.74,60,Electronics,Central
2024-05-27,Designer Jeans,6,564.33,99,Apparel,West
2024-05-27,Winter Jacket,6,885.57,47,Apparel,West
2024-05-27,Coffee Table,8,1393.02,37,Furniture,Central
2024-05-27,SmartPhone X,4,3222.83,54,Electronics,West
2024-05-28,Laptop Pro,3,3849.18,50,Electronics,West
2024-05-28,Running Shoes,10,1308.72,85,Apparel,East
2024-05-28,SmartPhone X,2,1692.12,81,Electronics,East
2024-05-28,Winter Jacket,7,1104.41,48,Apparel,West
2024-05-28,Wireless Earbuds,1,147.89,116,Electronics,Central
2024-05-28,Laptop Pro,5,5734.38,59,Electronics,East
2024-05-28,Protein Powder,2,86.5,169,Health,Central
2024-05-28,Multivitamins,8,193.73,202,Health,South
2024-05-28,Designer Jeans,5,423.24,95,Apparel,West
2024-05-28,Ergonomic Chair,4,1097.13,48,Furniture,South
2024-05-28,SmartPhone X,7,5433.7,55,Electronics,North
2024-05-28,Multivitamins,3,81.92,214,Health,East
2024-05-28,Wireless Earbuds,6,937.3,97,Electronics,East
2024-05-28,Ergonomic Chair,8,2025.36,35,Furniture,East
2024-05-28,Office Desk,1,375.95,17,Furniture,Central
2024-05-28,Laptop Pro,5,6044.78,47,Electronics,South
2024-05-28,Office Desk,2,754.61,27,Furniture,Central
2024-05-28,Designer Jeans,3,292.79,105,Apparel,North
2024-05-28,Office Desk,3,1049.34,38,Furniture,West
2024-05-28,Yoga Mat,9,291.73,81,Health,East
2024-05-28,Laptop Pro,9,9778.1,53,Electronics,West
2024-05-28,Coffee Table,8,1527.99,37,Furniture,North
2024-05-28,Ergonomic Chair,3,784.81,54,Furniture,North
2024-05-29,Coffee Table,6,1097.81,22,Furniture,North
2024-05-29,Running Shoes,6,649.4,92,Apparel,Central
2024-05-29,Laptop Pro,5,5969.88,31,Electronics,North
2024-05-29,Ergonomic Chair,5,1354.39,50,Furniture,West
2024-05-29,Office Desk,7,2260.59,18,Furniture,Central
2024-05-29,Multivitamins,3,70.11,211,Health,South
2024-05-29,Multivitamins,7,188.18,201,Health,North
2024-05-29,Running Shoes,10,1216.15,95,Apparel,East
2024-05-29,Ergonomic Chair,3,807.62,51,Furniture,South
2024-05-29,Yoga Mat,5,167.42,55,Health,Central
2024-05-29,SmartPhone X,4,2973.69,65,Electronics,East
2024-05-29,Yoga Mat,1,35.7,73,Health,West
2024-05-29,Winter Jacket,9,1569.96,45,Apparel,East
2024-05-29,Coffee Table,4,741.82,39,Furniture,East
2024-05-29,Protein Powder,6,231.31,172,Health,South
2024-05-29,Protein Powder,9,384.95,155,Health,West
2024-05-29,Winter Jacket,2,289.32,64,Apparel,East
2024-05-29,Designer Jeans,9,815.58,116,Apparel,North
2024-05-29,Wireless Earbuds,7,1036.93,120,Electronics,North
2024-05-29,Laptop Pro,9,11286.34,43,Electronics,Central
2024-05-29,Coffee Table,3,534.71,24,Furniture,Central
2024-05-29,Running Shoes,14,1601.63,75,Apparel,North
2024-05-29,Yoga Mat,5,191.0,52,Health,Central
2024-05-29,Running Shoes,16,2083.73,77,Apparel,North
2024-05-29,Wireless Earbuds,6,851.24,115,Electronics,East
2024-05-29,Ergonomic Chair,2,452.53,50,Furniture,South
2024-05-29,SmartPhone X,5,3808.07,78,Electronics,North
2024-05-29,Laptop Pro,6,7308.11,44,Electronics,Central
2024-05-29,Multivitamins,8,212.32,223,Health,South
2024-05-30,Ergonomic Chair,4,1068.72,48,Furniture,Central
2024-05-30,Yoga Mat,4,139.51,64,Health,North
2024-05-30,Running Shoes,16,1987.53,93,Apparel,West
2024-05-30,Yoga Mat,9,305.97,68,Health,East
2024-05-30,Yoga Mat,9,314.52,52,Health,North
2024-05-30,Winter Jacket,7,1051.19,49,Apparel,West
2024-05-30,Ergonomic Chair,4,904.84,37,Furniture,West
2024-05-30,Coffee Table,9,1719.39,36,Furniture,East
2024-05-30,Office Desk,9,3307.19,28,Furniture,South
2024-05-30,Ergonomic Chair,5,1195.66,46,Furniture,Central
2024-05-30,Ergonomic Chair,1,233.09,34,Furniture,East
2024-05-30,Running Shoes,14,1838.49,70,Apparel,South
2024-05-30,SmartPhone X,4,3008.41,56,Electronics,South
2024-05-30,Designer Jeans,7,598.79,98,Apparel,East
2024-05-30,Office Desk,4,1446.92,32,Furniture,West
2024-05-30,Designer Jeans,9,781.09,102,Apparel,East
2024-05-30,Running Shoes,4,522.79,93,Apparel,West
2024-05-30,Office Desk,7,2355.68,34,Furniture,West
2024-05-31,Office Desk,2,738.46,38,Furniture,North
2024-05-31,Office Desk,9,3148.38,37,Furniture,East
2024-05-31,Ergonomic Chair,8,1904.42,30,Furniture,North
2024-05-31,Yoga Mat,3,114.32,69,Health,South
2024-05-31,SmartPhone X,2,1643.28,60,Electronics,South
2024-05-31,Winter Jacket,7,1037.7,53,Apparel,North
2024-05-31,Ergonomic Chair,2,528.02,53,Furniture,South
2024-05-31,Protein Powder,6,263.87,153,Health,Central
2024-05-31,Protein Powder,1,39.01,168,Health,North
2024-05-31,Wireless Earbuds,8,1135.34,96,Electronics,Central
2024-05-31,Yoga Mat,6,221.67,55,Health,Central
2024-05-31,Ergonomic Chair,2,482.36,30,Furniture,East
2024-05-31,Laptop Pro,7,7993.58,33,Electronics,Central
2024-05-31,SmartPhone X,4,3486.23,64,Electronics,West
2024-05-31,Office Desk,8,2825.65,38,Furniture,South
2024-05-31,Designer Jeans,9,790.51,97,Apparel,Central
2024-05-31,Ergonomic Chair,9,2184.06,45,Furniture,South
2024-05-31,Wireless Earbuds,6,953.16,93,Electronics,Central
2024-05-31,Office Desk,9,2954.33,29,Furniture,West
2024-05-31,Laptop Pro,1,1311.5,57,Electronics,Central
2024-05-31,Multivitamins,2,47.11,212,Health,Central
2024-05-31,Coffee Table,2,357.85,17,Furniture,North
2024-06-01,Coffee Table,6,1131.9,28,Furniture,North
2024-06-01,Multivitamins,6,141.16,201,Health,North
2024-06-01,Designer Jeans,6,562.17,114,Apparel,South
2024-06-01,Running Shoes,5,573.9,75,Apparel,East
2024-06-01,Coffee Table,6,1138.53,21,Furniture,South
2024-06-01,Yoga Mat,4,132.37,76,Health,West
2024-06-01,Ergonomic Chair,1,266.4,29,Furniture,Central
2024-06-01,Wireless Earbuds,9,1284.51,105,Electronics,West
2024-06-01,Coffee Table,8,1356.22,37,Furniture,West
2024-06-01,Yoga Mat,8,283.42,51,Health,Central
2024-06-01,Protein Powder,8,302.06,155,Health,South
2024-06-01,Ergonomic Chair,3,698.86,54,Furniture,West
2024-06-01,Laptop Pro,8,10311.6,51,Electronics,North
2024-06-01,Multivitamins,5,130.61,204,Health,East
2024-06-01,Yoga Mat,6,194.71,66,Health,East
2024-06-02,Laptop Pro,2,2333.26,55,Electronics,South
2024-06-02,Designer Jeans,7,666.65,118,Apparel,East
2024-06-02,Yoga Mat,9,342.5,72,Health,South
2024-06-02,Coffee Table,8,1542.76,18,Furniture,East
2024-06-02,Ergonomic Chair,3,696.51,42,Furniture,West
2024-06-02,Yoga Mat,7,248.2,66,Health,South
2024-06-02,Office Desk,4,1273.22,27,Furniture,South
2024-06-02,Running Shoes,8,945.24,95,Apparel,South
2024-06-02,Multivitamins,8,209.84,218,Health,East
2024-06-02,Multivitamins,1,27.29,207,Health,South
2024-06-02,Office Desk,1,380.95,36,Furniture,Central
2024-06-02,Winter Jacket,5,827.19,47,Apparel,South
2024-06-03,Multivitamins,1,24.4,213,Health,North
2024-06-03,Designer Jeans,8,685.36,106,Apparel,West
2024-06-03,Multivitamins,3,77.67,200,Health,West
2024-06-03,Winter Jacket,3,465.05,41,Apparel,East
2024-06-03,Running Shoes,6,783.02,77,Apparel,North
2024-06-03,Laptop Pro,9,9896.92,57,Electronics,South
2024-06-03,SmartPhone X,8,6591.28,71,Electronics,West
2024-06-03,Protein Powder,6,250.22,151,Health,South
2024-06-03,Laptop Pro,8,9184.47,37,Electronics,North
2024-06-03,Protein Powder,8,312.3,166,Health,East
2024-06-03,Coffee Table,7,1382.27,37,Furniture,Central
2024-06-03,Office Desk,2,720.26,20,Furniture,East
2024-06-03,Ergonomic Chair,3,801.06,48,Furniture,South
2024-06-03,Protein Powder,7,293.89,156,Health,North
2024-06-03,Protein Powder,1,43.89,146,Health,North
2024-06-03,Yoga Mat,3,112.74,73,Health,North
2024-06-03,Wireless Earbuds,5,733.58,113,Electronics,West
2024-06-04,Running Shoes,4,471.78,94,Apparel,East
2024-06-04,Ergonomic Chair,5,1214.01,27,Furniture,South
2024-06-04,Protein Powder,3,131.91,162,Health,North
2024-06-04,Designer Jeans,2,189.29,115,Apparel,Central
2024-06-04,SmartPhone X,5,4057.9,77,Electronics,South
2024-06-04,Designer Jeans,4,348.63,120,Apparel,West
2024-06-04,Laptop Pro,4,4812.87,45,Electronics,Central
2024-06-04,SmartPhone X,6,4375.71,72,Electronics,Central
2024-06-04,Wireless Earbuds,2,312.43,101,Electronics,East
2024-06-04,Office Desk,9,3163.02,42,Furniture,North
2024-06-04,Multivitamins,7,158.67,195,Health,Central
2024-06-04,Laptop Pro,9,11022.83,49,Electronics,East
2024-06-04,SmartPhone X,1,786.64,80,Electronics,West
2024-06-04,Multivitamins,2,50.66,206,Health,North
2024-06-04,Ergonomic Chair,4,1080.4,27,Furniture,West
2024-06-04,SmartPhone X,6,5179.58,56,Electronics,East
2024-06-04,Winter Jacket,6,1043.33,48,Apparel,West
2024-06-04,Multivitamins,9,204.3,217,Health,South
2024-06-04,Designer Jeans,5,436.4,101,Apparel,West
2024-06-04,Designer Jeans,3,264.72,101,Apparel,North
2024-06-04,Laptop Pro,2,2388.71,34,Electronics,South
2024-06-04,Ergonomic Chair,5,1314.21,53,Furniture,North
2024-06-04,Designer Jeans,5,428.03,95,Apparel,East
2024-06-04,Coffee Table,5,810.13,33,Furniture,West
2024-06-04,Winter Jacket,2,311.96,46,Apparel,East
2024-06-04,Laptop Pro,4,4543.68,32,Electronics,South
2024-06-05,Yoga Mat,8,279.84,54,Health,South
2024-06-05,Office Desk,6,1967.71,25,Furniture,South
2024-06-05,Yoga Mat,2,75.55,77,Health,West
2024-06-05,Winter Jacket,9,1522.67,53,Apparel,West
2024-06-05,Wireless Earbuds,6,898.53,109,Electronics,West
2024-06-05,Running Shoes,5,631.2,85,Apparel,East
2024-06-05,Yoga Mat,3,108.0,51,Health,East
2024-06-05,Laptop Pro,1,1115.52,31,Electronics,West
2024-06-05,Laptop Pro,5,5633.55,38,Electronics,Central
2024-06-05,Office Desk,3,1009.33,34,Furniture,West
2024-06-05,Designer Jeans,9,761.29,119,Apparel,South
2024-06-05,Running Shoes,5,608.59,89,Apparel,Central
2024-06-05,SmartPhone X,4,3083.86,70,Electronics,Central
2024-06-05,Yoga Mat,2,71.61,80,Health,South
2024-06-05,Designer Jeans,8,746.13,92,Apparel,West
2024-06-05,Laptop Pro,3,3328.82,40,Electronics,East
2024-06-05,Designer Jeans,8,712.07,112,Apparel,Central
2024-06-05,Running Shoes,9,998.44,82,Apparel,East
2024-06-05,Office Desk,3,975.36,24,Furniture,North
2024-06-05,Laptop Pro,1,1119.25,42,Electronics,Central
2024-06-05,Ergonomic Chair,4,932.87,29,Furniture,Central
2024-06-06,Ergonomic Chair,6,1573.44,51,Furniture,Central
2024-06-06,Protein Powder,4,165.61,149,Health,East
2024-06-06,Coffee Table,7,1327.38,27,Furniture,West
2024-06-06,Multivitamins,6,141.04,201,Health,East
2024-06-06,Wireless Earbuds,1,163.74,110,Electronics,South
2024-06-06,Yoga Mat,6,205.38,80,Health,North
2024-06-06,Winter Jacket,6,964.83,46,Apparel,North
2024-06-06,SmartPhone X,1,723.3,73,Electronics,West
2024-06-06,Wireless Earbuds,8,1243.36,100,Electronics,Central
2024-06-06,Ergonomic Chair,1,269.27,35,Furniture,North
2024-06-06,Protein Powder,3,122.54,153,Health,North
2024-06-06,Designer Jeans,5,414.15,95,Apparel,South
2024-06-06,Winter Jacket,8,1326.86,43,Apparel,West
2024-06-06,Winter Jacket,1,145.39,59,Apparel,South
2024-06-06,Multivitamins,2,48.93,197,Health,East
2024-06-06,SmartPhone X,2,1441.92,61,Electronics,East
2024-06-06,Designer Jeans,9,870.65,108,Apparel,North
2024-06-06,Winter Jacket,2,323.38,66,Apparel,Central
2024-06-06,Coffee Table,7,1210.68,22,Furniture,South
2024-06-06,Yoga Mat,9,305.79,65,Health,East
2024-06-06,Office Desk,6,2068.58,36,Furniture,Central
2024-06-06,Coffee Table,7,1286.32,18,Furniture,North
2024-06-06,Winter Jacket,3,510.03,69,Apparel,Central
2024-06-07,Ergonomic Chair,7,1686.76,30,Furniture,West
2024-06-07,SmartPhone X,7,6016.62,78,Electronics,South
2024-06-07,Coffee Table,1,175.24,37,Furniture,West
2024-06-07,Laptop Pro,2,2449.68,46,Electronics,West
2024-06-07,Winter Jacket,2,308.83,62,Apparel,Central
2024-06-07,Office Desk,7,2258.1,18,Furniture,East
2024-06-07,Designer Jeans,2,164.36,107,Apparel,East
2024-06-07,Yoga Mat,2,76.97,70,Health,South
2024-06-07,Laptop Pro,7,8939.67,42,Electronics,West
2024-06-07,Laptop Pro,2,2427.94,53,Electronics,East
2024-06-07,Multivitamins,1,23.07,207,Health,Central
2024-06-07,Office Desk,6,2061.1,28,Furniture,North
2024-06-07,Laptop Pro,9,11281.46,48,Electronics,Central
2024-06-07,Ergonomic Chair,7,1628.34,45,Furniture,East
2024-06-07,Protein Powder,1,36.17,153,Health,West
2024-06-07,Protein Powder,4,174.39,168,Health,West
2024-06-07,Multivitamins,9,235.22,200,Health,South
2024-06-07,Ergonomic Chair,3,813.08,35,Furniture,Central
2024-06-07,Office Desk,9,3326.04,42,Furniture,Central
2024-06-07,Protein Powder,7,266.44,152,Health,North
2024-06-07,Multivitamins,5,124.46,207,Health,East
2024-06-07,Ergonomic Chair,5,1199.35,45,Furniture,East
2024-06-07,Wireless Earbuds,2,276.48,111,Electronics,East
2024-06-07,Laptop Pro,6,7680.6,31,Electronics,East
2024-06-07,Wireless Earbuds,6,895.45,92,Electronics,North
2024-06-08,SmartPhone X,7,5659.71,51,Electronics,West
2024-06-08,Coffee Table,1,188.67,21,Furniture,West
2024-06-08,Winter Jacket,6,961.98,60,Apparel,North
2024-06-08,SmartPhone X,8,6403.47,69,Electronics,Central
2024-06-08,Coffee Table,7,1361.74,10,Furniture,West
2024-06-08,Running Shoes,8,922.88,73,Apparel,South
2024-06-08,Running Shoes,8,948.29,89,Apparel,East
2024-06-08,Protein Powder,7,260.7,145,Health,West
2024-06-08,Running Shoes,7,848.42,77,Apparel,West
2024-06-08,Multivitamins,2,52.5,195,Health,West
2024-06-08,Wireless Earbuds,7,964.56,109,Electronics,East
2024-06-08,Protein Powder,4,172.01,147,Health,East
2024-06-08,Protein Powder,1,40.14,169,Health,North
2024-06-09,Protein Powder,6,228.24,160,Health,North
2024-06-09,Office Desk,2,671.56,24,Furniture,West
2024-06-09,Office Desk,6,1962.84,15,Furniture,West
2024-06-09,SmartPhone X,9,7152.31,69,Electronics,South
2024-06-09,Wireless Earbuds,2,302.14,101,Electronics,Central
2024-06-09,Yoga Mat,5,181.52,52,Health,Central
2024-06-09,Running Shoes,8,911.77,92,Apparel,East
2024-06-09,SmartPhone X,5,4281.97,76,Electronics,East
2024-06-09,Wireless Earbuds,5,823.58,106,Electronics,South
2024-06-09,Multivitamins,2,47.87,207,Health,East
2024-06-09,Multivitamins,8,180.81,212,Health,West
2024-06-09,Coffee Table,2,350.88,38,Furniture,West
2024-06-09,Ergonomic Chair,9,2264.36,49,Furniture,East
2024-06-09,Ergonomic Chair,7,1671.56,52,Furniture,South
2024-06-09,Coffee Table,3,593.88,36,Furniture,Central
2024-06-09,Yoga Mat,3,94.84,71,Health,Central
2024-06-09,SmartPhone X,8,6562.77,60,Electronics,East
2024-06-10,Yoga Mat,3,102.73,73,Health,West
2024-06-10,Multivitamins,3,81.33,205,Health,Central
2024-06-10,Winter Jacket,5,828.73,69,Apparel,West
2024-06-10,Coffee Table,3,532.33,36,Furniture,North
2024-06-10,Office Desk,2,751.56,44,Furniture,Central
2024-06-10,Ergonomic Chair,8,2116.29,38,Furniture,West
2024-06-10,Ergonomic Chair,7,1671.51,28,Furniture,North
2024-06-10,Running Shoes,3,341.08,70,Apparel,North
2024-06-10,Designer Jeans,1,90.58,103,Apparel,South
2024-06-10,Ergonomic Chair,3,702.21,29,Furniture,Central
2024-06-10,Ergonomic Chair,5,1288.83,36,Furniture,South
2024-06-10,Ergonomic Chair,8,1983.37,47,Furniture,South
2024-06-10,Multivitamins,5,123.92,210,Health,Central
2024-06-10,Coffee Table,8,1483.84,27,Furniture,North
2024-06-10,Laptop Pro,3,3684.4,55,Electronics,North
2024-06-10,Coffee Table,5,971.54,10,Furniture,West
2024-06-10,Designer Jeans,3,261.84,118,Apparel,Central
2024-06-10,Protein Powder,1,36.77,144,Health,Central
2024-06-10,Winter Jacket,9,1348.19,69,Apparel,Central
2024-06-10,Office Desk,6,2030.71,28,Furniture,West
2024-06-10,Multivitamins,2,54.2,217,Health,West
2024-06-10,Coffee Table,8,1490.16,39,Furniture,North
2024-06-10,Designer Jeans,3,259.7,108,Apparel,North
2024-06-10,SmartPhone X,7,5704.53,61,Electronics,West
2024-06-10,Running Shoes,6,767.02,71,Apparel,Central
2024-06-10,Coffee Table,8,1321.81,25,Furniture,South
2024-06-10,SmartPhone X,2,1563.95,67,Electronics,West
2024-06-11,Running Shoes,1,118.79,88,Apparel,Central
2024-06-11,Winter Jacket,2,333.79,50,Apparel,South
2024-06-11,Wireless Earbuds,7,952.33,109,Electronics,West
2024-06-11,Designer Jeans,6,530.34,111,Apparel,East
2024-06-11,Multivitamins,4,97.45,219,Health,West
2024-06-11,Office Desk,9,3259.55,40,Furniture,South
2024-06-11,Running Shoes,9,1158.11,81,Apparel,Central
2024-06-11,Designer Jeans,8,691.35,113,Apparel,South
2024-06-11,Laptop Pro,7,8941.79,57,Electronics,North
2024-06-11,Multivitamins,7,187.8,214,Health,North
2024-06-11,Office Desk,3,1126.7,19,Furniture,Central
2024-06-11,Yoga Mat,8,299.42,71,Health,South
2024-06-11,SmartPhone X,7,5734.15,64,Electronics,Central
2024-06-11,Office Desk,5,1822.34,44,Furniture,West
2024-06-11,Yoga Mat,4,135.63,58,Health,Central
2024-06-11,Coffee Table,6,1051.74,21,Furniture,Central
2024-06-11,Winter Jacket,4,594.9,46,Apparel,West
2024-06-11,Protein Powder,5,215.43,163,Health,West
2024-06-11,Designer Jeans,3,290.57,99,Apparel,East
2024-06-11,Coffee Table,2,343.58,19,Furniture,South
2024-06-11,Yoga Mat,2,68.52,52,Health,North
2024-06-11,SmartPhone X,3,2574.5,69,Electronics,South
2024-06-11,Ergonomic Chair,6,1508.87,49,Furniture,West
2024-06-11,Protein Powder,2,84.63,154,Health,Central
2024-06-12,Laptop Pro,2,2265.74,51,Electronics,Central
2024-06-12,Laptop Pro,4,5178.35,48,Electronics,South
2024-06-12,Office Desk,8,2628.98,25,Furniture,East
2024-06-12,Wireless Earbuds,1,151.32,111,Electronics,West
2024-06-12,Running Shoes,1,117.4,74,Apparel,Central
2024-06-12,Designer Jeans,6,583.02,115,Apparel,South
2024-06-12,Yoga Mat,3,101.27,67,Health,East
2024-06-12,SmartPhone X,5,4354.89,63,Electronics,North
2024-06-12,Running Shoes,7,916.12,66,Apparel,North
2024-06-12,Designer Jeans,2,193.59,102,Apparel,East
2024-06-12,Yoga Mat,9,299.49,56,Health,East
2024-06-12,Running Shoes,9,990.29,88,Apparel,West
2024-06-12,Running Shoes,9,1147.66,71,Apparel,West
2024-06-12,Office Desk,3,1082.15,35,Furniture,West
2024-06-12,Ergonomic Chair,2,462.43,27,Furniture,North
2024-06-12,Running Shoes,7,827.01,85,Apparel,West
2024-06-12,Winter Jacket,4,687.76,67,Apparel,East
2024-06-12,SmartPhone X,6,4859.24,60,Electronics,North
2024-06-12,Winter Jacket,6,1052.35,68,Apparel,North
2024-06-12,Winter Jacket,2,337.24,53,Apparel,Central
2024-06-12,Wireless Earbuds,4,603.66,103,Electronics,Central
2024-06-12,Designer Jeans,3,290.87,104,Apparel,South
2024-06-12,Protein Powder,8,292.38,144,Health,West
2024-06-12,Ergonomic Chair,5,1291.01,47,Furniture,West
2024-06-12,Laptop Pro,6,6930.8,33,Electronics,South
2024-06-12,Wireless Earbuds,1,164.6,112,Electronics,North
2024-06-12,Designer Jeans,4,362.26,101,Apparel,North
2024-06-12,Office Desk,7,2211.61,15,Furniture,West
2024-06-12,Designer Jeans,9,791.62,115,Apparel,East
2024-06-13,Laptop Pro,4,4459.84,34,Electronics,East
2024-06-13,Ergonomic Chair,5,1231.59,43,Furniture,East
2024-06-13,Protein Powder,5,181.27,161,Health,North
2024-06-13,Designer Jeans,7,603.85,104,Apparel,North
2024-06-13,Multivitamins,8,187.32,195,Health,South
2024-06-13,Laptop Pro,4,4502.42,34,Electronics,West
2024-06-13,Winter Jacket,8,1405.75,55,Apparel,North
2024-06-13,Laptop Pro,7,8556.42,51,Electronics,West
2024-06-13,Running Shoes,9,1187.65,84,Apparel,North
2024-06-13,Office Desk,6,2066.45,44,Furniture,Central
2024-06-13,SmartPhone X,1,757.47,57,Electronics,North
2024-06-13,Laptop Pro,6,7573.66,38,Electronics,Central
2024-06-13,Multivitamins,3,80.05,211,Health,North
2024-06-13,Ergonomic Chair,1,274.58,50,Furniture,North
2024-06-13,SmartPhone X,4,3120.48,55,Electronics,North
2024-06-14,Designer Jeans,5,491.96,102,Apparel,East
2024-06-14,Running Shoes,8,1043.75,77,Apparel,Central
2024-06-14,Multivitamins,2,53.31,209,Health,South
2024-06-14,Ergonomic Chair,6,1608.39,31,Furniture,West
2024-06-14,Yoga Mat,7,268.65,65,Health,Central
2024-06-14,Running Shoes,1,125.62,80,Apparel,North
2024-06-14,Coffee Table,3,536.32,24,Furniture,East
2024-06-14,Laptop Pro,9,10638.82,49,Electronics,South
2024-06-14,Wireless Earbuds,5,701.27,102,Electronics,South
2024-06-14,Laptop Pro,1,1142.72,33,Electronics,North
2024-06-14,Ergonomic Chair,1,256.53,47,Furniture,South
2024-06-14,Multivitamins,7,159.19,211,Health,West
2024-06-14,Designer Jeans,7,658.17,102,Apparel,Central
2024-06-14,SmartPhone X,4,3116.37,59,Electronics,South
2024-06-14,Multivitamins,2,54.18,195,Health,North
2024-06-14,Running Shoes,4,486.08,91,Apparel,South
2024-06-14,Running Shoes,2,259.87,80,Apparel,Central
2024-06-14,SmartPhone X,5,3839.27,64,Electronics,Central
2024-06-14,Running Shoes,1,124.31,91,Apparel,South
2024-06-14,Office Desk,4,1507.38,44,Furniture,West
2024-06-14,Yoga Mat,7,222.71,68,Health,Central
2024-06-14,Running Shoes,7,761.98,81,Apparel,East
2024-06-14,Coffee Table,4,755.58,38,Furniture,North
2024-06-14,Designer Jeans,6,512.48,106,Apparel,North
2024-06-14,Yoga Mat,5,173.55,52,Health,Central
2024-06-14,SmartPhone X,6,4535.21,57,Electronics,Central
2024-06-15,Designer Jeans,2,196.27,99,Apparel,North
2024-06-15,Wireless Earbuds,8,1094.54,108,Electronics,Central
2024-06-15,Multivitamins,2,49.91,209,Health,North
2024-06-15,SmartPhone X,1,785.75,65,Electronics,East
2024-06-15,Protein Powder,8,325.09,142,Health,West
2024-06-15,Winter Jacket,4,583.94,62,Apparel,Central
2024-06-15,Wireless Earbuds,2,292.71,99,Electronics,Central
2024-06-15,Laptop Pro,1,1133.68,44,Electronics,Central
2024-06-15,Designer Jeans,8,789.24,111,Apparel,North
2024-06-15,Protein Powder,2,85.21,160,Health,North
2024-06-15,Office Desk,5,1895.3,24,Furniture,North
2024-06-15,SmartPhone X,7,5070.19,51,Electronics,East
2024-06-15,Running Shoes,8,894.1,93,Apparel,South
2024-06-16,Winter Jacket,7,1177.65,49,Apparel,North
2024-06-16,Ergonomic Chair,9,2300.45,54,Furniture,West
2024-06-16,Ergonomic Chair,3,754.06,37,Furniture,Central
2024-06-16,Protein Powder,3,119.12,149,Health,Central
2024-06-16,Ergonomic Chair,8,1836.49,31,Furniture,West
2024-06-16,Office Desk,8,2805.47,32,Furniture,East
2024-06-16,SmartPhone X,1,829.17,67,Electronics,North
2024-06-16,SmartPhone X,3,2463.62,77,Electronics,North
2024-06-16,Coffee Table,6,1025.69,34,Furniture,East
2024-06-16,Winter Jacket,4,689.6,44,Apparel,West
2024-06-16,Wireless Earbuds,5,702.3,110,Electronics,Central
2024-06-17,Wireless Earbuds,5,685.58,90,Electronics,East
2024-06-17,Designer Jeans,5,493.11,96,Apparel,North
2024-06-17,Laptop Pro,7,8657.19,53,Electronics,Central
2024-06-17,Yoga Mat,7,223.28,57,Health,South
2024-06-17,Protein Powder,8,348.9,165,Health,Central
2024-06-17,Laptop Pro,4,5171.71,35,Electronics,Central
2024-06-17,Laptop Pro,2,2629.16,43,Electronics,North
2024-06-17,Running Shoes,1,118.54,93,Apparel,North
2024-06-17,Running Shoes,6,754.5,92,Apparel,West
2024-06-17,Yoga Mat,3,112.47,67,Health,West
2024-06-17,Ergonomic Chair,9,2408.99,30,Furniture,North
2024-06-17,Wireless Earbuds,2,294.94,105,Electronics,South
2024-06-17,Winter Jacket,8,1396.92,40,Apparel,West
2024-06-17,SmartPhone X,7,5174.98,76,Electronics,East
2024-06-17,SmartPhone X,8,6758.43,53,Electronics,West
2024-06-17,Ergonomic Chair,2,545.66,29,Furniture,East
2024-06-17,Wireless Earbuds,9,1326.57,97,Electronics,South
2024-06-17,Multivitamins,2,46.17,200,Health,East
2024-06-17,Coffee Table,7,1234.24,33,Furniture,Central
2024-06-17,Yoga Mat,3,105.93,59,Health,South
2024-06-17,SmartPhone X,6,4982.89,55,Electronics,Central
2024-06-17,Laptop Pro,9,11257.23,47,Electronics,East
2024-06-17,Winter Jacket,5,868.27,58,Apparel,West
2024-06-17,Running Shoes,5,628.86,87,Apparel,South
2024-06-18,Winter Jacket,7,1108.48,41,Apparel,Central
2024-06-18,Office Desk,5,1675.42,29,Furniture,North
2024-06-18,SmartPhone X,6,4664.18,75,Electronics,East
2024-06-18,Ergonomic Chair,6,1473.72,24,Furniture,West
2024-06-18,Running Shoes,5,650.25,86,Apparel,West
2024-06-18,Ergonomic Chair,4,1083.92,47,Furniture,East
2024-06-18,Multivitamins,4,96.79,192,Health,North
2024-06-18,Winter Jacket,3,510.35,50,Apparel,South
2024-06-18,Multivitamins,5,115.48,211,Health,West
2024-06-18,SmartPhone X,7,5711.61,77,Electronics,West
2024-06-18,SmartPhone X,9,7534.91,75,Electronics,North
2024-06-18,Office Desk,1,366.29,32,Furniture,North
2024-06-18,Multivitamins,2,54.36,203,Health,South
2024-06-18,Office Desk,7,2255.96,20,Furniture,North
2024-06-18,Ergonomic Chair,6,1511.46,48,Furniture,East
2024-06-18,Laptop Pro,2,2351.7,45,Electronics,Central
2024-06-19,SmartPhone X,4,3177.87,54,Electronics,East
2024-06-19,Office Desk,7,2693.73,21,Furniture,West
2024-06-19,Wireless Earbuds,4,605.31,98,Electronics,North
2024-06-19,Winter Jacket,8,1328.71,51,Apparel,East
2024-06-19,Protein Powder,3,108.98,143,Health,South
2024-06-19,Office Desk,5,1676.85,38,Furniture,East
2024-06-19,Protein Powder,3,116.41,157,Health,East
2024-06-19,Winter Jacket,4,599.8,62,Apparel,Central
2024-06-19,Running Shoes,7,872.53,69,Apparel,West
2024-06-19,Protein Powder,6,248.88,164,Health,North
2024-06-19,SmartPhone X,4,3240.27,77,Electronics,East
2024-06-19,Winter Jacket,7,1149.8,60,Apparel,West
2024-06-19,SmartPhone X,1,838.34,55,Electronics,North
2024-06-19,Protein Powder,1,43.58,166,Health,North
2024-06-19,Multivitamins,9,234.95,199,Health,Central
2024-06-19,Winter Jacket,9,1417.99,61,Apparel,North
2024-06-19,Laptop Pro,4,4913.83,45,Electronics,East
2024-06-19,Wireless Earbuds,6,853.13,111,Electronics,East
2024-06-19,Designer Jeans,3,283.55,117,Apparel,West
2024-06-19,Laptop Pro,7,8585.45,46,Electronics,North
2024-06-19,Protein Powder,3,112.33,143,Health,Central
2024-06-20,Protein Powder,3,115.76,145,Health,Central
2024-06-20,Winter Jacket,6,926.96,57,Apparel,East
2024-06-20,Winter Jacket,8,1238.02,53,Apparel,East
2024-06-20,Protein Powder,8,334.12,140,Health,South
2024-06-20,Wireless Earbuds,1,137.9,96,Electronics,East
2024-06-20,Running Shoes,1,124.25,80,Apparel,West
2024-06-20,Multivitamins,9,236.94,211,Health,East
2024-06-20,Office Desk,9,3310.54,40,Furniture,West
2024-06-20,Ergonomic Chair,2,537.81,43,Furniture,Central
2024-06-20,Running Shoes,6,653.4,91,Apparel,North
2024-06-20,Running Shoes,3,361.25,88,Apparel,North
2024-06-20,Designer Jeans,8,758.08,110,Apparel,West
2024-06-20,Running Shoes,3,347.23,71,Apparel,West
2024-06-20,Coffee Table,3,499.84,31,Furniture,North
2024-06-20,Designer Jeans,3,253.52,103,Apparel,North
2024-06-20,Wireless Earbuds,3,408.9,90,Electronics,Central
2024-06-20,SmartPhone X,9,6577.43,67,Electronics,Central
2024-06-20,Protein Powder,2,85.96,167,Health,West
2024-06-21,Wireless Earbuds,7,1077.39,96,Electronics,East
2024-06-21,Office Desk,2,684.78,41,Furniture,West
2024-06-21,Laptop Pro,5,6440.87,55,Electronics,North
2024-06-21,Coffee Table,7,1300.42,12,Furniture,North
2024-06-21,Office Desk,8,2675.93,40,Furniture,South
2024-06-21,Yoga Mat,2,76.45,56,Health,Central
2024-06-21,Multivitamins,4,92.92,214,Health,East
2024-06-21,Wireless Earbuds,7,1084.79,105,Electronics,East
2024-06-21,Coffee Table,3,537.92,37,Furniture,East
2024-06-21,Yoga Mat,3,109.66,60,Health,South
2024-06-21,Designer Jeans,1,94.56,118,Apparel,West
2024-06-21,Coffee Table,4,710.02,17,Furniture,Central
2024-06-21,Protein Powder,6,252.42,148,Health,North
2024-06-21,Designer Jeans,2,173.96,113,Apparel,East
2024-06-21,Ergonomic Chair,9,2099.16,40,Furniture,Central
2024-06-21,Protein Powder,9,338.87,142,Health,East
2024-06-21,Yoga Mat,5,166.03,64,Health,Central
2024-06-21,Laptop Pro,1,1173.71,35,Electronics,North
2024-06-21,Winter Jacket,8,1264.25,44,Apparel,East
2024-06-21,Winter Jacket,7,1013.2,58,Apparel,East
2024-06-21,Running Shoes,9,998.22,67,Apparel,West
2024-06-21,Coffee Table,2,395.17,28,Furniture,South
2024-06-21,Office Desk,1,328.54,25,Furniture,East
2024-06-21,Ergonomic Chair,3,751.07,48,Furniture,East
2024-06-21,Designer Jeans,5,481.33,106,Apparel,South
2024-06-21,Ergonomic Chair,7,1729.22,51,Furniture,West
2024-06-22,Ergonomic Chair,8,1981.01,28,Furniture,West
2024-06-22,Winter Jacket,5,844.9,57,Apparel,West
2024-06-22,Coffee Table,7,1219.45,29,Furniture,Central
2024-06-22,Running Shoes,7,792.86,88,Apparel,South
2024-06-22,Laptop Pro,9,10843.82,41,Electronics,East
2024-06-22,Yoga Mat,5,170.45,60,Health,North
2024-06-22,SmartPhone X,9,6639.83,74,Electronics,East
2024-06-22,Ergonomic Chair,5,1166.12,53,Furniture,North
2024-06-22,Office Desk,8,2525.05,23,Furniture,East
2024-06-22,Office Desk,9,3422.25,41,Furniture,North
2024-06-22,Office Desk,5,1751.32,22,Furniture,North
2024-06-22,Coffee Table,8,1473.63,19,Furniture,West
2024-06-22,SmartPhone X,4,3392.86,73,Electronics,South
2024-06-22,Winter Jacket,7,1104.91,60,Apparel,East
2024-06-22,Multivitamins,3,69.31,188,Health,East
2024-06-22,Wireless Earbuds,5,757.99,94,Electronics,West
2024-06-23,Protein Powder,7,276.13,141,Health,North
2024-06-23,Multivitamins,5,130.07,194,Health,North
2024-06-23,Wireless Earbuds,5,732.82,93,Electronics,Central
2024-06-23,Multivitamins,7,168.51,216,Health,North
2024-06-23,Protein Powder,7,259.51,149,Health,East
2024-06-23,Winter Jacket,4,599.95,64,Apparel,North
2024-06-23,Office Desk,2,649.6,24,Furniture,North
2024-06-23,Running Shoes,9,1183.51,84,Apparel,East
2024-06-23,SmartPhone X,5,4188.68,51,Electronics,Central
2024-06-23,Protein Powder,3,126.55,148,Health,East
2024-06-23,Office Desk,5,1832.76,40,Furniture,East
2024-06-23,Laptop Pro,2,2253.37,37,Electronics,Central
2024-06-23,Running Shoes,6,769.23,75,Apparel,West
2024-06-23,Laptop Pro,9,11318.0,29,Electronics,South
2024-06-23,Office Desk,2,705.49,24,Furniture,Central
2024-06-23,Office Desk,1,359.65,40,Furniture,North
2024-06-23,Laptop Pro,3,3559.07,52,Electronics,South
2024-06-24,Laptop Pro,2,2419.84,53,Electronics,Central
2024-06-24,Winter Jacket,7,1152.04,57,Apparel,West
2024-06-24,Coffee Table,9,1466.7,20,Furniture,Central
2024-06-24,Multivitamins,2,48.97,201,Health,Central
2024-06-24,Ergonomic Chair,4,980.41,25,Furniture,Central
2024-06-24,Multivitamins,3,72.36,209,Health,Central
2024-06-24,Protein Powder,5,190.78,145,Health,East
2024-06-24,Running Shoes,5,591.18,85,Apparel,North
2024-06-24,Multivitamins,8,218.94,191,Health,North
2024-06-24,SmartPhone X,7,5585.03,49,Electronics,South
2024-06-24,SmartPhone X,8,6848.34,70,Electronics,West
2024-06-24,Winter Jacket,8,1210.15,39,Apparel,Central
2024-06-24,Multivitamins,3,75.32,213,Health,East
2024-06-24,Office Desk,8,2895.3,25,Furniture,West
2024-06-24,Yoga Mat,9,341.69,72,Health,East
2024-06-24,Laptop Pro,5,6550.02,46,Electronics,East
2024-06-24,Multivitamins,6,159.86,215,Health,North
2024-06-24,Ergonomic Chair,5,1256.04,52,Furniture,North
2024-06-24,Coffee Table,7,1369.34,35,Furniture,North
2024-06-25,Ergonomic Chair,7,1587.12,28,Furniture,East
2024-06-25,Multivitamins,1,24.1,191,Health,Central
2024-06-25,Office Desk,4,1402.11,30,Furniture,Central
2024-06-25,Protein Powder,2,73.77,157,Health,South
2024-06-25,Coffee Table,7,1232.84,13,Furniture,South
2024-06-25,Coffee Table,4,787.13,22,Furniture,North
2024-06-25,SmartPhone X,4,3519.45,51,Electronics,West
2024-06-25,Running Shoes,2,232.74,74,Apparel,Central
2024-06-25,Protein Powder,4,172.75,145,Health,South
2024-06-25,Ergonomic Chair,2,472.79,46,Furniture,Central
2024-06-25,Ergonomic Chair,8,1998.58,27,Furniture,West
2024-06-25,SmartPhone X,2,1494.57,69,Electronics,Central
2024-06-25,Designer Jeans,5,427.01,105,Apparel,East
2024-06-25,Laptop Pro,1,1146.13,42,Electronics,South
2024-06-25,SmartPhone X,5,3924.28,66,Electronics,South
2024-06-25,Coffee Table,9,1764.38,28,Furniture,East
2024-06-25,Yoga Mat,1,32.04,62,Health,North
2024-06-25,Protein Powder,6,244.38,148,Health,East
2024-06-25,Designer Jeans,7,628.97,109,Apparel,Central
2024-06-25,Ergonomic Chair,6,1632.52,25,Furniture,East
2024-06-25,Running Shoes,7,782.41,63,Apparel,Central
2024-06-25,Winter Jacket,9,1406.09,43,Apparel,North
2024-06-25,Multivitamins,4,101.84,216,Health,North
2024-06-25,Protein Powder,4,174.89,140,Health,South
2024-06-25,Designer Jeans,2,183.38,100,Apparel,North
2024-06-25,Laptop Pro,4,4962.7,44,Electronics,South
2024-06-26,Wireless Earbuds,2,287.59,105,Electronics,North
2024-06-26,Wireless Earbuds,1,138.89,109,Electronics,South
2024-06-26,Winter Jacket,1,154.49,60,Apparel,North
2024-06-26,Winter Jacket,6,869.27,52,Apparel,West
2024-06-26,Multivitamins,9,228.81,188,Health,Central
2024-06-26,Winter Jacket,1,173.01,43,Apparel,South
2024-06-26,Coffee Table,3,522.13,15,Furniture,Central
2024-06-26,Winter Jacket,2,290.12,61,Apparel,East
2024-06-26,Coffee Table,3,539.89,9,Furniture,North
2024-06-26,Coffee Table,2,344.87,9,Furniture,North
2024-06-26,Winter Jacket,9,1388.09,53,Apparel,East
2024-06-26,SmartPhone X,2,1674.75,55,Electronics,North
2024-06-26,SmartPhone X,2,1604.67,67,Electronics,West
2024-06-26,Multivitamins,5,126.04,198,Health,North
2024-06-26,Wireless Earbuds,5,773.04,107,Electronics,West
2024-06-26,Ergonomic Chair,8,1900.99,34,Furniture,East
2024-06-26,Protein Powder,9,337.28,164,Health,West
2024-06-26,Designer Jeans,2,193.66,110,Apparel,East
2024-06-26,SmartPhone X,9,7788.89,59,Electronics,South
2024-06-26,Office Desk,9,3101.23,22,Furniture,East
2024-06-26,Office Desk,1,376.09,23,Furniture,South
2024-06-27,SmartPhone X,8,6875.16,60,Electronics,Central
2024-06-27,Coffee Table,8,1400.66,17,Furniture,Central
2024-06-27,Protein Powder,4,161.5,143,Health,West
2024-06-27,Wireless Earbuds,8,1264.76,109,Electronics,West
2024-06-27,Multivitamins,7,176.74,202,Health,East
2024-06-27,Winter Jacket,5,779.59,44,Apparel,North
2024-06-27,Running Shoes,5,594.97,90,Apparel,North
2024-06-27,Multivitamins,5,131.38,188,Health,Central
2024-06-27,Protein Powder,2,76.74,156,Health,East
2024-06-27,Winter Jacket,2,340.49,58,Apparel,Central
2024-06-27,Winter Jacket,6,923.54,61,Apparel,Central
2024-06-27,SmartPhone X,7,5865.33,54,Electronics,East
2024-06-27,Office Desk,7,2209.17,28,Furniture,Central
2024-06-27,Designer Jeans,3,268.44,116,Apparel,North
2024-06-27,Office Desk,6,2048.88,14,Furniture,North
2024-06-27,Protein Powder,6,253.31,151,Health,South
2024-06-27,Winter Jacket,8,1316.01,64,Apparel,West
2024-06-27,Running Shoes,6,713.73,74,Apparel,Central
2024-06-27,Winter Jacket,4,665.65,68,Apparel,West
2024-06-27,Multivitamins,6,136.18,190,Health,East
2024-06-27,Office Desk,9,3078.94,19,Furniture,South
2024-06-27,Designer Jeans,9,852.16,107,Apparel,West
2024-06-27,Multivitamins,6,137.71,208,Health,North
2024-06-27,Running Shoes,5,588.46,73,Apparel,North
2024-06-27,Wireless Earbuds,7,1111.06,112,Electronics,East
2024-06-28,Yoga Mat,8,252.53,62,Health,East
2024-06-28,Yoga Mat,3,97.51,65,Health,Central
2024-06-28,SmartPhone X,3,2478.62,54,Electronics,West
2024-06-28,Coffee Table,8,1522.65,31,Furniture,Central
2024-06-28,Winter Jacket,1,167.0,62,Apparel,West
2024-06-28,Protein Powder,5,211.29,155,Health,North
2024-06-28,Ergonomic Chair,1,257.45,49,Furniture,North
2024-06-28,Winter Jacket,8,1220.09,49,Apparel,West
2024-06-28,Coffee Table,1,171.91,26,Furniture,Central
2024-06-28,Ergonomic Chair,9,2424.89,29,Furniture,Central
2024-06-28,Wireless Earbuds,3,420.21,94,Electronics,North
2024-06-28,Designer Jeans,4,377.38,106,Apparel,West
2024-06-28,Ergonomic Chair,5,1372.19,30,Furniture,East
2024-06-28,Winter Jacket,8,1305.78,38,Apparel,South
2024-06-28,Laptop Pro,6,7083.29,39,Electronics,East
2024-06-28,Ergonomic Chair,4,906.86,48,Furniture,North
2024-06-28,Designer Jeans,2,185.75,115,Apparel,South
2024-06-28,Office Desk,6,2309.85,16,Furniture,West
2024-06-28,Ergonomic Chair,7,1913.49,27,Furniture,East
2024-06-28,Running Shoes,9,1003.35,72,Apparel,East
2024-06-28,Protein Powder,3,118.06,148,Health,Central
2024-06-29,Designer Jeans,4,349.54,106,Apparel,West
2024-06-29,Yoga Mat,6,224.65,71,Health,North
2024-06-29,Coffee Table,4,790.98,22,Furniture,East
2024-06-29,Designer Jeans,1,95.48,90,Apparel,Central
2024-06-29,Protein Powder,7,254.09,160,Health,West
2024-06-29,Ergonomic Chair,2,455.15,24,Furniture,West
2024-06-29,Running Shoes,2,250.79,68,Apparel,Central
2024-06-29,Designer Jeans,6,566.61,109,Apparel,Central
2024-06-29,Designer Jeans,9,765.63,88,Apparel,East
2024-06-29,Winter Jacket,2,314.78,60,Apparel,South
2024-06-29,Laptop Pro,3,3629.48,31,Electronics,North
2024-06-29,Yoga Mat,4,148.61,66,Health,West
2024-06-29,Laptop Pro,8,9049.76,51,Electronics,North
2024-06-30,Office Desk,2,716.49,42,Furniture,South
2024-06-30,Ergonomic Chair,6,1421.95,32,Furniture,Central
2024-06-30,Coffee Table,9,1660.73,18,Furniture,South
2024-06-30,Running Shoes,6,674.94,77,Apparel,West
2024-06-30,Yoga Mat,6,196.74,64,Health,North
2024-06-30,Laptop Pro,4,4970.41,41,Electronics,West
2024-06-30,Laptop Pro,8,10410.43,51,Electronics,East
2024-06-30,Laptop Pro,1,1274.05,52,Electronics,East
2024-06-30,Winter Jacket,4,694.41,40,Apparel,South
2024-06-30,Running Shoes,2,247.65,82,Apparel,South
2024-06-30,Wireless Earbuds,3,447.06,89,Electronics,Central
2024-06-30,Running Shoes,8,985.56,67,Apparel,West
2024-06-30,Laptop Pro,1,1158.42,45,Electronics,West
2024-06-30,Ergonomic Chair,9,2318.96,52,Furniture,South
2024-06-30,Laptop Pro,8,9680.08,30,Electronics,East
2024-06-30,Laptop Pro,4,5134.31,53,Electronics,West
2024-06-30,Yoga Mat,8,287.36,68,Health,East
2024-06-30,Coffee Table,7,1228.58,27,Furniture,Central
2024-06-30,Wireless Earbuds,4,593.96,111,Electronics,South
2024-07-01,Designer Jeans,6,552.9,109,Apparel,North
2024-07-01,Coffee Table,3,575.29,29,Furniture,Central
2024-07-01,Protein Powder,7,252.05,145,Health,North
2024-07-01,Multivitamins,7,169.1,207,Health,Central
2024-07-01,SmartPhone X,5,4350.19,48,Electronics,North
2024-07-01,Ergonomic Chair,4,931.71,49,Furniture,North
2024-07-01,SmartPhone X,3,2420.11,68,Electronics,Central
2024-07-01,Yoga Mat,1,37.45,50,Health,North
2024-07-01,Ergonomic Chair,5,1336.93,25,Furniture,West
2024-07-01,Office Desk,3,1070.26,34,Furniture,South
2024-07-01,Designer Jeans,9,780.06,90,Apparel,South
2024-07-01,Coffee Table,9,1574.13,34,Furniture,Central
2024-07-01,Winter Jacket,1,172.65,49,Apparel,Central
2024-07-01,Running Shoes,8,971.37,86,Apparel,Central
2024-07-01,Designer Jeans,6,520.19,106,Apparel,West
2024-07-01,Multivitamins,5,124.76,185,Health,Central
2024-07-01,Ergonomic Chair,5,1242.03,32,Furniture,East
2024-07-01,Coffee Table,7,1347.04,30,Furniture,West
2024-07-01,Protein Powder,2,81.88,146,Health,West
2024-07-01,Yoga Mat,9,344.94,68,Health,East
2024-07-01,Laptop Pro,6,7336.48,32,Electronics,South
2024-07-02,Designer Jeans,2,167.49,90,Apparel,West
2024-07-02,Wireless Earbuds,5,719.22,114,Electronics,South
2024-07-02,Protein Powder,4,158.14,144,Health,West
2024-07-02,Running Shoes,6,675.84,89,Apparel,North
2024-07-02,Ergonomic Chair,1,231.3,25,Furniture,South
2024-07-02,Winter Jacket,7,1073.17,42,Apparel,North
2024-07-02,Winter Jacket,6,891.25,55,Apparel,South
2024-07-02,Ergonomic Chair,3,814.35,29,Furniture,East
2024-07-02,Coffee Table,5,963.39,25,Furniture,South
2024-07-02,Ergonomic Chair,6,1647.28,47,Furniture,East
2024-07-02,Multivitamins,1,27.42,189,Health,East
2024-07-02,Multivitamins,3,71.94,205,Health,South
2024-07-02,Laptop Pro,8,10139.06,49,Electronics,West
2024-07-02,Multivitamins,6,140.25,206,Health,West
2024-07-02,Yoga Mat,4,150.79,55,Health,North
2024-07-02,Running Shoes,4,460.55,62,Apparel,Central
2024-07-02,Running Shoes,9,1048.31,84,Apparel,North
2024-07-02,Winter Jacket,8,1242.8,51,Apparel,Central
2024-07-02,Yoga Mat,7,243.29,53,Health,South
2024-07-02,Coffee Table,5,832.39,14,Furniture,East
2024-07-03,Wireless Earbuds,2,284.37,101,Electronics,East
2024-07-03,Winter Jacket,4,681.3,46,Apparel,East
2024-07-03,Laptop Pro,5,5491.9,45,Electronics,East
2024-07-03,SmartPhone X,4,3405.45,73,Electronics,North
2024-07-03,Office Desk,7,2302.02,26,Furniture,Central
2024-07-03,Designer Jeans,1,95.87,108,Apparel,West
2024-07-03,Coffee Table,1,165.39,22,Furniture,East
2024-07-03,Designer Jeans,5,444.91,91,Apparel,South
2024-07-03,Protein Powder,5,192.08,163,Health,East
2024-07-03,Laptop Pro,9,11057.03,45,Electronics,South
2024-07-03,Designer Jeans,2,167.89,90,Apparel,North
2024-07-03,Designer Jeans,4,386.18,92,Apparel,North
2024-07-03,Protein Powder,2,79.96,141,Health,West
2024-07-03,Designer Jeans,9,876.36,100,Apparel,South
2024-07-03,Yoga Mat,6,215.45,77,Health,South
2024-07-03,Office Desk,1,346.38,22,Furniture,West
2024-07-03,Yoga Mat,9,291.75,49,Health,West
2024-07-04,Yoga Mat,1,32.69,49,Health,North
2024-07-04,Multivitamins,4,98.62,183,Health,South
2024-07-04,Office Desk,7,2491.84,15,Furniture,South
2024-07-04,Designer Jeans,4,380.08,104,Apparel,Central
2024-07-04,Winter Jacket,3,511.46,41,Apparel,North
2024-07-04,Coffee Table,1,182.51,13,Furniture,South
2024-07-04,Running Shoes,3,364.12,87,Apparel,South
2024-07-04,Running Shoes,3,363.67,91,Apparel,East
2024-07-04,Wireless Earbuds,9,1433.59,107,Electronics,South
2024-07-04,Yoga Mat,2,74.48,63,Health,West
2024-07-04,Coffee Table,3,515.33,20,Furniture,North
2024-07-04,Winter Jacket,3,480.78,42,Apparel,West
2024-07-04,Coffee Table,1,175.87,17,Furniture,East
2024-07-04,Laptop Pro,7,8004.8,44,Electronics,West
2024-07-04,Yoga Mat,2,70.92,50,Health,North
2024-07-04,Running Shoes,8,880.37,80,Apparel,Central
2024-07-04,Designer Jeans,6,567.33,113,Apparel,Central
2024-07-04,Wireless Earbuds,1,141.99,110,Electronics,Central
2024-07-05,Designer Jeans,1,85.49,89,Apparel,North
2024-07-05,Designer Jeans,4,381.42,112,Apparel,West
2024-07-05,Designer Jeans,2,167.6,110,Apparel,South
2024-07-05,Office Desk,5,1601.98,28,Furniture,South
2024-07-05,Yoga Mat,8,257.98,63,Health,North
2024-07-05,Laptop Pro,9,11225.5,55,Electronics,East
2024-07-05,Wireless Earbuds,7,989.07,89,Electronics,Central
2024-07-05,Ergonomic Chair,7,1858.84,36,Furniture,East
2024-07-05,Yoga Mat,9,327.51,52,Health,South
2024-07-05,Office Desk,5,1700.0,38,Furniture,West
2024-07-05,Designer Jeans,3,286.47,89,Apparel,West
2024-07-05,Wireless Earbuds,8,1159.04,87,Electronics,West
2024-07-05,Designer Jeans,4,391.21,105,Apparel,Central
2024-07-05,Laptop Pro,8,9632.8,44,Electronics,Central
2024-07-05,Designer Jeans,4,339.01,106,Apparel,South
2024-07-05,Laptop Pro,3,3743.85,55,Electronics,North
2024-07-05,Multivitamins,2,52.37,187,Health,East
2024-07-05,Office Desk,9,3279.74,43,Furniture,West
2024-07-05,Multivitamins,8,191.53,196,Health,West
2024-07-05,Ergonomic Chair,5,1287.8,48,Furniture,North
2024-07-05,Office Desk,9,3367.8,41,Furniture,West
2024-07-05,Yoga Mat,5,180.63,62,Health,West
2024-07-05,Office Desk,4,1281.68,32,Furniture,West
2024-07-05,Yoga Mat,5,183.14,54,Health,South
2024-07-05,Running Shoes,5,614.78,82,Apparel,West
2024-07-05,Wireless Earbuds,9,1473.04,97,Electronics,North
2024-07-05,Ergonomic Chair,7,1758.75,27,Furniture,West
2024-07-06,Ergonomic Chair,6,1447.82,41,Furniture,East
2024-07-06,Designer Jeans,9,851.6,88,Apparel,South
2024-07-06,Yoga Mat,7,233.96,72,Health,North
2024-07-06,Coffee Table,8,1568.07,13,Furniture,Central
2024-07-06,Protein Powder,4,168.26,162,Health,North
2024-07-06,Designer Jeans,8,703.29,101,Apparel,West
2024-07-06,Designer Jeans,9,775.77,93,Apparel,West
2024-07-06,Laptop Pro,3,3909.46,36,Electronics,South
2024-07-06,Protein Powder,5,216.25,157,Health,North
2024-07-06,Ergonomic Chair,4,1059.02,23,Furniture,East
2024-07-06,Designer Jeans,1,89.7,101,Apparel,North
2024-07-06,Protein Powder,2,81.68,137,Health,Central
2024-07-07,Ergonomic Chair,9,2200.25,30,Furniture,Central
2024-07-07,Yoga Mat,7,264.92,71,Health,East
2024-07-07,Coffee Table,8,1456.47,25,Furniture,South
2024-07-07,Winter Jacket,7,1228.17,51,Apparel,South
2024-07-07,Office Desk,5,1810.74,37,Furniture,North
2024-07-07,Running Shoes,9,1134.92,74,Apparel,South
2024-07-07,Wireless Earbuds,5,734.06,107,Electronics,North
2024-07-07,Designer Jeans,4,344.13,109,Apparel,South
2024-07-07,Laptop Pro,3,3266.57,40,Electronics,South
2024-07-07,Multivitamins,7,183.7,202,Health,East
2024-07-07,Coffee Table,8,1349.49,27,Furniture,North
2024-07-07,Coffee Table,5,893.28,9,Furniture,North
2024-07-08,Running Shoes,4,500.47,91,Apparel,South
2024-07-08,Wireless Earbuds,2,302.87,115,Electronics,West
2024-07-08,SmartPhone X,7,5436.06,73,Electronics,West
2024-07-08,Wireless Earbuds,3,470.07,111,Electronics,Central
2024-07-08,Office Desk,6,2227.5,32,Furniture,West
2024-07-08,Office Desk,9,3257.08,32,Furniture,North
2024-07-08,Wireless Earbuds,1,153.45,96,Electronics,North
2024-07-08,Coffee Table,4,651.35,21,Furniture,North
2024-07-08,Ergonomic Chair,8,1809.96,41,Furniture,South
2024-07-08,Multivitamins,3,79.22,188,Health,East
2024-07-08,Winter Jacket,5,843.98,42,Apparel,South
2024-07-08,Coffee Table,6,1027.66,30,Furniture,South
2024-07-08,Coffee Table,1,172.05,15,Furniture,North
2024-07-08,Designer Jeans,3,276.13,99,Apparel,North
2024-07-08,Designer Jeans,7,594.52,87,Apparel,East
2024-07-08,Yoga Mat,9,341.78,64,Health,East
2024-07-08,Winter Jacket,5,810.78,55,Apparel,South
2024-07-08,Office Desk,8,2803.72,15,Furniture,North
2024-07-08,Ergonomic Chair,2,525.49,41,Furniture,North
2024-07-08,SmartPhone X,8,7010.35,65,Electronics,South
2024-07-08,Wireless Earbuds,1,155.08,88,Electronics,South
2024-07-08,SmartPhone X,5,3923.58,62,Electronics,West
2024-07-08,Ergonomic Chair,6,1622.75,39,Furniture,East
2024-07-09,Office Desk,9,3264.78,13,Furniture,Central
2024-07-09,Protein Powder,9,379.24,158,Health,East
2024-07-09,SmartPhone X,6,4779.14,49,Electronics,East
2024-07-09,Wireless Earbuds,6,861.08,102,Electronics,East
2024-07-09,Protein Powder,8,338.32,138,Health,North
2024-07-09,Yoga Mat,1,33.35,59,Health,East
2024-07-09,Ergonomic Chair,9,2441.84,47,Furniture,East
2024-07-09,Yoga Mat,5,166.13,60,Health,North
2024-07-09,Protein Powder,4,161.78,161,Health,South
2024-07-09,Multivitamins,1,26.71,199,Health,East
2024-07-09,Wireless Earbuds,1,154.04,114,Electronics,Central
2024-07-09,SmartPhone X,7,6029.77,69,Electronics,East
2024-07-09,Office Desk,4,1435.54,36,Furniture,Central
2024-07-09,Ergonomic Chair,4,926.65,47,Furniture,Central
2024-07-09,Wireless Earbuds,3,440.61,109,Electronics,East
2024-07-09,Yoga Mat,5,180.77,76,Health,East
2024-07-09,Office Desk,9,3003.23,23,Furniture,East
2024-07-09,Protein Powder,7,254.18,140,Health,North
2024-07-09,Winter Jacket,6,1050.23,48,Apparel,North
2024-07-09,Yoga Mat,6,197.55,54,Health,South
2024-07-09,Winter Jacket,2,331.58,49,Apparel,South
2024-07-09,SmartPhone X,1,765.5,74,Electronics,North
2024-07-09,Coffee Table,1,162.21,22,Furniture,South
2024-07-09,Ergonomic Chair,5,1283.14,38,Furniture,South
2024-07-09,Coffee Table,1,190.02,34,Furniture,Central
2024-07-09,Office Desk,9,2919.9,15,Furniture,West
2024-07-10,Laptop Pro,6,7773.79,33,Electronics,South
2024-07-10,Office Desk,7,2394.81,20,Furniture,East
2024-07-10,Designer Jeans,3,274.24,106,Apparel,North
2024-07-10,Protein Powder,6,253.16,135,Health,West
2024-07-10,Designer Jeans,6,571.04,92,Apparel,East
2024-07-10,Office Desk,7,2233.68,22,Furniture,North
2024-07-10,Laptop Pro,7,8405.37,41,Electronics,South
2024-07-10,Winter Jacket,3,490.81,57,Apparel,South
2024-07-10,Multivitamins,9,207.5,206,Health,South
2024-07-10,Laptop Pro,5,6274.4,32,Electronics,South
2024-07-10,Multivitamins,6,135.68,204,Health,East
2024-07-10,SmartPhone X,6,5079.54,75,Electronics,West
2024-07-10,Office Desk,6,2305.49,42,Furniture,East
2024-07-10,Winter Jacket,4,703.05,65,Apparel,West
2024-07-10,Designer Jeans,2,188.18,94,Apparel,West
2024-07-10,Running Shoes,2,216.65,71,Apparel,Central
2024-07-10,Laptop Pro,2,2195.49,41,Electronics,Central
2024-07-10,Running Shoes,7,766.3,72,Apparel,Central
2024-07-10,Laptop Pro,1,1100.0,30,Electronics,West
2024-07-10,Wireless Earbuds,4,587.24,102,Electronics,West
2024-07-10,Ergonomic Chair,7,1713.54,37,Furniture,Central
2024-07-10,Designer Jeans,8,752.3,110,Apparel,Central
2024-07-10,Protein Powder,8,319.67,157,Health,South
2024-07-11,SmartPhone X,6,4445.61,65,Electronics,North
2024-07-11,Laptop Pro,6,7919.15,52,Electronics,North
2024-07-11,Protein Powder,1,39.39,139,Health,South
2024-07-11,Wireless Earbuds,1,158.31,88,Electronics,West
2024-07-11,Wireless Earbuds,7,970.65,105,Electronics,East
2024-07-11,Ergonomic Chair,7,1638.16,44,Furniture,East
2024-07-11,Laptop Pro,7,8359.2,33,Electronics,North
2024-07-11,Designer Jeans,3,252.18,110,Apparel,East
2024-07-11,Office Desk,9,2913.91,31,Furniture,South
2024-07-11,Wireless Earbuds,9,1244.46,97,Electronics,East
2024-07-11,Winter Jacket,7,1013.79,50,Apparel,South
2024-07-11,Office Desk,7,2539.37,25,Furniture,West
2024-07-11,Designer Jeans,2,173.02,88,Apparel,Central
2024-07-11,Multivitamins,3,77.37,191,Health,East
2024-07-11,SmartPhone X,8,6761.41,62,Electronics,South
2024-07-11,Office Desk,3,1028.06,21,Furniture,South
2024-07-11,Designer Jeans,9,869.07,85,Apparel,North
2024-07-11,Protein Powder,8,289.43,142,Health,Central
2024-07-11,Yoga Mat,1,32.06,65,Health,West
2024-07-11,Winter Jacket,6,892.3,47,Apparel,West
2024-07-11,Winter Jacket,5,835.89,43,Apparel,North
2024-07-12,Yoga Mat,4,133.68,51,Health,East
2024-07-12,Wireless Earbuds,1,164.61,94,Electronics,Central
2024-07-12,Coffee Table,2,357.54,20,Furniture,East
2024-07-12,Ergonomic Chair,9,2447.14,50,Furniture,North
2024-07-12,Laptop Pro,2,2553.55,41,Electronics,West
2024-07-12,Yoga Mat,5,158.35,62,Health,South
2024-07-12,Protein Powder,4,148.3,138,Health,South
2024-07-12,Office Desk,1,323.17,33,Furniture,East
2024-07-12,Winter Jacket,2,330.48,50,Apparel,West
2024-07-12,Designer Jeans,2,190.56,86,Apparel,North
2024-07-12,Coffee Table,4,668.47,21,Furniture,Central
2024-07-12,Yoga Mat,6,203.22,66,Health,North
2024-07-12,Ergonomic Chair,3,823.85,43,Furniture,West
2024-07-12,Yoga Mat,4,137.63,65,Health,West
2024-07-12,Running Shoes,5,548.43,82,Apparel,Central
2024-07-12,Wireless Earbuds,4,617.54,113,Electronics,Central
2024-07-12,Office Desk,7,2625.93,37,Furniture,East
2024-07-12,Yoga Mat,6,198.29,62,Health,Central
2024-07-12,Ergonomic Chair,9,2189.72,43,Furniture,North
2024-07-12,Yoga Mat,5,168.2,62,Health,North
2024-07-12,Ergonomic Chair,5,1326.4,23,Furniture,North
2024-07-12,Ergonomic Chair,3,717.03,37,Furniture,North
2024-07-12,Wireless Earbuds,9,1320.08,104,Electronics,West
2024-07-12,Office Desk,8,2828.89,13,Furniture,Central
2024-07-12,Ergonomic Chair,6,1367.66,47,Furniture,North
2024-07-13,Designer Jeans,4,334.52,103,Apparel,North
2024-07-13,Laptop Pro,2,2236.51,52,Electronics,West
2024-07-13,Wireless Earbuds,7,1025.33,113,Electronics,East
2024-07-13,Office Desk,6,2150.03,17,Furniture,North
2024-07-13,Office Desk,2,669.57,24,Furniture,South
2024-07-13,Office Desk,6,2059.88,39,Furniture,Central
2024-07-13,Protein Powder,7,293.23,156,Health,North
2024-07-13,Coffee Table,1,166.35,33,Furniture,North
2024-07-13,Multivitamins,5,128.91,188,Health,North
2024-07-13,Laptop Pro,8,9094.83,53,Electronics,South
2024-07-14,Winter Jacket,5,872.93,37,Apparel,South
2024-07-14,Running Shoes,4,473.35,77,Apparel,East
2024-07-14,Running Shoes,2,256.16,64,Apparel,West
2024-07-14,Multivitamins,1,26.94,180,Health,West
2024-07-14,SmartPhone X,5,4199.54,74,Electronics,North
2024-07-14,Running Shoes,4,471.97,62,Apparel,North
2024-07-14,Coffee Table,2,333.76,26,Furniture,North
2024-07-14,Coffee Table,9,1639.02,19,Furniture,West
2024-07-14,Designer Jeans,3,244.68,99,Apparel,South
2024-07-14,Running Shoes,4,486.97,86,Apparel,West
2024-07-15,Wireless Earbuds,8,1146.07,84,Electronics,North
2024-07-15,Ergonomic Chair,3,780.92,40,Furniture,South
2024-07-15,Ergonomic Chair,4,1007.28,37,Furniture,West
2024-07-15,Coffee Table,6,1180.52,12,Furniture,Central
2024-07-15,Yoga Mat,5,176.45,68,Health,East
2024-07-15,Running Shoes,9,1085.94,78,Apparel,East
2024-07-15,Designer Jeans,1,82.61,99,Apparel,North
2024-07-15,Multivitamins,6,160.21,182,Health,South
2024-07-15,Ergonomic Chair,3,719.59,24,Furniture,Central
2024-07-15,Wireless Earbuds,2,278.2,100,Electronics,Central
2024-07-15,Winter Jacket,6,875.33,41,Apparel,South
2024-07-15,Coffee Table,9,1494.22,32,Furniture,East
2024-07-15,Laptop Pro,9,11600.19,36,Electronics,West
2024-07-15,Coffee Table,4,722.79,21,Furniture,South
2024-07-15,Coffee Table,8,1496.12,33,Furniture,Central
2024-07-15,Wireless Earbuds,1,147.27,90,Electronics,North
2024-07-15,Protein Powder,2,76.73,140,Health,North
2024-07-15,Designer Jeans,5,422.71,88,Apparel,West
2024-07-15,Running Shoes,8,925.25,65,Apparel,West
2024-07-15,Yoga Mat,5,160.8,54,Health,North
2024-07-15,SmartPhone X,2,1504.66,66,Electronics,Central
2024-07-15,Running Shoes,1,113.1,79,Apparel,West
2024-07-15,Coffee Table,8,1435.36,27,Furniture,East
2024-07-15,Winter Jacket,3,448.8,38,Apparel,Central
2024-07-15,Wireless Earbuds,2,310.58,94,Electronics,North
2024-07-15,Running Shoes,5,641.14,87,Apparel,East
2024-07-15,Protein Powder,9,365.55,139,Health,Central
2024-07-16,Office Desk,5,1720.0,21,Furniture,West
2024-07-16,Wireless Earbuds,9,1418.1,103,Electronics,North
2024-07-16,Wireless Earbuds,8,1106.68,96,Electronics,East
2024-07-16,SmartPhone X,8,6561.27,75,Electronics,East
2024-07-16,Laptop Pro,6,7407.0,45,Electronics,East
2024-07-16,Multivitamins,7,166.1,202,Health,West
2024-07-16,Running Shoes,7,778.71,69,Apparel,Central
2024-07-16,Yoga Mat,5,181.35,61,Health,North
2024-07-16,Ergonomic Chair,3,694.19,36,Furniture,West
2024-07-16,Protein Powder,4,155.13,156,Health,East
2024-07-16,Winter Jacket,2,347.32,40,Apparel,East
2024-07-16,SmartPhone X,2,1725.2,61,Electronics,East
2024-07-16,Multivitamins,7,157.94,181,Health,North
2024-07-16,Yoga Mat,9,315.58,70,Health,East
2024-07-16,Yoga Mat,1,32.43,60,Health,North
2024-07-16,Running Shoes,7,815.24,82,Apparel,East
2024-07-17,SmartPhone X,7,5310.17,46,Electronics,West
2024-07-17,Winter Jacket,2,294.15,57,Apparel,North
2024-07-17,Laptop Pro,9,11100.92,44,Electronics,West
2024-07-17,SmartPhone X,5,4073.83,54,Electronics,West
2024-07-17,Wireless Earbuds,8,1308.95,101,Electronics,North
2024-07-17,Wireless Earbuds,4,615.15,103,Electronics,Central
2024-07-17,Designer Jeans,7,570.5,92,Apparel,Central
2024-07-17,Office Desk,5,1909.1,39,Furniture,East
2024-07-17,Ergonomic Chair,3,684.57,44,Furniture,Central
2024-07-17,Laptop Pro,6,7343.76,37,Electronics,Central
2024-07-17,Office Desk,7,2557.63,28,Furniture,North
2024-07-17,Ergonomic Chair,9,2269.14,23,Furniture,North
2024-07-17,Multivitamins,3,72.69,205,Health,West
2024-07-17,Protein Powder,6,231.34,136,Health,South
2024-07-17,Multivitamins,9,230.06,178,Health,South
2024-07-17,Designer Jeans,1,91.01,91,Apparel,West
2024-07-17,Wireless Earbuds,9,1223.67,89,Electronics,North
2024-07-17,Running Shoes,9,1139.09,63,Apparel,Central
2024-07-17,SmartPhone X,2,1644.63,62,Electronics,West
2024-07-17,Protein Powder,7,289.58,153,Health,North
2024-07-17,Running Shoes,4,513.33,80,Apparel,West
2024-07-17,Coffee Table,2,342.63,17,Furniture,East
2024-07-17,Office Desk,9,3227.06,39,Furniture,North
2024-07-17,Office Desk,2,752.74,20,Furniture,Central
2024-07-17,Winter Jacket,5,805.21,58,Apparel,West
2024-07-18,Multivitamins,8,217.2,194,Health,West
2024-07-18,SmartPhone X,9,6938.72,62,Electronics,East
2024-07-18,Ergonomic Chair,8,1807.59,30,Furniture,South
2024-07-18,Yoga Mat,6,197.21,73,Health,South
2024-07-18,Yoga Mat,9,315.56,49,Health,South
2024-07-18,Designer Jeans,5,471.68,109,Apparel,East
2024-07-18,Designer Jeans,2,193.11,92,Apparel,North
2024-07-18,Multivitamins,7,189.1,188,Health,East
2024-07-18,Multivitamins,7,172.25,205,Health,Central
2024-07-18,Laptop Pro,4,4483.04,45,Electronics,South
2024-07-18,Ergonomic Chair,8,1924.06,24,Furniture,South
2024-07-18,Wireless Earbuds,9,1415.71,86,Electronics,South
2024-07-18,Ergonomic Chair,6,1444.44,41,Furniture,West
2024-07-18,Designer Jeans,2,193.38,111,Apparel,South
2024-07-18,Yoga Mat,3,109.08,61,Health,South
2024-07-18,Designer Jeans,4,377.85,95,Apparel,North
2024-07-18,Office Desk,1,336.67,38,Furniture,East
2024-07-18,SmartPhone X,3,2499.27,60,Electronics,West
2024-07-18,Wireless Earbuds,2,299.64,93,Electronics,Central
2024-07-18,Ergonomic Chair,9,2221.99,49,Furniture,Central
2024-07-18,SmartPhone X,7,5170.23,62,Electronics,North
2024-07-18,Winter Jacket,5,743.23,52,Apparel,South
2024-07-18,Laptop Pro,8,9242.95,30,Electronics,North
2024-07-18,Coffee Table,1,167.13,22,Furniture,West
2024-07-18,Wireless Earbuds,8,1298.92,103,Electronics,North
2024-07-18,Yoga Mat,2,69.15,51,Health,West
2024-07-18,Running Shoes,8,1023.77,78,Apparel,East
2024-07-19,Office Desk,2,661.35,16,Furniture,West
2024-07-19,Yoga Mat,1,33.57,66,Health,East
2024-07-19,Designer Jeans,5,428.18,105,Apparel,North
2024-07-19,Coffee Table,7,1263.21,8,Furniture,South
2024-07-19,Coffee Table,8,1315.38,32,Furniture,East
2024-07-19,Yoga Mat,6,209.97,63,Health,East
2024-07-19,Protein Powder,3,129.67,137,Health,West
2024-07-19,Office Desk,1,328.65,32,Furniture,South
2024-07-19,SmartPhone X,8,6504.12,70,Electronics,Central
2024-07-19,Yoga Mat,7,255.03,57,Health,South
2024-07-19,Laptop Pro,3,3687.7,47,Electronics,North
2024-07-19,Multivitamins,5,117.46,205,Health,West
2024-07-19,Laptop Pro,9,10250.18,53,Electronics,North
2024-07-19,Coffee Table,7,1342.11,16,Furniture,South
2024-07-19,Winter Jacket,6,987.98,46,Apparel,North
2024-07-19,Coffee Table,8,1312.82,18,Furniture,South
2024-07-19,Yoga Mat,2,68.8,48,Health,West
2024-07-19,Yoga Mat,7,240.98,48,Health,West
2024-07-19,Laptop Pro,5,5579.4,56,Electronics,West
2024-07-19,SmartPhone X,2,1518.46,54,Electronics,South
2024-07-19,Yoga Mat,2,75.61,49,Health,East
2024-07-19,Designer Jeans,1,81.53,85,Apparel,South
2024-07-19,Wireless Earbuds,9,1416.98,112,Electronics,East
2024-07-19,Designer Jeans,7,604.26,113,Apparel,West
2024-07-19,Office Desk,9,2851.99,21,Furniture,West
2024-07-19,Office Desk,2,766.16,37,Furniture,North
2024-07-20,Running Shoes,2,250.57,72,Apparel,South
2024-07-20,Multivitamins,8,187.48,191,Health,North
2024-07-20,Designer Jeans,3,272.56,92,Apparel,North
2024-07-20,Running Shoes,6,741.11,73,Apparel,Central
2024-07-20,Running Shoes,9,1003.12,86,Apparel,East
2024-07-20,Running Shoes,6,732.37,74,Apparel,North
2024-07-20,Office Desk,4,1498.76,24,Furniture,South
2024-07-20,Designer Jeans,3,253.29,109,Apparel,Central
2024-07-20,Ergonomic Chair,4,1062.85,50,Furniture,West
2024-07-20,SmartPhone X,2,1698.98,62,Electronics,Central
2024-07-20,Coffee Table,7,1143.86,10,Furniture,North
2024-07-21,Designer Jeans,3,272.43,111,Apparel,North
2024-07-21,Running Shoes,3,346.26,73,Apparel,East
2024-07-21,Yoga Mat,3,110.88,58,Health,South
2024-07-21,Laptop Pro,9,11232.37,48,Electronics,Central
2024-07-21,Designer Jeans,9,749.8,107,Apparel,South
2024-07-21,Yoga Mat,3,95.37,46,Health,East
2024-07-21,Designer Jeans,7,677.13,89,Apparel,East
2024-07-21,Protein Powder,2,77.75,140,Health,West
2024-07-21,Office Desk,7,2447.65,42,Furniture,West
2024-07-21,Wireless Earbuds,7,1033.18,101,Electronics,South
2024-07-21,Ergonomic Chair,7,1576.74,27,Furniture,East
2024-07-21,Wireless Earbuds,7,989.0,103,Electronics,Central
2024-07-22,Wireless Earbuds,1,149.75,105,Electronics,West
2024-07-22,SmartPhone X,9,6741.23,70,Electronics,East
2024-07-22,Wireless Earbuds,6,948.7,99,Electronics,North
2024-07-22,Ergonomic Chair,8,1944.29,43,Furniture,West
2024-07-22,Office Desk,7,2375.72,41,Furniture,Central
2024-07-22,Ergonomic Chair,7,1922.2,42,Furniture,South
2024-07-22,Yoga Mat,1,36.23,66,Health,East
2024-07-22,Coffee Table,2,388.46,24,Furniture,West
2024-07-22,Yoga Mat,6,217.64,48,Health,East
2024-07-22,Laptop Pro,3,3901.62,27,Electronics,East
2024-07-22,Laptop Pro,5,6277.94,31,Electronics,North
2024-07-22,SmartPhone X,4,3363.42,54,Electronics,Central
2024-07-22,Wireless Earbuds,2,298.05,112,Electronics,Central
2024-07-22,Yoga Mat,2,64.38,65,Health,Central
2024-07-22,Office Desk,7,2608.2,41,Furniture,Central
2024-07-22,Office Desk,2,719.83,38,Furniture,North
2024-07-22,Protein Powder,2,73.4,152,Health,West
2024-07-22,Laptop Pro,5,5615.23,37,Electronics,North
2024-07-22,Protein Powder,3,117.47,141,Health,Central
2024-07-22,SmartPhone X,2,1542.93,71,Electronics,North
2024-07-22,SmartPhone X,1,767.02,66,Electronics,East
2024-07-22,Designer Jeans,2,191.19,90,Apparel,Central
2024-07-22,Winter Jacket,5,859.41,40,Apparel,West
2024-07-22,Coffee Table,3,564.89,12,Furniture,West
2024-07-22,Office Desk,5,1690.75,28,Furniture,West
2024-07-22,Running Shoes,2,223.54,60,Apparel,West
2024-07-23,Laptop Pro,3,3870.74,29,Electronics,East
2024-07-23,Multivitamins,8,216.61,181,Health,West
2024-07-23,Running Shoes,6,752.72,71,Apparel,North
2024-07-23,Wireless Earbuds,1,158.1,106,Electronics,South
2024-07-23,Multivitamins,6,148.79,201,Health,Central
2024-07-23,Yoga Mat,3,98.55,59,Health,Central
2024-07-23,Coffee Table,6,1180.44,16,Furniture,Central
2024-07-23,Multivitamins,8,194.16,195,Health,South
2024-07-23,Running Shoes,6,787.25,60,Apparel,North
2024-07-23,Coffee Table,6,1004.57,34,Furniture,South
2024-07-23,Laptop Pro,7,8637.15,50,Electronics,East
2024-07-23,Winter Jacket,9,1518.85,60,Apparel,North
2024-07-23,Designer Jeans,7,628.33,94,Apparel,Central
2024-07-23,Multivitamins,5,133.16,199,Health,East
2024-07-23,Laptop Pro,2,2256.62,31,Electronics,East
2024-07-23,Wireless Earbuds,4,653.94,98,Electronics,South
2024-07-23,Yoga Mat,6,212.87,53,Health,Central
2024-07-24,Coffee Table,1,167.6,9,Furniture,West
2024-07-24,Designer Jeans,8,742.09,86,Apparel,East
2024-07-24,Running Shoes,9,984.58,79,Apparel,South
2024-07-24,Winter Jacket,1,175.99,37,Apparel,East
2024-07-24,Coffee Table,8,1344.13,25,Furniture,Central
2024-07-24,Designer Jeans,5,490.2,101,Apparel,North
2024-07-24,Ergonomic Chair,5,1321.55,28,Furniture,Central
2024-07-24,Laptop Pro,2,2246.47,37,Electronics,East
2024-07-24,Designer Jeans,5,441.78,105,Apparel,South
2024-07-24,SmartPhone X,8,6586.49,54,Electronics,Central
2024-07-24,Yoga Mat,9,302.52,72,Health,South
2024-07-24,Laptop Pro,1,1267.14,34,Electronics,East
2024-07-24,Yoga Mat,6,223.38,58,Health,East
2024-07-24,Multivitamins,4,107.67,177,Health,East
2024-07-24,Yoga Mat,6,220.36,70,Health,East
2024-07-25,Designer Jeans,2,167.49,85,Apparel,East
2024-07-25,Ergonomic Chair,4,920.45,33,Furniture,West
2024-07-25,SmartPhone X,9,7622.45,74,Electronics,West
2024-07-25,SmartPhone X,4,3248.54,60,Electronics,West
2024-07-25,Winter Jacket,5,851.64,55,Apparel,Central
2024-07-25,Laptop Pro,6,7390.98,55,Electronics,East
2024-07-25,Winter Jacket,6,867.58,55,Apparel,Central
2024-07-25,SmartPhone X,3,2540.96,62,Electronics,North
2024-07-25,Ergonomic Chair,7,1917.96,43,Furniture,East
2024-07-25,SmartPhone X,8,6905.73,55,Electronics,South
2024-07-25,Designer Jeans,3,271.72,108,Apparel,East
2024-07-25,Multivitamins,8,203.69,197,Health,Central
2024-07-25,Wireless Earbuds,4,642.89,98,Electronics,North
2024-07-25,Winter Jacket,8,1359.56,37,Apparel,South
2024-07-25,Wireless Earbuds,1,137.19,95,Electronics,North
2024-07-25,Laptop Pro,9,10271.54,53,Electronics,Central
2024-07-25,Running Shoes,4,489.71,70,Apparel,West
2024-07-26,Office Desk,6,2145.54,19,Furniture,South
2024-07-26,Ergonomic Chair,1,271.11,42,Furniture,South
2024-07-26,Ergonomic Chair,8,2137.35,31,Furniture,East
2024-07-26,Laptop Pro,8,9643.27,44,Electronics,West
2024-07-26,Laptop Pro,8,10020.84,40,Electronics,South
2024-07-26,Wireless Earbuds,9,1382.23,108,Electronics,South
2024-07-26,Designer Jeans,6,586.53,99,Apparel,Central
2024-07-26,Ergonomic Chair,8,1970.23,22,Furniture,North
2024-07-26,SmartPhone X,7,5071.54,58,Electronics,North
2024-07-26,Ergonomic Chair,1,253.34,50,Furniture,South
2024-07-26,Laptop Pro,4,4559.69,37,Electronics,West
2024-07-26,Wireless Earbuds,6,938.33,93,Electronics,North
2024-07-26,Running Shoes,3,347.9,68,Apparel,West
2024-07-26,Winter Jacket,6,1045.5,46,Apparel,South
2024-07-26,Office Desk,1,358.93,26,Furniture,Central
2024-07-26,Designer Jeans,6,571.52,104,Apparel,East
2024-07-26,Designer Jeans,5,453.96,101,Apparel,East
2024-07-26,Protein Powder,1,42.61,135,Health,South
2024-07-26,Office Desk,2,744.04,36,Furniture,East
2024-07-26,Multivitamins,2,50.75,200,Health,South
2024-07-26,Wireless Earbuds,8,1172.51,101,Electronics,Central
2024-07-26,SmartPhone X,5,3772.79,47,Electronics,West
2024-07-26,Protein Powder,3,108.83,132,Health,South
2024-07-26,Office Desk,7,2570.48,38,Furniture,West
2024-07-27,SmartPhone X,2,1663.74,59,Electronics,West
2024-07-27,Yoga Mat,5,173.16,70,Health,Central
2024-07-27,Protein Powder,8,308.48,150,Health,Central
2024-07-27,Protein Powder,6,233.55,140,Health,Central
2024-07-27,SmartPhone X,6,5207.1,59,Electronics,South
2024-07-27,Protein Powder,8,317.13,155,Health,West
2024-07-27,Designer Jeans,4,348.28,100,Apparel,Central
2024-07-27,Wireless Earbuds,1,161.98,84,Electronics,Central
2024-07-27,Yoga Mat,1,33.47,63,Health,West
2024-07-27,Laptop Pro,4,4972.56,38,Electronics,South
2024-07-27,Protein Powder,6,259.81,143,Health,West
2024-07-27,Office Desk,8,2953.44,28,Furniture,Central
2024-07-27,SmartPhone X,1,839.38,53,Electronics,East
2024-07-27,Laptop Pro,7,9022.15,56,Electronics,Central
2024-07-27,Winter Jacket,9,1567.98,60,Apparel,North
2024-07-27,Winter Jacket,2,314.23,45,Apparel,East
2024-07-27,Wireless Earbuds,6,931.54,96,Electronics,East
2024-07-27,Laptop Pro,3,3623.96,47,Electronics,Central
2024-07-27,Running Shoes,7,878.38,61,Apparel,East
2024-07-28,SmartPhone X,2,1465.51,46,Electronics,Central
2024-07-28,Yoga Mat,7,244.52,61,Health,Central
2024-07-28,Office Desk,6,1985.03,16,Furniture,West
2024-07-28,Winter Jacket,1,166.74,55,Apparel,South
2024-07-28,Multivitamins,3,75.06,194,Health,North
2024-07-28,Laptop Pro,2,2363.58,27,Electronics,South
2024-07-28,Wireless Earbuds,3,451.6,93,Electronics,South
2024-07-28,Protein Powder,1,40.71,151,Health,South
2024-07-28,Coffee Table,7,1199.33,29,Furniture,North
2024-07-28,Designer Jeans,4,359.93,102,Apparel,West
2024-07-28,Ergonomic Chair,6,1507.45,43,Furniture,North
2024-07-28,Running Shoes,9,1042.44,68,Apparel,West
2024-07-28,SmartPhone X,4,3245.83,69,Electronics,West
2024-07-28,Wireless Earbuds,3,481.47,85,Electronics,Central
2024-07-28,Running Shoes,1,121.65,86,Apparel,East
2024-07-28,Winter Jacket,4,593.25,42,Apparel,North
2024-07-28,Running Shoes,8,881.1,67,Apparel,North
2024-07-29,Office Desk,3,1038.7,30,Furniture,South
2024-07-29,Running Shoes,8,890.67,69,Apparel,North
2024-07-29,Multivitamins,1,26.95,180,Health,East
2024-07-29,Wireless Earbuds,3,453.14,87,Electronics,Central
2024-07-29,Protein Powder,3,125.63,128,Health,West
2024-07-29,Coffee Table,5,921.71,34,Furniture,South
2024-07-29,Coffee Table,6,978.57,9,Furniture,West
2024-07-29,Multivitamins,9,217.19,192,Health,East
2024-07-29,Laptop Pro,9,10045.35,35,Electronics,East
2024-07-29,Laptop Pro,5,6069.34,43,Electronics,Central
2024-07-29,Winter Jacket,1,165.29,49,Apparel,Central
2024-07-29,Wireless Earbuds,4,641.41,103,Electronics,Central
2024-07-29,Coffee Table,2,348.92,13,Furniture,South
2024-07-29,Laptop Pro,6,7462.3,54,Electronics,East
2024-07-29,Wireless Earbuds,5,751.49,84,Electronics,South
2024-07-29,Running Shoes,5,597.28,88,Apparel,South
2024-07-29,Office Desk,9,3092.28,25,Furniture,West
2024-07-29,Winter Jacket,4,654.54,55,Apparel,South
2024-07-29,Wireless Earbuds,4,546.02,101,Electronics,West
2024-07-29,Yoga Mat,7,241.63,60,Health,East
2024-07-29,Coffee Table,7,1180.76,19,Furniture,North
2024-07-29,Winter Jacket,8,1401.99,38,Apparel,Central
2024-07-29,Yoga Mat,8,293.81,55,Health,Central
2024-07-29,Designer Jeans,5,432.71,107,Apparel,East
2024-07-30,SmartPhone X,9,6645.97,63,Electronics,West
2024-07-30,SmartPhone X,3,2524.57,67,Electronics,North
2024-07-30,SmartPhone X,8,6688.48,68,Electronics,West
2024-07-30,Running Shoes,8,994.07,68,Apparel,East
2024-07-30,SmartPhone X,7,5051.64,59,Electronics,East
2024-07-30,Multivitamins,4,106.68,173,Health,North
2024-07-30,SmartPhone X,4,2985.28,53,Electronics,South
2024-07-30,Designer Jeans,1,81.26,84,Apparel,South
2024-07-30,Ergonomic Chair,5,1303.91,38,Furniture,Central
2024-07-30,Protein Powder,5,192.51,135,Health,East
2024-07-30,Ergonomic Chair,2,468.77,44,Furniture,West
2024-07-30,Running Shoes,2,235.77,72,Apparel,Central
2024-07-30,Wireless Earbuds,3,486.27,106,Electronics,West
2024-07-30,SmartPhone X,6,4941.78,45,Electronics,Central
2024-07-30,Wireless Earbuds,5,805.94,110,Electronics,West
2024-07-30,Designer Jeans,8,733.24,105,Apparel,Central
2024-07-30,Protein Powder,9,358.39,151,Health,East
2024-07-30,Yoga Mat,7,224.83,46,Health,North
2024-07-30,Designer Jeans,1,90.72,106,Apparel,South
2024-07-31,Protein Powder,1,38.94,146,Health,Central
2024-07-31,Ergonomic Chair,9,2246.12,37,Furniture,Central
2024-07-31,Office Desk,4,1481.07,24,Furniture,East
2024-07-31,Protein Powder,5,212.66,136,Health,West
2024-07-31,Ergonomic Chair,6,1487.07,22,Furniture,South
2024-07-31,Winter Jacket,4,658.27,60,Apparel,West
2024-07-31,Protein Powder,6,230.9,155,Health,South
2024-07-31,Coffee Table,1,169.04,22,Furniture,North
2024-07-31,Protein Powder,3,117.95,145,Health,South
2024-07-31,SmartPhone X,4,3291.59,46,Electronics,North
2024-07-31,Running Shoes,1,128.64,69,Apparel,West
2024-07-31,Protein Powder,1,39.77,149,Health,West
2024-07-31,Winter Jacket,2,298.37,36,Apparel,East
2024-07-31,Multivitamins,6,136.32,190,Health,East
2024-07-31,Ergonomic Chair,8,2016.2,37,Furniture,West
2024-07-31,Designer Jeans,7,608.62,108,Apparel,North
2024-07-31,Office Desk,6,2085.78,21,Furniture,East
2024-07-31,Running Shoes,7,812.49,67,Apparel,East
2024-07-31,Protein Powder,9,350.65,146,Health,Central
2024-07-31,Office Desk,3,947.45,28,Furniture,West
2024-07-31,Office Desk,2,755.03,39,Furniture,Central
2024-07-31,SmartPhone X,6,4502.21,61,Electronics,South
2024-07-31,Laptop Pro,6,7251.15,53,Electronics,Central
2024-07-31,Wireless Earbuds,9,1260.3,106,Electronics,North
2024-07-31,Laptop Pro,5,5943.28,31,Electronics,Central
2024-08-01,Running Shoes,5,647.91,71,Apparel,East
2024-08-01,Yoga Mat,3,98.0,51,Health,South
2024-08-01,Designer Jeans,5,411.33,100,Apparel,South
2024-08-01,Laptop Pro,5,6308.28,52,Electronics,Central
2024-08-01,Office Desk,8,2785.66,40,Furniture,East
2024-08-01,Ergonomic Chair,1,254.28,36,Furniture,West
2024-08-01,Winter Jacket,4,680.2,44,Apparel,South
2024-08-01,Ergonomic Chair,7,1715.58,26,Furniture,North
2024-08-01,Multivitamins,2,48.16,201,Health,West
2024-08-01,Laptop Pro,7,8149.46,38,Electronics,East
2024-08-01,Wireless Earbuds,2,272.36,82,Electronics,North
2024-08-01,Coffee Table,2,364.53,24,Furniture,North
2024-08-01,Running Shoes,6,667.69,84,Apparel,Central
2024-08-01,Wireless Earbuds,5,798.43,91,Electronics,North
2024-08-01,Ergonomic Chair,1,254.84,43,Furniture,North
2024-08-01,Running Shoes,6,753.61,73,Apparel,Central
2024-08-01,Winter Jacket,2,322.48,64,Apparel,North
2024-08-01,Yoga Mat,2,71.81,52,Health,Central
2024-08-01,Protein Powder,2,82.73,134,Health,East
2024-08-01,Ergonomic Chair,1,265.45,35,Furniture,South
2024-08-01,Multivitamins,4,107.52,199,Health,West
2024-08-01,Protein Powder,8,339.43,153,Health,South
2024-08-01,Laptop Pro,8,9072.77,54,Electronics,East
2024-08-01,Office Desk,7,2414.81,19,Furniture,West
2024-08-01,Laptop Pro,8,9632.87,37,Electronics,North
2024-08-02,Ergonomic Chair,2,536.33,21,Furniture,East
2024-08-02,Laptop Pro,5,6330.03,53,Electronics,North
2024-08-02,Protein Powder,5,205.67,147,Health,North
2024-08-02,Laptop Pro,8,9771.4,55,Electronics,Central
2024-08-02,Designer Jeans,1,88.53,92,Apparel,Central
2024-08-02,Winter Jacket,5,800.21,52,Apparel,West
2024-08-02,Yoga Mat,9,291.51,68,Health,West
2024-08-02,Wireless Earbuds,2,317.93,99,Electronics,South
2024-08-02,Coffee Table,6,1049.32,16,Furniture,West
2024-08-02,Designer Jeans,9,797.55,100,Apparel,North
2024-08-02,Running Shoes,9,1131.73,73,Apparel,West
2024-08-02,Multivitamins,9,246.7,200,Health,West
2024-08-02,Multivitamins,5,119.84,196,Health,South
2024-08-02,Wireless Earbuds,4,637.36,100,Electronics,South
2024-08-02,Ergonomic Chair,8,1963.97,24,Furniture,North
2024-08-02,Coffee Table,1,169.35,11,Furniture,Central
2024-08-03,Multivitamins,3,75.16,197,Health,East
2024-08-03,Office Desk,7,2344.3,30,Furniture,East
2024-08-03,Ergonomic Chair,4,1090.87,49,Furniture,East
2024-08-03,Protein Powder,4,162.75,140,Health,East
2024-08-03,Coffee Table,7,1254.37,28,Furniture,East
2024-08-03,Ergonomic Chair,6,1486.33,31,Furniture,West
2024-08-03,Designer Jeans,9,755.91,82,Apparel,Central
2024-08-03,SmartPhone X,9,7836.23,68,Electronics,South
2024-08-03,Multivitamins,3,81.49,188,Health,South
2024-08-03,Coffee Table,3,591.95,31,Furniture,Central
2024-08-03,Office Desk,3,1146.4,31,Furniture,West
2024-08-03,Running Shoes,6,678.66,79,Apparel,North
2024-08-04,Winter Jacket,6,929.16,41,Apparel,West
2024-08-04,Laptop Pro,7,9219.15,47,Electronics,South
2024-08-04,SmartPhone X,6,5074.09,46,Electronics,West
2024-08-04,Designer Jeans,1,98.19,99,Apparel,Central
2024-08-04,Wireless Earbuds,9,1316.84,104,Electronics,East
2024-08-04,Office Desk,8,2575.09,37,Furniture,East
2024-08-04,Running Shoes,6,691.56,85,Apparel,North
2024-08-04,Protein Powder,8,308.11,141,Health,West
2024-08-04,Multivitamins,9,213.2,195,Health,South
2024-08-04,Multivitamins,7,167.22,178,Health,West
2024-08-04,Protein Powder,4,151.85,149,Health,Central
2024-08-05,Protein Powder,1,38.18,137,Health,Central
2024-08-05,Ergonomic Chair,5,1199.28,29,Furniture,West
2024-08-05,Running Shoes,5,574.94,83,Apparel,West
2024-08-05,Laptop Pro,4,5112.93,46,Electronics,East
2024-08-05,Office Desk,4,1357.41,32,Furniture,North
2024-08-05,Wireless Earbuds,7,1080.36,86,Electronics,North
2024-08-05,Designer Jeans,7,608.18,92,Apparel,Central
2024-08-05,Designer Jeans,8,718.4,103,Apparel,South
2024-08-05,Coffee Table,5,856.25,37,Furniture,East
2024-08-05,Designer Jeans,7,679.07,89,Apparel,West
2024-08-05,Multivitamins,8,208.39,186,Health,West
2024-08-05,Coffee Table,4,708.35,14,Furniture,Central
2024-08-05,Coffee Table,1,191.23,17,Furniture,North
2024-08-05,Wireless Earbuds,7,1079.72,95,Electronics,East
2024-08-05,Designer Jeans,3,263.72,83,Apparel,East
2024-08-05,Wireless Earbuds,4,650.58,85,Electronics,Central
2024-08-06,Running Shoes,9,1053.44,79,Apparel,South
2024-08-06,Coffee Table,9,1540.01,26,Furniture,West
2024-08-06,Designer Jeans,3,275.75,80,Apparel,South
2024-08-06,Yoga Mat,4,137.7,65,Health,North
2024-08-06,SmartPhone X,2,1441.14,73,Electronics,South
2024-08-06,Laptop Pro,1,1132.27,32,Electronics,North
2024-08-06,Protein Powder,3,116.38,132,Health,South
2024-08-06,Winter Jacket,9,1506.26,51,Apparel,North
2024-08-06,Multivitamins,6,157.83,194,Health,Central
2024-08-06,Designer Jeans,6,555.97,101,Apparel,Central
2024-08-06,Wireless Earbuds,4,548.46,89,Electronics,East
2024-08-06,Designer Jeans,9,885.37,83,Apparel,South
2024-08-06,Ergonomic Chair,9,2430.42,46,Furniture,North
2024-08-06,Laptop Pro,4,4637.44,29,Electronics,East
2024-08-06,Running Shoes,9,1145.16,61,Apparel,South
2024-08-06,Laptop Pro,9,11040.98,51,Electronics,East
2024-08-06,Office Desk,4,1414.41,31,Furniture,South
2024-08-06,Wireless Earbuds,8,1285.23,84,Electronics,East
2024-08-06,Designer Jeans,6,549.7,100,Apparel,South
2024-08-06,SmartPhone X,8,6753.17,68,Electronics,North
2024-08-06,Wireless Earbuds,3,410.4,96,Electronics,South
2024-08-06,Wireless Earbuds,5,693.0,101,Electronics,South
2024-08-06,Ergonomic Chair,6,1400.87,26,Furniture,South
2024-08-06,Laptop Pro,3,3814.44,32,Electronics,East
2024-08-07,Ergonomic Chair,6,1521.44,34,Furniture,Central
2024-08-07,SmartPhone X,1,763.85,67,Electronics,West
2024-08-07,Office Desk,7,2402.37,26,Furniture,South
2024-08-07,Running Shoes,3,386.04,74,Apparel,Central
2024-08-07,Running Shoes,9,1171.41,66,Apparel,Central
2024-08-07,Winter Jacket,7,1230.34,64,Apparel,South
2024-08-07,Protein Powder,1,41.51,125,Health,North
2024-08-07,SmartPhone X,4,3089.15,46,Electronics,Central
2024-08-07,Laptop Pro,4,4621.62,54,Electronics,Central
2024-08-07,Laptop Pro,9,10511.25,47,Electronics,North
2024-08-07,Office Desk,7,2480.68,14,Furniture,North
2024-08-07,Designer Jeans,5,449.8,106,Apparel,East
2024-08-07,SmartPhone X,4,3201.82,50,Electronics,Central
2024-08-07,Wireless Earbuds,6,867.17,81,Electronics,West
2024-08-07,Protein Powder,7,287.67,131,Health,Central
2024-08-07,Coffee Table,4,655.53,12,Furniture,East
2024-08-07,Coffee Table,9,1724.73,12,Furniture,South
2024-08-08,Coffee Table,3,502.01,33,Furniture,Central
2024-08-08,Running Shoes,2,242.79,60,Apparel,West
2024-08-08,Running Shoes,5,612.26,85,Apparel,Central
2024-08-08,Ergonomic Chair,5,1216.76,47,Furniture,Central
2024-08-08,Laptop Pro,4,4844.71,26,Electronics,North
2024-08-08,SmartPhone X,4,2893.78,59,Electronics,East
2024-08-08,Multivitamins,7,165.3,193,Health,West
2024-08-08,Winter Jacket,6,1020.93,49,Apparel,West
2024-08-08,Laptop Pro,5,5981.37,54,Electronics,South
2024-08-08,Yoga Mat,8,296.98,59,Health,East
2024-08-08,Running Shoes,3,383.07,60,Apparel,North
2024-08-08,SmartPhone X,7,5457.46,59,Electronics,South
2024-08-08,Coffee Table,6,1022.2,30,Furniture,Central
2024-08-08,Running Shoes,9,1187.99,59,Apparel,West
2024-08-08,Multivitamins,4,102.57,174,Health,North
2024-08-08,SmartPhone X,6,4707.25,45,Electronics,Central
2024-08-08,Yoga Mat,6,224.22,60,Health,South
2024-08-08,Yoga Mat,8,298.52,56,Health,South
2024-08-08,Office Desk,4,1440.76,36,Furniture,East
2024-08-08,Winter Jacket,5,870.98,59,Apparel,Central
2024-08-08,SmartPhone X,4,3299.62,46,Electronics,West
2024-08-08,Protein Powder,4,150.7,150,Health,East
2024-08-08,Yoga Mat,5,191.16,67,Health,North
2024-08-08,Ergonomic Chair,6,1578.63,33,Furniture,South
2024-08-08,Protein Powder,6,242.06,139,Health,North
2024-08-08,Designer Jeans,8,651.9,93,Apparel,Central
2024-08-08,Wireless Earbuds,4,584.3,91,Electronics,South
2024-08-08,Ergonomic Chair,7,1886.14,44,Furniture,West
2024-08-08,SmartPhone X,2,1727.86,49,Electronics,North
2024-08-09,Laptop Pro,3,3817.46,40,Electronics,East
2024-08-09,Designer Jeans,4,393.37,101,Apparel,North
2024-08-09,Coffee Table,6,1136.35,35,Furniture,East
2024-08-09,Ergonomic Chair,8,2007.4,30,Furniture,East
2024-08-09,Protein Powder,1,43.6,129,Health,South
2024-08-09,Multivitamins,1,25.77,190,Health,East
2024-08-09,Ergonomic Chair,9,2136.12,29,Furniture,West
2024-08-09,Yoga Mat,8,298.27,60,Health,South
2024-08-09,Designer Jeans,4,384.4,107,Apparel,North
2024-08-09,Winter Jacket,8,1342.78,50,Apparel,West
2024-08-09,Wireless Earbuds,2,307.83,90,Electronics,North
2024-08-09,Ergonomic Chair,4,915.71,35,Furniture,West
2024-08-09,Winter Jacket,5,728.69,37,Apparel,West
2024-08-09,SmartPhone X,4,3467.59,57,Electronics,East
2024-08-09,Designer Jeans,6,509.72,99,Apparel,South
2024-08-09,Running Shoes,3,332.79,66,Apparel,South
2024-08-09,Wireless Earbuds,9,1357.05,86,Electronics,Central
2024-08-09,Running Shoes,1,127.17,73,Apparel,North
2024-08-09,Yoga Mat,2,68.68,45,Health,South
2024-08-09,Multivitamins,1,23.51,171,Health,Central
2024-08-09,SmartPhone X,6,4399.91,58,Electronics,West
2024-08-09,Protein Powder,2,80.01,145,Health,North
2024-08-09,Coffee Table,8,1571.48,21,Furniture,North
2024-08-09,Coffee Table,8,1409.95,21,Furniture,Central
2024-08-09,Wireless Earbuds,7,1080.09,103,Electronics,South
2024-08-09,Laptop Pro,9,10459.84,45,Electronics,South
2024-08-09,Winter Jacket,7,1159.31,43,Apparel,East
2024-08-09,Ergonomic Chair,4,996.32,26,Furniture,Central
2024-08-10,Designer Jeans,6,493.86,106,Apparel,South
2024-08-10,SmartPhone X,3,2259.86,62,Electronics,West
2024-08-10,Ergonomic Chair,4,953.27,47,Furniture,North
2024-08-10,Wireless Earbuds,1,163.19,82,Electronics,East
2024-08-10,Ergonomic Chair,6,1523.87,27,Furniture,East
2024-08-10,Yoga Mat,7,256.03,62,Health,West
2024-08-10,Winter Jacket,4,622.57,54,Apparel,West
2024-08-10,SmartPhone X,9,7464.01,70,Electronics,North
2024-08-10,Coffee Table,9,1638.78,8,Furniture,Central
2024-08-10,Designer Jeans,9,839.73,93,Apparel,West
2024-08-10,Winter Jacket,5,875.69,49,Apparel,South
2024-08-10,Coffee Table,2,324.67,35,Furniture,Central
2024-08-11,Office Desk,2,742.97,38,Furniture,East
2024-08-11,SmartPhone X,7,5582.68,59,Electronics,East
2024-08-11,Yoga Mat,9,306.3,44,Health,West
2024-08-11,Wireless Earbuds,4,644.56,92,Electronics,North
2024-08-11,Wireless Earbuds,4,565.57,89,Electronics,North
2024-08-11,Wireless Earbuds,7,1068.52,80,Electronics,West
2024-08-11,Winter Jacket,2,323.7,60,Apparel,North
2024-08-11,Coffee Table,7,1270.48,27,Furniture,North
2024-08-11,Office Desk,4,1510.21,37,Furniture,West
2024-08-11,Multivitamins,2,45.87,190,Health,East
2024-08-12,Laptop Pro,1,1119.1,32,Electronics,East
2024-08-12,Ergonomic Chair,8,2011.35,43,Furniture,North
2024-08-12,Laptop Pro,1,1263.34,51,Electronics,Central
2024-08-12,Running Shoes,3,330.52,65,Apparel,West
2024-08-12,Protein Powder,5,186.36,153,Health,South
2024-08-12,Coffee Table,5,913.95,15,Furniture,Central
2024-08-12,Laptop Pro,6,7793.35,42,Electronics,Central
2024-08-12,Winter Jacket,8,1237.28,48,Apparel,North
2024-08-12,Yoga Mat,7,234.2,61,Health,South
2024-08-12,Winter Jacket,3,486.25,36,Apparel,North
2024-08-12,Yoga Mat,3,115.18,70,Health,Central
2024-08-12,SmartPhone X,9,7374.22,57,Electronics,North
2024-08-12,Yoga Mat,8,293.37,46,Health,Central
2024-08-12,Winter Jacket,8,1375.17,61,Apparel,North
2024-08-12,Yoga Mat,2,73.55,48,Health,West
2024-08-12,Designer Jeans,5,441.84,104,Apparel,East
2024-08-12,Winter Jacket,7,1149.65,51,Apparel,South
2024-08-12,Winter Jacket,9,1467.07,57,Apparel,North
2024-08-12,Running Shoes,9,1049.09,61,Apparel,East
2024-08-12,Ergonomic Chair,6,1544.6,44,Furniture,North
2024-08-12,Laptop Pro,8,10311.63,38,Electronics,Central
2024-08-12,Wireless Earbuds,9,1244.18,82,Electronics,North
2024-08-12,Protein Powder,6,236.4,152,Health,Central
2024-08-12,SmartPhone X,6,4473.36,69,Electronics,North
2024-08-12,Yoga Mat,6,212.74,71,Health,Central
2024-08-12,Yoga Mat,3,103.38,64,Health,North
2024-08-13,Wireless Earbuds,1,137.4,100,Electronics,Central
2024-08-13,Protein Powder,4,144.74,135,Health,North
2024-08-13,SmartPhone X,7,5875.92,62,Electronics,North
2024-08-13,Wireless Earbuds,1,154.19,108,Electronics,South
2024-08-13,Multivitamins,2,51.59,179,Health,West
2024-08-13,SmartPhone X,4,3059.14,49,Electronics,West
2024-08-13,Winter Jacket,8,1296.53,44,Apparel,East
2024-08-13,Running Shoes,1,110.44,68,Apparel,South
2024-08-13,Protein Powder,7,294.95,149,Health,North
2024-08-13,Multivitamins,8,214.8,186,Health,East
2024-08-13,Wireless Earbuds,4,627.29,92,Electronics,Central
2024-08-13,Multivitamins,2,45.02,193,Health,South
2024-08-13,Ergonomic Chair,9,2420.54,41,Furniture,North
2024-08-13,Winter Jacket,3,451.14,45,Apparel,East
2024-08-13,Ergonomic Chair,9,2329.46,26,Furniture,East
2024-08-13,Wireless Earbuds,4,649.87,93,Electronics,North
2024-08-13,Running Shoes,5,549.49,69,Apparel,North
2024-08-13,Running Shoes,3,348.14,80,Apparel,Central
2024-08-13,Winter Jacket,1,156.74,54,Apparel,Central
2024-08-13,Multivitamins,9,231.81,177,Health,South
2024-08-13,Designer Jeans,7,617.13,89,Apparel,South
2024-08-14,Ergonomic Chair,5,1146.42,40,Furniture,East
2024-08-14,Winter Jacket,8,1292.21,50,Apparel,South
2024-08-14,Laptop Pro,8,10261.15,50,Electronics,West
2024-08-14,Ergonomic Chair,6,1456.19,39,Furniture,East
2024-08-14,Running Shoes,7,829.13,62,Apparel,West
2024-08-14,Yoga Mat,8,292.45,66,Health,West
2024-08-14,Wireless Earbuds,7,980.29,90,Electronics,North
2024-08-14,Coffee Table,4,732.82,19,Furniture,East
2024-08-14,Multivitamins,9,234.78,177,Health,East
2024-08-14,Coffee Table,9,1730.43,13,Furniture,South
2024-08-14,Multivitamins,9,203.12,182,Health,West
2024-08-14,Designer Jeans,7,601.63,89,Apparel,East
2024-08-14,Ergonomic Chair,4,939.39,39,Furniture,Central
2024-08-14,Coffee Table,7,1322.85,33,Furniture,North
2024-08-14,Coffee Table,9,1635.44,33,Furniture,West
2024-08-14,Running Shoes,2,217.21,75,Apparel,North
2024-08-14,SmartPhone X,7,5268.76,49,Electronics,Central
2024-08-14,Wireless Earbuds,6,810.56,106,Electronics,Central
2024-08-14,Coffee Table,7,1235.07,15,Furniture,North
2024-08-14,SmartPhone X,1,747.35,60,Electronics,West
2024-08-14,Winter Jacket,8,1180.23,58,Apparel,South
2024-08-14,Laptop Pro,7,7614.65,31,Electronics,South
2024-08-14,Designer Jeans,8,653.73,106,Apparel,West
2024-08-15,Designer Jeans,7,665.89,88,Apparel,Central
2024-08-15,Yoga Mat,2,71.59,60,Health,Central
2024-08-15,Winter Jacket,5,816.95,41,Apparel,South
2024-08-15,Ergonomic Chair,6,1589.65,29,Furniture,North
2024-08-15,Multivitamins,6,158.14,174,Health,East
2024-08-15,Wireless Earbuds,3,436.85,95,Electronics,East
2024-08-15,Running Shoes,7,765.12,69,Apparel,West
2024-08-15,Running Shoes,1,127.75,70,Apparel,West
2024-08-15,Protein Powder,2,83.51,139,Health,South
2024-08-15,Running Shoes,1,119.63,79,Apparel,Central
2024-08-15,Ergonomic Chair,6,1505.85,42,Furniture,South
2024-08-15,Running Shoes,6,663.65,75,Apparel,Central
2024-08-15,Ergonomic Chair,6,1562.85,21,Furniture,North
2024-08-15,Coffee Table,7,1254.99,7,Furniture,West
2024-08-15,SmartPhone X,8,6475.85,55,Electronics,South
2024-08-15,Ergonomic Chair,9,2428.55,37,Furniture,West
2024-08-15,Protein Powder,3,124.75,140,Health,Central
2024-08-15,Yoga Mat,4,142.37,47,Health,North
2024-08-15,Coffee Table,1,194.04,13,Furniture,South
2024-08-16,Ergonomic Chair,1,226.25,39,Furniture,South
2024-08-16,Protein Powder,9,379.9,152,Health,East
2024-08-16,SmartPhone X,7,5666.1,57,Electronics,North
2024-08-16,Wireless Earbuds,4,614.34,83,Electronics,Central
2024-08-16,Winter Jacket,3,523.81,41,Apparel,South
2024-08-16,Yoga Mat,3,110.54,58,Health,East
2024-08-16,Running Shoes,3,382.82,71,Apparel,South
2024-08-16,Yoga Mat,6,191.92,60,Health,East
2024-08-16,SmartPhone X,6,5196.44,54,Electronics,West
2024-08-16,SmartPhone X,2,1625.25,67,Electronics,East
2024-08-16,Running Shoes,6,727.97,76,Apparel,West
2024-08-16,Office Desk,6,2216.22,27,Furniture,Central
2024-08-16,Multivitamins,9,222.58,182,Health,South
2024-08-16,Running Shoes,3,351.89,76,Apparel,Central
2024-08-16,Running Shoes,4,480.33,63,Apparel,East
2024-08-16,Wireless Earbuds,6,919.39,104,Electronics,West
2024-08-16,Designer Jeans,7,675.3,82,Apparel,South
2024-08-16,Protein Powder,2,87.6,125,Health,South
2024-08-16,Yoga Mat,7,266.79,54,Health,North
2024-08-16,Running Shoes,3,327.77,66,Apparel,North
2024-08-16,Wireless Earbuds,6,812.5,94,Electronics,East
2024-08-16,Wireless Earbuds,6,970.12,101,Electronics,North
2024-08-16,Yoga Mat,3,101.71,56,Health,South
2024-08-16,Protein Powder,1,41.44,148,Health,North
2024-08-16,Wireless Earbuds,8,1262.66,101,Electronics,Central
2024-08-16,Wireless Earbuds,3,422.15,102,Electronics,Central
2024-08-16,Multivitamins,8,182.96,176,Health,East
2024-08-17,Ergonomic Chair,4,964.52,44,Furniture,South
2024-08-17,Running Shoes,3,327.89,61,Apparel,North
2024-08-17,Coffee Table,9,1585.55,16,Furniture,Central
2024-08-17,Running Shoes,5,628.76,83,Apparel,Central
2024-08-17,Coffee Table,9,1769.43,18,Furniture,Central
2024-08-17,Wireless Earbuds,8,1209.96,84,Electronics,North
2024-08-17,Multivitamins,8,204.33,177,Health,East
2024-08-17,Winter Jacket,1,150.38,54,Apparel,South
2024-08-17,Designer Jeans,3,271.73,106,Apparel,Central
2024-08-17,Ergonomic Chair,9,2319.26,46,Furniture,East
2024-08-18,Office Desk,2,631.18,13,Furniture,Central
2024-08-18,Office Desk,5,1793.9,23,Furniture,South
2024-08-18,Multivitamins,8,191.73,186,Health,South
2024-08-18,Wireless Earbuds,2,322.55,94,Electronics,Central
2024-08-18,Wireless Earbuds,6,842.77,96,Electronics,North
2024-08-18,Coffee Table,8,1385.43,31,Furniture,Central
2024-08-18,Wireless Earbuds,8,1189.6,105,Electronics,South
2024-08-18,Running Shoes,1,112.75,71,Apparel,West
2024-08-18,Office Desk,7,2376.28,20,Furniture,North
2024-08-18,Winter Jacket,7,1113.1,60,Apparel,Central
2024-08-19,Protein Powder,7,300.49,151,Health,South
2024-08-19,Multivitamins,9,227.15,171,Health,South
2024-08-19,Laptop Pro,2,2373.42,52,Electronics,North
2024-08-19,Winter Jacket,2,349.55,38,Apparel,North
2024-08-19,Office Desk,6,1925.64,16,Furniture,East
2024-08-19,Protein Powder,4,153.57,140,Health,South
2024-08-19,Wireless Earbuds,5,817.88,89,Electronics,West
2024-08-19,Yoga Mat,7,236.63,50,Health,East
2024-08-19,Office Desk,7,2310.7,22,Furniture,South
2024-08-19,Running Shoes,9,1173.3,72,Apparel,South
2024-08-19,Ergonomic Chair,9,2095.58,25,Furniture,North
2024-08-19,Multivitamins,6,150.29,185,Health,South
2024-08-19,Ergonomic Chair,3,798.68,37,Furniture,East
2024-08-19,Wireless Earbuds,5,778.4,102,Electronics,South
2024-08-19,Coffee Table,9,1736.26,26,Furniture,Central
2024-08-19,Ergonomic Chair,4,979.72,26,Furniture,South
2024-08-19,SmartPhone X,3,2562.95,52,Electronics,Central
2024-08-19,Multivitamins,6,139.45,188,Health,East
2024-08-20,Yoga Mat,5,175.34,43,Health,Central
2024-08-20,Protein Powder,4,147.98,146,Health,North
2024-08-20,Yoga Mat,2,74.8,51,Health,East
2024-08-20,SmartPhone X,5,3786.88,65,Electronics,South
2024-08-20,Multivitamins,8,195.41,187,Health,East
2024-08-20,Office Desk,5,1783.88,13,Furniture,West
2024-08-20,Multivitamins,2,45.7,174,Health,East
2024-08-20,SmartPhone X,3,2384.63,44,Electronics,East
2024-08-20,Running Shoes,6,743.2,61,Apparel,East
2024-08-20,Running Shoes,3,380.76,76,Apparel,Central
2024-08-20,Ergonomic Chair,8,1922.39,38,Furniture,West
2024-08-20,Wireless Earbuds,8,1281.37,85,Electronics,South
2024-08-20,SmartPhone X,3,2504.31,42,Electronics,North
2024-08-20,Coffee Table,8,1340.2,28,Furniture,East
2024-08-20,Running Shoes,2,228.89,81,Apparel,North
2024-08-20,Ergonomic Chair,4,981.93,46,Furniture,North
2024-08-20,Protein Powder,7,281.52,136,Health,East
2024-08-20,Yoga Mat,4,136.66,67,Health,Central
2024-08-20,Ergonomic Chair,9,2064.48,44,Furniture,East
2024-08-20,SmartPhone X,9,7844.35,68,Electronics,East
2024-08-20,Office Desk,4,1425.02,36,Furniture,Central
2024-08-20,Laptop Pro,4,5229.19,43,Electronics,East
2024-08-21,Winter Jacket,1,157.31,36,Apparel,West
2024-08-21,Running Shoes,7,846.76,80,Apparel,Central
2024-08-21,Office Desk,1,376.37,35,Furniture,North
2024-08-21,Laptop Pro,8,9112.74,53,Electronics,Central
2024-08-21,Laptop Pro,8,8785.46,39,Electronics,South
2024-08-21,Designer Jeans,4,337.61,88,Apparel,North
2024-08-21,Multivitamins,5,134.93,192,Health,Central
2024-08-21,Winter Jacket,4,591.66,60,Apparel,Central
2024-08-21,Laptop Pro,2,2182.63,51,Electronics,South
2024-08-21,Wireless Earbuds,6,953.23,83,Electronics,West
2024-08-21,Designer Jeans,1,92.4,106,Apparel,Central
2024-08-21,Protein Powder,7,298.52,140,Health,West
2024-08-21,Yoga Mat,8,260.23,58,Health,South
2024-08-21,Running Shoes,8,900.48,66,Apparel,Central
2024-08-21,Ergonomic Chair,6,1508.75,43,Furniture,Central
2024-08-21,Winter Jacket,9,1546.6,46,Apparel,Central
2024-08-22,Office Desk,7,2470.11,20,Furniture,West
2024-08-22,Designer Jeans,3,280.2,93,Apparel,Central
2024-08-22,Yoga Mat,2,69.35,58,Health,South
2024-08-22,SmartPhone X,4,3450.14,67,Electronics,Central
2024-08-22,Protein Powder,1,39.33,144,Health,East
2024-08-22,Running Shoes,5,569.94,58,Apparel,North
2024-08-22,Running Shoes,3,356.75,66,Apparel,South
2024-08-22,Multivitamins,1,27.48,174,Health,West
2024-08-22,Office Desk,2,726.94,37,Furniture,North
2024-08-22,Multivitamins,7,180.82,167,Health,East
2024-08-22,Yoga Mat,6,206.33,50,Health,South
2024-08-22,Yoga Mat,1,31.83,57,Health,North
2024-08-22,Ergonomic Chair,1,243.4,26,Furniture,South
2024-08-22,Running Shoes,4,476.56,64,Apparel,East
2024-08-22,Wireless Earbuds,5,782.0,93,Electronics,North
2024-08-22,Protein Powder,4,159.34,122,Health,East
2024-08-22,Yoga Mat,9,330.12,53,Health,South
2024-08-22,SmartPhone X,4,2930.26,46,Electronics,South
2024-08-22,Laptop Pro,2,2455.86,33,Electronics,East
2024-08-22,Protein Powder,9,335.88,140,Health,Central
2024-08-22,Laptop Pro,4,4725.02,26,Electronics,East
2024-08-22,Ergonomic Chair,6,1489.34,38,Furniture,North
2024-08-22,Wireless Earbuds,9,1344.78,85,Electronics,East
2024-08-22,SmartPhone X,3,2503.7,58,Electronics,South
2024-08-22,Running Shoes,7,790.7,79,Apparel,South
2024-08-22,SmartPhone X,2,1753.76,63,Electronics,South
2024-08-22,Wireless Earbuds,4,572.9,97,Electronics,East
2024-08-22,Winter Jacket,7,1171.35,33,Apparel,Central
2024-08-23,Running Shoes,4,479.51,65,Apparel,South
2024-08-23,Protein Powder,4,144.37,136,Health,East
2024-08-23,Wireless Earbuds,4,611.78,94,Electronics,South
2024-08-23,Wireless Earbuds,9,1356.73,102,Electronics,Central
2024-08-23,Laptop Pro,6,6967.15,46,Electronics,East
2024-08-23,Yoga Mat,3,95.86,44,Health,East
2024-08-23,Running Shoes,7,858.51,67,Apparel,West
2024-08-23,Winter Jacket,1,155.47,52,Apparel,North
2024-08-23,Yoga Mat,7,247.8,64,Health,North
2024-08-23,Office Desk,5,1792.61,30,Furniture,Central
2024-08-23,Running Shoes,3,374.98,55,Apparel,Central
2024-08-23,Laptop Pro,2,2454.89,41,Electronics,South
2024-08-23,Yoga Mat,4,135.18,52,Health,South
2024-08-23,Yoga Mat,2,70.63,68,Health,North
2024-08-23,Yoga Mat,1,33.17,44,Health,North
2024-08-23,Yoga Mat,5,165.34,47,Health,South
2024-08-23,Coffee Table,3,556.06,28,Furniture,West
2024-08-23,Running Shoes,9,1129.85,74,Apparel,West
2024-08-23,Ergonomic Chair,8,2013.04,40,Furniture,North
2024-08-23,SmartPhone X,7,5608.57,70,Electronics,Central
2024-08-23,Multivitamins,2,47.67,187,Health,South
2024-08-23,Coffee Table,8,1568.04,26,Furniture,South
2024-08-23,Multivitamins,3,71.24,181,Health,North
2024-08-24,Ergonomic Chair,3,786.83,21,Furniture,South
2024-08-24,Laptop Pro,4,4692.63,41,Electronics,West
2024-08-24,Designer Jeans,6,562.21,80,Apparel,South
2024-08-24,Ergonomic Chair,6,1407.21,47,Furniture,South
2024-08-24,Ergonomic Chair,5,1359.97,49,Furniture,South
2024-08-24,Protein Powder,4,173.02,132,Health,East
2024-08-24,Winter Jacket,4,628.05,37,Apparel,North
2024-08-24,Yoga Mat,8,298.03,69,Health,West
2024-08-24,Winter Jacket,5,819.57,41,Apparel,West
2024-08-24,Designer Jeans,5,425.91,87,Apparel,West
2024-08-24,SmartPhone X,6,4815.64,68,Electronics,East
2024-08-24,Designer Jeans,1,89.1,84,Apparel,Central
2024-08-24,Yoga Mat,5,172.45,62,Health,South
2024-08-24,SmartPhone X,9,6566.77,59,Electronics,West
2024-08-24,Winter Jacket,5,860.68,46,Apparel,North
2024-08-25,Running Shoes,8,920.24,74,Apparel,South
2024-08-25,Ergonomic Chair,2,514.47,28,Furniture,East
2024-08-25,Running Shoes,8,1043.59,59,Apparel,West
2024-08-25,Designer Jeans,6,539.5,77,Apparel,East
2024-08-25,Coffee Table,9,1689.85,34,Furniture,West
2024-08-25,Ergonomic Chair,8,2173.15,36,Furniture,North
2024-08-25,Ergonomic Chair,7,1685.63,49,Furniture,Central
2024-08-25,Protein Powder,3,118.94,144,Health,East
2024-08-25,Wireless Earbuds,8,1097.55,79,Electronics,East
2024-08-25,Ergonomic Chair,6,1506.48,33,Furniture,East
2024-08-25,Running Shoes,2,238.71,57,Apparel,Central
2024-08-26,Laptop Pro,4,4830.41,33,Electronics,West
2024-08-26,Office Desk,8,2679.88,26,Furniture,East
2024-08-26,Wireless Earbuds,9,1292.31,93,Electronics,West
2024-08-26,Wireless Earbuds,3,436.43,102,Electronics,West
2024-08-26,Protein Powder,6,250.14,135,Health,East
2024-08-26,Ergonomic Chair,5,1223.76,31,Furniture,South
2024-08-26,SmartPhone X,7,5226.39,70,Electronics,North
2024-08-26,Ergonomic Chair,8,2116.44,24,Furniture,South
2024-08-26,Ergonomic Chair,5,1259.5,42,Furniture,West
2024-08-26,Yoga Mat,4,127.41,67,Health,South
2024-08-26,Protein Powder,2,72.34,139,Health,East
2024-08-26,Coffee Table,1,197.15,19,Furniture,West
2024-08-26,Protein Powder,7,252.4,126,Health,Central
2024-08-26,Coffee Table,2,361.21,28,Furniture,East
2024-08-26,SmartPhone X,7,5691.74,43,Electronics,East
2024-08-26,Protein Powder,7,273.46,133,Health,West
2024-08-26,Ergonomic Chair,8,2065.64,35,Furniture,East
2024-08-26,SmartPhone X,5,3863.34,65,Electronics,North
2024-08-26,Running Shoes,4,522.09,67,Apparel,South
2024-08-26,Laptop Pro,1,1083.58,33,Electronics,East
2024-08-26,SmartPhone X,7,5701.52,67,Electronics,South
2024-08-26,Laptop Pro,1,1147.85,39,Electronics,Central
2024-08-26,Multivitamins,5,112.86,176,Health,East
2024-08-26,Designer Jeans,3,279.72,82,Apparel,East
2024-08-26,Designer Jeans,9,841.64,89,Apparel,North
2024-08-26,Winter Jacket,8,1162.61,56,Apparel,Central
2024-08-26,Yoga Mat,2,65.11,69,Health,West
2024-08-27,Ergonomic Chair,2,475.28,25,Furniture,Central
2024-08-27,Coffee Table,6,1143.25,11,Furniture,South
2024-08-27,Office Desk,3,1048.86,21,Furniture,South
2024-08-27,Laptop Pro,5,6388.98,45,Electronics,South
2024-08-27,Protein Powder,6,250.57,127,Health,West
2024-08-27,Coffee Table,8,1556.47,21,Furniture,North
2024-08-27,Winter Jacket,7,1117.1,46,Apparel,North
2024-08-27,Winter Jacket,1,151.9,33,Apparel,South
2024-08-27,Multivitamins,3,69.98,177,Health,East
2024-08-27,Designer Jeans,5,429.01,89,Apparel,West
2024-08-27,Multivitamins,4,98.4,184,Health,West
2024-08-27,SmartPhone X,8,5895.52,55,Electronics,West
2024-08-27,Laptop Pro,6,7704.3,30,Electronics,Central
2024-08-27,Designer Jeans,5,418.1,94,Apparel,East
2024-08-27,Running Shoes,8,892.85,84,Apparel,West
2024-08-27,Office Desk,1,324.29,26,Furniture,East
2024-08-27,Office Desk,4,1266.46,14,Furniture,North
2024-08-27,Designer Jeans,7,655.13,102,Apparel,West
2024-08-28,Designer Jeans,4,392.69,84,Apparel,East
2024-08-28,Multivitamins,3,81.62,191,Health,North
2024-08-28,SmartPhone X,5,4281.8,59,Electronics,East
2024-08-28,Multivitamins,5,126.98,191,Health,South
2024-08-28,Ergonomic Chair,8,2142.4,38,Furniture,East
2024-08-28,Protein Powder,1,37.69,138,Health,Central
2024-08-28,Laptop Pro,9,10917.85,50,Electronics,Central
2024-08-28,Wireless Earbuds,5,797.01,96,Electronics,East
2024-08-28,Running Shoes,7,880.87,54,Apparel,North
2024-08-28,SmartPhone X,1,805.05,43,Electronics,North
2024-08-28,Laptop Pro,9,10394.2,25,Electronics,West
2024-08-28,Protein Powder,3,115.76,132,Health,West
2024-08-28,SmartPhone X,1,780.45,50,Electronics,Central
2024-08-28,Multivitamins,1,24.97,185,Health,East
2024-08-28,SmartPhone X,5,4315.87,55,Electronics,West
2024-08-28,Winter Jacket,3,480.73,39,Apparel,Central
2024-08-28,Winter Jacket,7,1067.8,34,Apparel,South
2024-08-28,Wireless Earbuds,5,751.17,82,Electronics,South
2024-08-28,Laptop Pro,3,3793.43,40,Electronics,South
2024-08-28,Ergonomic Chair,9,2397.31,27,Furniture,Central
2024-08-28,Running Shoes,7,800.66,69,Apparel,North
2024-08-28,Multivitamins,1,27.28,169,Health,North
2024-08-28,Yoga Mat,2,64.61,57,Health,West
2024-08-28,Office Desk,7,2383.52,38,Furniture,Central
2024-08-28,Wireless Earbuds,7,1025.83,77,Electronics,East
2024-08-28,Protein Powder,9,364.96,125,Health,North
2024-08-29,Protein Powder,5,217.91,138,Health,North
2024-08-29,Yoga Mat,1,35.62,47,Health,North
2024-08-29,Coffee Table,5,872.35,17,Furniture,Central
2024-08-29,Multivitamins,3,82.19,188,Health,West
2024-08-29,Office Desk,2,649.77,39,Furniture,East
2024-08-29,Office Desk,4,1344.1,38,Furniture,Central
2024-08-29,Laptop Pro,9,10556.38,27,Electronics,North
2024-08-29,Designer Jeans,1,82.52,81,Apparel,Central
2024-08-29,Running Shoes,8,929.58,75,Apparel,Central
2024-08-29,Protein Powder,3,131.8,126,Health,West
2024-08-29,Coffee Table,1,173.45,32,Furniture,Central
2024-08-29,Wireless Earbuds,9,1282.75,78,Electronics,Central
2024-08-29,Wireless Earbuds,3,411.69,89,Electronics,East
2024-08-29,Coffee Table,3,578.9,34,Furniture,North
2024-08-29,Ergonomic Chair,5,1337.84,33,Furniture,Central
2024-08-29,Yoga Mat,8,281.16,58,Health,South
2024-08-29,Wireless Earbuds,9,1385.45,105,Electronics,Central
2024-08-29,Office Desk,4,1357.07,12,Furniture,South
2024-08-29,Laptop Pro,8,9157.86,34,Electronics,South
2024-08-29,Winter Jacket,9,1399.72,53,Apparel,South
2024-08-29,Running Shoes,8,941.95,60,Apparel,Central
2024-08-29,Protein Powder,5,182.93,131,Health,West
2024-08-29,Running Shoes,4,487.26,83,Apparel,North
2024-08-29,Yoga Mat,5,189.31,44,Health,East
2024-08-29,Multivitamins,8,208.02,172,Health,East
2024-08-29,Coffee Table,2,380.81,15,Furniture,South
2024-08-29,Running Shoes,7,858.98,66,Apparel,Central
2024-08-29,Winter Jacket,5,765.22,47,Apparel,South
2024-08-30,Protein Powder,2,76.39,141,Health,Central
2024-08-30,Laptop Pro,2,2316.08,33,Electronics,East
2024-08-30,Designer Jeans,5,427.43,83,Apparel,West
2024-08-30,Winter Jacket,1,169.22,49,Apparel,Central
2024-08-30,Designer Jeans,7,593.37,105,Apparel,North
2024-08-30,Yoga Mat,4,126.61,66,Health,North
2024-08-30,Multivitamins,6,138.99,189,Health,North
2024-08-30,Protein Powder,6,238.95,137,Health,East
2024-08-30,Coffee Table,6,1175.19,28,Furniture,Central
2024-08-30,Running Shoes,1,110.37,61,Apparel,East
2024-08-30,Ergonomic Chair,7,1853.56,27,Furniture,North
2024-08-30,Running Shoes,8,969.07,72,Apparel,East
2024-08-30,Winter Jacket,7,1098.43,37,Apparel,Central
2024-08-30,SmartPhone X,3,2344.74,70,Electronics,West
2024-08-30,SmartPhone X,9,7210.19,65,Electronics,Central
2024-08-30,Protein Powder,9,362.02,148,Health,North
2024-08-30,Running Shoes,8,912.34,75,Apparel,Central
2024-08-30,Multivitamins,6,152.5,167,Health,East
2024-08-30,Running Shoes,6,764.96,64,Apparel,West
2024-08-30,Running Shoes,9,1127.27,68,Apparel,South
2024-08-30,Running Shoes,1,123.42,75,Apparel,East
2024-08-31,Protein Powder,1,38.08,128,Health,West
2024-08-31,SmartPhone X,6,5128.49,70,Electronics,Central
2024-08-31,Wireless Earbuds,2,323.83,80,Electronics,East
2024-08-31,Office Desk,9,3227.61,32,Furniture,Central
2024-08-31,Yoga Mat,6,224.2,58,Health,North
2024-08-31,Ergonomic Chair,8,2160.49,49,Furniture,South
2024-08-31,Laptop Pro,3,3715.47,38,Electronics,North
2024-08-31,Laptop Pro,9,10037.45,53,Electronics,Central
2024-08-31,Protein Powder,1,37.11,142,Health,West
2024-08-31,Wireless Earbuds,1,152.89,99,Electronics,South
2024-08-31,Running Shoes,9,1159.05,66,Apparel,North
2024-08-31,Coffee Table,5,834.71,20,Furniture,West
2024-08-31,Designer Jeans,7,612.63,86,Apparel,South
2024-08-31,SmartPhone X,3,2502.94,50,Electronics,North
2024-08-31,Wireless Earbuds,1,161.21,84,Electronics,East
2024-08-31,Protein Powder,4,167.37,119,Health,North
2024-08-31,Laptop Pro,7,9230.64,34,Electronics,West
2024-09-01,Multivitamins,3,74.08,176,Health,West
2024-09-01,Wireless Earbuds,6,828.24,94,Electronics,West
2024-09-01,SmartPhone X,4,3306.93,60,Electronics,Central
2024-09-01,Running Shoes,1,127.29,61,Apparel,North
2024-09-01,Office Desk,3,1138.54,11,Furniture,Central
2024-09-01,Winter Jacket,5,782.22,38,Apparel,West
2024-09-01,Ergonomic Chair,6,1595.36,27,Furniture,South
2024-09-01,Laptop Pro,8,10423.59,42,Electronics,South
2024-09-01,Yoga Mat,8,284.99,49,Health,East
2024-09-01,Ergonomic Chair,9,2204.32,42,Furniture,Central
2024-09-01,Office Desk,8,2862.22,31,Furniture,South
2024-09-01,Multivitamins,5,132.1,179,Health,South
2024-09-01,Laptop Pro,8,8698.44,29,Electronics,East
2024-09-01,Office Desk,9,3385.94,16,Furniture,South
2024-09-01,Protein Powder,4,157.97,121,Health,West
2024-09-01,Winter Jacket,7,1188.98,54,Apparel,North
2024-09-01,Coffee Table,8,1349.36,8,Furniture,West
2024-09-02,Protein Powder,4,174.66,123,Health,West
2024-09-02,Yoga Mat,8,287.86,49,Health,West
2024-09-02,Office Desk,2,647.4,31,Furniture,East
2024-09-02,SmartPhone X,2,1452.77,49,Electronics,East
2024-09-02,Running Shoes,6,702.34,77,Apparel,Central
2024-09-02,Winter Jacket,1,158.81,51,Apparel,Central
2024-09-02,Designer Jeans,8,756.57,88,Apparel,South
2024-09-02,SmartPhone X,3,2542.77,50,Electronics,West
2024-09-02,Yoga Mat,8,280.78,48,Health,North
2024-09-02,Winter Jacket,9,1539.03,48,Apparel,South
2024-09-02,Winter Jacket,7,1091.49,41,Apparel,North
2024-09-02,Ergonomic Chair,4,1068.03,25,Furniture,East
2024-09-02,Running Shoes,3,384.54,61,Apparel,East
2024-09-02,Designer Jeans,5,407.18,93,Apparel,North
2024-09-02,Protein Powder,5,188.61,135,Health,Central
2024-09-02,SmartPhone X,7,5123.71,63,Electronics,Central
2024-09-02,Ergonomic Chair,8,1873.75,36,Furniture,Central
2024-09-02,Ergonomic Chair,2,487.71,41,Furniture,South
2024-09-02,Laptop Pro,7,9032.2,41,Electronics,North
2024-09-02,Running Shoes,8,917.75,82,Apparel,North
2024-09-03,Wireless Earbuds,1,145.4,102,Electronics,South
2024-09-03,Laptop Pro,4,4586.6,37,Electronics,South
2024-09-03,Coffee Table,5,866.94,12,Furniture,East
2024-09-03,Laptop Pro,9,10287.65,31,Electronics,North
2024-09-03,SmartPhone X,4,3034.37,53,Electronics,East
2024-09-03,Laptop Pro,5,5762.86,32,Electronics,West
2024-09-03,Yoga Mat,6,221.22,46,Health,East
2024-09-03,SmartPhone X,7,5190.61,44,Electronics,South
2024-09-03,Multivitamins,4,108.05,187,Health,Central
2024-09-03,Coffee Table,7,1234.52,28,Furniture,East
2024-09-03,Protein Powder,1,43.11,145,Health,South
2024-09-03,Coffee Table,4,671.68,13,Furniture,North
2024-09-03,Coffee Table,8,1518.5,9,Furniture,West
2024-09-03,SmartPhone X,2,1523.73,51,Electronics,North
2024-09-03,Office Desk,2,758.05,35,Furniture,West
2024-09-03,Ergonomic Chair,2,494.6,39,Furniture,East
2024-09-03,Winter Jacket,1,156.83,45,Apparel,South
2024-09-03,Winter Jacket,5,790.01,47,Apparel,Central
2024-09-03,Winter Jacket,4,577.95,37,Apparel,Central
2024-09-03,SmartPhone X,9,6848.51,62,Electronics,North
2024-09-03,Office Desk,1,364.39,14,Furniture,Central
2024-09-04,Wireless Earbuds,7,1077.75,79,Electronics,North
2024-09-04,Winter Jacket,9,1577.56,50,Apparel,North
2024-09-04,Yoga Mat,1,36.92,66,Health,Central
2024-09-04,Yoga Mat,8,252.47,44,Health,West
2024-09-04,Protein Powder,7,307.98,133,Health,North
2024-09-04,Running Shoes,1,131.65,79,Apparel,West
2024-09-04,Coffee Table,6,1163.57,31,Furniture,North
2024-09-04,Winter Jacket,7,1211.0,53,Apparel,East
2024-09-04,Laptop Pro,9,10515.24,44,Electronics,East
2024-09-04,Protein Powder,2,83.09,122,Health,Central
2024-09-04,Winter Jacket,3,477.72,61,Apparel,West
2024-09-04,Office Desk,1,349.72,24,Furniture,Central
2024-09-04,Laptop Pro,4,4942.99,31,Electronics,North
2024-09-04,Yoga Mat,3,96.37,51,Health,West
2024-09-04,Multivitamins,7,162.99,165,Health,West
2024-09-04,Protein Powder,4,158.21,140,Health,East
2024-09-04,Running Shoes,6,744.15,59,Apparel,South
2024-09-04,Multivitamins,9,231.68,164,Health,South
2024-09-04,Running Shoes,1,126.47,76,Apparel,North
2024-09-04,Designer Jeans,1,91.28,90,Apparel,South
2024-09-05,Coffee Table,8,1315.53,29,Furniture,North
2024-09-05,Running Shoes,5,561.07,54,Apparel,North
2024-09-05,Winter Jacket,3,520.26,48,Apparel,East
2024-09-05,Ergonomic Chair,8,1872.39,26,Furniture,Central
2024-09-05,Yoga Mat,5,189.9,48,Health,South
2024-09-05,Yoga Mat,6,205.36,59,Health,North
2024-09-05,Wireless Earbuds,5,792.57,83,Electronics,East
2024-09-05,Ergonomic Chair,6,1523.36,29,Furniture,East
2024-09-05,Laptop Pro,8,10227.01,27,Electronics,East
2024-09-05,Winter Jacket,6,886.51,41,Apparel,North
2024-09-05,Winter Jacket,1,146.65,50,Apparel,North
2024-09-05,Laptop Pro,7,8358.27,42,Electronics,East
2024-09-05,Winter Jacket,3,527.95,34,Apparel,North
2024-09-05,Winter Jacket,6,953.03,34,Apparel,South
2024-09-05,Designer Jeans,6,524.32,82,Apparel,West
2024-09-05,Laptop Pro,7,7663.86,46,Electronics,East
2024-09-05,Running Shoes,3,364.75,65,Apparel,East
2024-09-05,Multivitamins,1,22.75,189,Health,South
2024-09-05,Protein Powder,5,214.06,130,Health,Central
2024-09-05,Multivitamins,6,141.5,171,Health,East
2024-09-05,Designer Jeans,4,384.64,96,Apparel,East
2024-09-06,Yoga Mat,5,182.24,53,Health,West
2024-09-06,Coffee Table,7,1368.44,20,Furniture,North
2024-09-06,Wireless Earbuds,9,1442.7,100,Electronics,East
2024-09-06,SmartPhone X,9,6801.35,46,Electronics,East
2024-09-06,Winter Jacket,1,171.41,37,Apparel,East
2024-09-06,Multivitamins,5,125.3,182,Health,North
2024-09-06,Yoga Mat,4,139.04,65,Health,North
2024-09-06,Protein Powder,1,39.54,135,Health,North
2024-09-06,Protein Powder,5,202.08,133,Health,South
2024-09-06,Coffee Table,7,1322.45,28,Furniture,South
2024-09-06,Winter Jacket,5,784.16,50,Apparel,South
2024-09-06,Wireless Earbuds,6,918.16,86,Electronics,East
2024-09-06,Multivitamins,4,100.91,171,Health,North
2024-09-06,Office Desk,9,2883.77,37,Furniture,Central
2024-09-06,Protein Powder,4,153.7,143,Health,East
2024-09-07,Running Shoes,1,130.8,70,Apparel,South
2024-09-07,Protein Powder,1,38.02,125,Health,South
2024-09-07,Multivitamins,6,138.08,166,Health,North
2024-09-07,Laptop Pro,2,2299.8,49,Electronics,West
2024-09-07,SmartPhone X,9,7107.93,48,Electronics,South
2024-09-07,Coffee Table,1,186.41,21,Furniture,South
2024-09-07,Ergonomic Chair,2,497.56,34,Furniture,West
2024-09-07,Office Desk,1,319.86,13,Furniture,North
2024-09-07,Running Shoes,6,734.83,71,Apparel,East
2024-09-07,SmartPhone X,4,3310.54,68,Electronics,South
2024-09-07,Designer Jeans,2,174.2,89,Apparel,South
2024-09-07,Winter Jacket,6,891.95,42,Apparel,East
2024-09-07,Yoga Mat,4,152.78,48,Health,North
2024-09-07,Protein Powder,8,340.53,119,Health,North
2024-09-07,SmartPhone X,3,2556.96,52,Electronics,South
2024-09-07,Multivitamins,5,129.46,185,Health,Central
2024-09-08,Multivitamins,1,27.41,168,Health,Central
2024-09-08,SmartPhone X,3,2635.32,52,Electronics,South
2024-09-08,Protein Powder,2,82.02,135,Health,East
2024-09-08,Wireless Earbuds,7,1130.89,79,Electronics,South
2024-09-08,Ergonomic Chair,7,1581.81,48,Furniture,West
2024-09-08,Protein Powder,5,186.45,121,Health,West
2024-09-08,Laptop Pro,3,3815.84,26,Electronics,North
2024-09-08,Coffee Table,6,1135.21,21,Furniture,East
2024-09-08,Ergonomic Chair,7,1616.24,27,Furniture,West
2024-09-08,Office Desk,4,1363.28,24,Furniture,West
2024-09-08,Ergonomic Chair,9,2235.25,44,Furniture,South
2024-09-08,Coffee Table,2,364.41,10,Furniture,North
2024-09-08,Office Desk,9,3087.73,16,Furniture,South
2024-09-08,Wireless Earbuds,9,1432.12,103,Electronics,West
2024-09-08,Ergonomic Chair,2,538.33,48,Furniture,West
2024-09-08,Multivitamins,7,186.57,161,Health,North
2024-09-08,Yoga Mat,1,35.68,49,Health,Central
2024-09-09,Coffee Table,2,388.95,35,Furniture,Central
2024-09-09,Winter Jacket,5,826.78,56,Apparel,East
2024-09-09,Protein Powder,9,390.13,136,Health,South
2024-09-09,Wireless Earbuds,8,1289.34,77,Electronics,West
2024-09-09,Coffee Table,3,519.53,18,Furniture,North
2024-09-09,SmartPhone X,5,3981.06,59,Electronics,West
2024-09-09,Running Shoes,8,982.54,76,Apparel,South
2024-09-09,SmartPhone X,6,4701.38,66,Electronics,Central
2024-09-09,SmartPhone X,3,2448.92,44,Electronics,South
2024-09-09,Protein Powder,6,253.07,126,Health,West
2024-09-09,Running Shoes,3,334.54,69,Apparel,Central
2024-09-09,Winter Jacket,8,1177.81,48,Apparel,West
2024-09-09,Office Desk,8,2704.61,14,Furniture,South
2024-09-09,Laptop Pro,8,8783.58,33,Electronics,South
2024-09-09,Coffee Table,8,1433.42,8,Furniture,West
2024-09-09,Winter Jacket,8,1362.66,60,Apparel,Central
2024-09-09,Ergonomic Chair,4,924.88,23,Furniture,North
2024-09-09,Ergonomic Chair,5,1327.37,28,Furniture,North
2024-09-09,Designer Jeans,3,257.72,99,Apparel,West
2024-09-09,Winter Jacket,2,345.85,55,Apparel,Central
2024-09-09,Running Shoes,5,599.54,74,Apparel,North
2024-09-09,Protein Powder,9,355.93,120,Health,North
2024-09-09,Protein Powder,9,375.79,122,Health,Central
2024-09-09,SmartPhone X,1,846.0,65,Electronics,East
2024-09-09,Multivitamins,9,236.29,169,Health,East
2024-09-09,Laptop Pro,6,7310.0,38,Electronics,North
2024-09-09,Yoga Mat,4,150.08,44,Health,South
2024-09-09,Wireless Earbuds,9,1228.52,91,Electronics,South
2024-09-09,Protein Powder,6,228.22,135,Health,East
2024-09-10,Running Shoes,2,238.32,62,Apparel,West
2024-09-10,Office Desk,7,2465.36,35,Furniture,North
2024-09-10,Multivitamins,2,46.55,172,Health,North
2024-09-10,Ergonomic Chair,6,1478.6,21,Furniture,West
2024-09-10,Designer Jeans,9,754.45,87,Apparel,South
2024-09-10,Yoga Mat,2,75.47,47,Health,East
2024-09-10,SmartPhone X,3,2330.19,43,Electronics,East
2024-09-10,SmartPhone X,4,3093.89,58,Electronics,South
2024-09-10,Designer Jeans,4,368.53,82,Apparel,West
2024-09-10,Protein Powder,4,145.28,140,Health,East
2024-09-10,SmartPhone X,1,774.94,43,Electronics,South
2024-09-10,Coffee Table,5,825.03,12,Furniture,East
2024-09-10,Office Desk,1,362.39,17,Furniture,North
2024-09-10,Office Desk,4,1432.27,32,Furniture,West
2024-09-10,Winter Jacket,3,507.34,52,Apparel,South
2024-09-11,Protein Powder,5,198.14,140,Health,North
2024-09-11,Protein Powder,8,346.23,129,Health,North
2024-09-11,Winter Jacket,1,144.36,41,Apparel,South
2024-09-11,Office Desk,7,2426.43,39,Furniture,South
2024-09-11,Yoga Mat,9,314.22,68,Health,Central
2024-09-11,Wireless Earbuds,7,1077.25,92,Electronics,North
2024-09-11,Wireless Earbuds,2,294.31,102,Electronics,South
2024-09-11,Running Shoes,8,963.68,57,Apparel,Central
2024-09-11,Yoga Mat,9,289.72,47,Health,North
2024-09-11,Laptop Pro,8,9143.55,26,Electronics,South
2024-09-11,Office Desk,5,1834.78,32,Furniture,East
2024-09-11,Yoga Mat,1,36.85,58,Health,Central
2024-09-11,Multivitamins,4,100.93,177,Health,East
2024-09-11,Winter Jacket,1,151.28,48,Apparel,South
2024-09-11,Coffee Table,1,197.97,16,Furniture,East
2024-09-11,Ergonomic Chair,1,227.93,42,Furniture,North
2024-09-11,Ergonomic Chair,8,1997.76,20,Furniture,North
2024-09-11,Multivitamins,9,206.14,176,Health,East
2024-09-11,Wireless Earbuds,8,1094.68,92,Electronics,West
2024-09-11,Multivitamins,2,49.9,184,Health,West
2024-09-12,Yoga Mat,7,263.04,40,Health,North
2024-09-12,SmartPhone X,3,2589.53,52,Electronics,North
2024-09-12,SmartPhone X,6,4933.69,67,Electronics,South
2024-09-12,Designer Jeans,9,766.38,78,Apparel,Central
2024-09-12,Multivitamins,8,195.47,175,Health,North
2024-09-12,Coffee Table,9,1643.96,21,Furniture,Central
2024-09-12,Coffee Table,6,986.74,21,Furniture,South
2024-09-12,Multivitamins,4,106.65,174,Health,South
2024-09-12,Wireless Earbuds,1,143.95,98,Electronics,West
2024-09-12,Yoga Mat,6,230.81,48,Health,Central
2024-09-12,SmartPhone X,8,6607.58,49,Electronics,Central
2024-09-12,Multivitamins,7,175.18,172,Health,Central
2024-09-12,Office Desk,3,1025.75,38,Furniture,North
2024-09-12,Laptop Pro,3,3253.34,34,Electronics,Central
2024-09-12,Protein Powder,9,349.02,122,Health,North
2024-09-12,Protein Powder,4,151.76,137,Health,North
2024-09-13,Laptop Pro,2,2309.56,45,Electronics,North
2024-09-13,Coffee Table,9,1507.34,17,Furniture,West
2024-09-13,Ergonomic Chair,7,1634.13,46,Furniture,Central
2024-09-13,Designer Jeans,4,343.19,78,Apparel,West
2024-09-13,Yoga Mat,9,294.03,50,Health,East
2024-09-13,Coffee Table,4,777.14,21,Furniture,North
2024-09-13,Winter Jacket,6,977.22,39,Apparel,West
2024-09-13,Wireless Earbuds,1,143.46,78,Electronics,North
2024-09-13,Coffee Table,8,1299.19,30,Furniture,West
2024-09-13,Yoga Mat,2,74.03,46,Health,East
2024-09-13,Laptop Pro,2,2331.92,46,Electronics,West
2024-09-13,Running Shoes,9,1084.16,59,Apparel,East
2024-09-13,Ergonomic Chair,9,2450.99,20,Furniture,West
2024-09-13,Ergonomic Chair,3,767.83,44,Furniture,East
2024-09-13,Wireless Earbuds,6,867.85,102,Electronics,South
2024-09-13,Multivitamins,6,149.01,170,Health,West
2024-09-13,Wireless Earbuds,4,625.28,79,Electronics,Central
2024-09-13,Multivitamins,5,129.0,180,Health,West
2024-09-13,Yoga Mat,1,36.95,68,Health,North
2024-09-14,Yoga Mat,2,74.06,46,Health,North
2024-09-14,Running Shoes,5,653.82,81,Apparel,North
2024-09-14,Designer Jeans,8,684.29,79,Apparel,East
2024-09-14,Ergonomic Chair,8,2126.92,27,Furniture,South
2024-09-14,Yoga Mat,2,72.92,60,Health,Central
2024-09-14,Yoga Mat,3,111.21,55,Health,East
2024-09-14,Coffee Table,4,679.89,16,Furniture,North
2024-09-14,Office Desk,4,1472.78,35,Furniture,North
2024-09-14,Running Shoes,6,702.08,52,Apparel,North
2024-09-14,Office Desk,6,2112.6,35,Furniture,East
2024-09-14,Laptop Pro,8,9904.98,36,Electronics,North
2024-09-15,Running Shoes,4,442.23,73,Apparel,Central
2024-09-15,SmartPhone X,6,5004.75,48,Electronics,East
2024-09-15,Winter Jacket,9,1311.99,54,Apparel,West
2024-09-15,Coffee Table,6,995.03,9,Furniture,Central
2024-09-15,Coffee Table,9,1704.21,18,Furniture,East
2024-09-15,Multivitamins,4,100.41,185,Health,North
2024-09-15,Office Desk,6,2118.78,28,Furniture,Central
2024-09-15,Ergonomic Chair,9,2221.11,28,Furniture,North
2024-09-15,Coffee Table,4,729.11,30,Furniture,West
2024-09-15,Office Desk,1,349.68,22,Furniture,South
2024-09-15,Winter Jacket,1,149.28,43,Apparel,West
2024-09-15,Winter Jacket,1,175.71,44,Apparel,South
2024-09-15,Office Desk,4,1341.8,23,Furniture,North
2024-09-15,Multivitamins,1,26.62,173,Health,East
2024-09-15,Multivitamins,3,81.36,174,Health,Central
2024-09-15,Designer Jeans,2,194.3,77,Apparel,North
2024-09-16,Running Shoes,6,737.2,54,Apparel,North
2024-09-16,Office Desk,9,2836.01,20,Furniture,South
2024-09-16,Wireless Earbuds,4,616.28,94,Electronics,South
2024-09-16,Running Shoes,7,867.59,81,Apparel,East
2024-09-16,Winter Jacket,2,289.41,37,Apparel,Central
2024-09-16,Yoga Mat,3,99.31,56,Health,North
2024-09-16,Winter Jacket,1,163.21,43,Apparel,South
2024-09-16,Wireless Earbuds,1,143.68,92,Electronics,East
2024-09-16,Designer Jeans,1,94.76,72,Apparel,North
2024-09-16,Winter Jacket,4,625.14,58,Apparel,North
2024-09-16,Office Desk,5,1773.62,14,Furniture,North
2024-09-16,SmartPhone X,7,5647.61,50,Electronics,East
2024-09-16,Yoga Mat,3,111.29,53,Health,West
2024-09-16,Office Desk,3,1144.38,30,Furniture,Central
2024-09-16,Protein Powder,5,211.82,137,Health,West
2024-09-16,Winter Jacket,3,437.78,41,Apparel,Central
2024-09-16,Running Shoes,3,388.46,62,Apparel,Central
2024-09-16,Coffee Table,1,197.74,8,Furniture,North
2024-09-16,Winter Jacket,5,765.61,35,Apparel,North
2024-09-16,Ergonomic Chair,3,723.93,25,Furniture,West
2024-09-16,SmartPhone X,7,5890.21,46,Electronics,South
2024-09-16,Protein Powder,5,203.95,138,Health,East
2024-09-17,Laptop Pro,2,2425.07,27,Electronics,Central
2024-09-17,Laptop Pro,8,8763.95,31,Electronics,West
2024-09-17,Office Desk,2,702.74,19,Furniture,East
2024-09-17,Designer Jeans,7,659.63,72,Apparel,South
2024-09-17,Coffee Table,6,1007.17,33,Furniture,South
2024-09-17,Ergonomic Chair,5,1307.18,25,Furniture,North
2024-09-17,Winter Jacket,2,302.46,37,Apparel,North
2024-09-17,Multivitamins,4,97.69,163,Health,North
2024-09-17,Wireless Earbuds,3,457.1,100,Electronics,West
2024-09-17,Running Shoes,4,444.68,81,Apparel,East
2024-09-17,Office Desk,6,2296.79,16,Furniture,North
2024-09-17,Wireless Earbuds,1,140.02,99,Electronics,North
2024-09-17,Multivitamins,9,236.56,168,Health,West
2024-09-17,Protein Powder,6,256.81,136,Health,East
2024-09-17,Ergonomic Chair,7,1805.95,21,Furniture,West
2024-09-17,Running Shoes,8,993.94,81,Apparel,East
2024-09-17,Running Shoes,8,887.51,57,Apparel,North
2024-09-18,Multivitamins,2,54.42,157,Health,West
2024-09-18,Coffee Table,6,1022.6,25,Furniture,West
2024-09-18,Ergonomic Chair,1,266.61,23,Furniture,North
2024-09-18,Ergonomic Chair,8,2139.87,30,Furniture,West
2024-09-18,Wireless Earbuds,4,542.42,92,Electronics,South
2024-09-18,Wireless Earbuds,7,1107.84,84,Electronics,West
2024-09-18,Protein Powder,7,256.27,117,Health,East
2024-09-18,Multivitamins,7,182.99,174,Health,South
2024-09-18,Protein Powder,6,219.17,119,Health,West
2024-09-18,Laptop Pro,4,4594.05,39,Electronics,West
2024-09-18,Ergonomic Chair,5,1270.28,26,Furniture,East
2024-09-18,SmartPhone X,3,2464.39,47,Electronics,South
2024-09-18,Protein Powder,5,199.94,122,Health,Central
2024-09-18,Yoga Mat,9,312.65,45,Health,East
2024-09-18,Coffee Table,7,1280.35,34,Furniture,East
2024-09-18,Wireless Earbuds,2,272.5,81,Electronics,Central
2024-09-18,Coffee Table,7,1176.27,34,Furniture,West
2024-09-18,Designer Jeans,8,730.84,82,Apparel,East
2024-09-18,Winter Jacket,5,800.18,54,Apparel,West
2024-09-18,Designer Jeans,8,650.95,99,Apparel,East
2024-09-18,Office Desk,4,1282.38,35,Furniture,South
2024-09-18,Winter Jacket,4,667.93,46,Apparel,North
2024-09-18,Laptop Pro,7,9034.09,35,Electronics,North
2024-09-18,Winter Jacket,2,341.05,60,Apparel,North
2024-09-19,Laptop Pro,4,5195.19,23,Electronics,West
2024-09-19,Yoga Mat,8,277.68,50,Health,North
2024-09-19,Designer Jeans,1,90.71,77,Apparel,East
2024-09-19,Protein Powder,6,216.34,120,Health,East
2024-09-19,Multivitamins,7,173.82,179,Health,South
2024-09-19,Ergonomic Chair,1,245.95,33,Furniture,West
2024-09-19,SmartPhone X,2,1581.75,64,Electronics,South
2024-09-19,Yoga Mat,1,35.65,48,Health,Central
2024-09-19,Wireless Earbuds,4,543.8,93,Electronics,East
2024-09-19,Ergonomic Chair,4,1052.18,23,Furniture,West
2024-09-19,Wireless Earbuds,9,1411.14,90,Electronics,South
2024-09-19,Yoga Mat,2,70.48,45,Health,West
2024-09-19,Designer Jeans,9,755.89,74,Apparel,South
2024-09-19,Running Shoes,6,698.81,54,Apparel,Central
2024-09-19,Ergonomic Chair,1,252.66,31,Furniture,South
2024-09-19,Running Shoes,7,905.99,59,Apparel,East
2024-09-19,Ergonomic Chair,8,1998.04,27,Furniture,East
2024-09-19,Multivitamins,5,118.34,162,Health,North
2024-09-19,Yoga Mat,8,307.41,42,Health,Central
2024-09-19,Designer Jeans,4,386.23,74,Apparel,South
2024-09-19,Ergonomic Chair,8,1925.04,43,Furniture,West
2024-09-19,Ergonomic Chair,4,1082.74,23,Furniture,South
2024-09-19,SmartPhone X,3,2335.98,62,Electronics,West
2024-09-20,Running Shoes,6,782.11,51,Apparel,West
2024-09-20,Designer Jeans,3,265.95,77,Apparel,South
2024-09-20,Ergonomic Chair,8,2164.31,24,Furniture,West
2024-09-20,Yoga Mat,8,264.56,56,Health,South
2024-09-20,Multivitamins,3,82.22,156,Health,Central
2024-09-20,Office Desk,7,2336.05,32,Furniture,East
2024-09-20,Multivitamins,6,164.15,183,Health,North
2024-09-20,Winter Jacket,2,297.68,39,Apparel,North
2024-09-20,Winter Jacket,2,300.04,55,Apparel,West
2024-09-20,Laptop Pro,1,1224.95,39,Electronics,Central
2024-09-20,Wireless Earbuds,2,317.84,100,Electronics,South
2024-09-20,Multivitamins,8,203.56,161,Health,West
2024-09-20,Ergonomic Chair,4,1024.53,31,Furniture,East
2024-09-20,Protein Powder,7,293.54,131,Health,West
2024-09-20,Running Shoes,6,659.76,75,Apparel,South
2024-09-20,Running Shoes,7,921.75,78,Apparel,East
2024-09-20,Laptop Pro,6,7448.96,49,Electronics,Central
2024-09-20,Winter Jacket,2,329.38,60,Apparel,Central
2024-09-20,Protein Powder,2,72.82,126,Health,South
2024-09-21,Office Desk,6,1927.11,35,Furniture,East
2024-09-21,Laptop Pro,2,2334.4,31,Electronics,West
2024-09-21,Running Shoes,7,855.99,62,Apparel,East
2024-09-21,Winter Jacket,9,1497.04,60,Apparel,South
2024-09-21,Protein Powder,6,261.52,139,Health,South
2024-09-21,Ergonomic Chair,7,1759.77,22,Furniture,North
2024-09-21,SmartPhone X,9,6841.14,49,Electronics,South
2024-09-21,Ergonomic Chair,9,2104.34,32,Furniture,North
2024-09-21,Designer Jeans,3,292.18,80,Apparel,North
2024-09-21,Winter Jacket,3,516.6,38,Apparel,Central
2024-09-21,Designer Jeans,3,275.76,83,Apparel,South
2024-09-21,Multivitamins,6,150.53,179,Health,South
2024-09-21,Yoga Mat,1,36.77,45,Health,North
2024-09-21,Coffee Table,5,885.23,16,Furniture,West
2024-09-21,Protein Powder,2,87.59,126,Health,Central
2024-09-22,Laptop Pro,9,11336.84,37,Electronics,West
2024-09-22,Protein Powder,8,344.91,140,Health,North
2024-09-22,Laptop Pro,4,5125.41,49,Electronics,West
2024-09-22,Laptop Pro,3,3287.71,22,Electronics,South
2024-09-22,Ergonomic Chair,2,534.93,33,Furniture,South
2024-09-22,Laptop Pro,4,4338.23,30,Electronics,East
2024-09-22,Coffee Table,2,394.43,27,Furniture,Central
2024-09-22,Office Desk,8,2832.92,22,Furniture,East
2024-09-22,Ergonomic Chair,8,1977.01,30,Furniture,Central
2024-09-22,Ergonomic Chair,9,2051.83,46,Furniture,South
2024-09-22,Winter Jacket,8,1287.0,37,Apparel,Central
2024-09-23,Running Shoes,2,261.98,67,Apparel,South
2024-09-23,Running Shoes,2,252.55,69,Apparel,North
2024-09-23,SmartPhone X,4,3022.08,39,Electronics,West
2024-09-23,Ergonomic Chair,6,1522.67,47,Furniture,South
2024-09-23,Office Desk,5,1634.29,11,Furniture,West
2024-09-23,Laptop Pro,6,7568.65,43,Electronics,West
2024-09-23,Coffee Table,2,340.16,17,Furniture,East
2024-09-23,Ergonomic Chair,7,1830.44,20,Furniture,East
2024-09-23,Laptop Pro,7,8675.43,24,Electronics,East
2024-09-23,SmartPhone X,3,2307.53,66,Electronics,East
2024-09-23,Coffee Table,2,367.26,24,Furniture,East
2024-09-23,Winter Jacket,5,850.47,31,Apparel,East
2024-09-23,Office Desk,8,2647.11,13,Furniture,North
2024-09-23,Wireless Earbuds,8,1306.81,98,Electronics,South
2024-09-23,Running Shoes,9,995.62,56,Apparel,Central
2024-09-23,Winter Jacket,6,871.56,38,Apparel,North
2024-09-24,Laptop Pro,4,4814.27,43,Electronics,South
2024-09-24,Designer Jeans,5,427.02,74,Apparel,East
2024-09-24,Protein Powder,8,308.79,138,Health,West
2024-09-24,Designer Jeans,2,169.32,71,Apparel,Central
2024-09-24,Ergonomic Chair,2,526.12,30,Furniture,East
2024-09-24,Running Shoes,3,375.0,51,Apparel,South
2024-09-24,Protein Powder,7,279.54,127,Health,North
2024-09-24,Yoga Mat,8,272.63,60,Health,East
2024-09-24,Designer Jeans,6,544.6,95,Apparel,Central
2024-09-24,Winter Jacket,3,499.95,30,Apparel,West
2024-09-24,Protein Powder,5,192.25,120,Health,North
2024-09-24,Coffee Table,1,163.49,6,Furniture,West
2024-09-24,Ergonomic Chair,3,710.96,34,Furniture,West
2024-09-24,Coffee Table,5,986.69,15,Furniture,South
2024-09-24,Multivitamins,4,104.67,168,Health,East
2024-09-24,Designer Jeans,2,167.87,91,Apparel,Central
2024-09-24,Ergonomic Chair,2,494.51,22,Furniture,West
2024-09-24,Ergonomic Chair,1,260.7,18,Furniture,West
2024-09-24,Yoga Mat,3,98.25,47,Health,North
2024-09-24,Laptop Pro,5,6520.31,38,Electronics,Central
2024-09-24,Running Shoes,2,234.26,77,Apparel,South
2024-09-24,Running Shoes,5,601.67,55,Apparel,South
2024-09-24,Coffee Table,8,1571.76,24,Furniture,Central
2024-09-24,Designer Jeans,4,391.15,87,Apparel,West
2024-09-24,Coffee Table,6,1128.62,35,Furniture,Central
2024-09-25,Protein Powder,5,188.61,120,Health,Central
2024-09-25,SmartPhone X,9,7432.65,50,Electronics,North
2024-09-25,Designer Jeans,3,263.88,100,Apparel,South
2024-09-25,Wireless Earbuds,2,326.85,100,Electronics,East
2024-09-25,Running Shoes,7,796.95,71,Apparel,North
2024-09-25,Laptop Pro,4,4344.7,36,Electronics,North
2024-09-25,Protein Powder,4,154.73,131,Health,East
2024-09-25,Office Desk,4,1454.05,16,Furniture,South
2024-09-25,Laptop Pro,2,2508.49,49,Electronics,North
2024-09-25,Protein Powder,8,336.35,120,Health,Central
2024-09-25,SmartPhone X,2,1732.63,65,Electronics,South
2024-09-25,Ergonomic Chair,7,1616.0,45,Furniture,West
2024-09-25,Multivitamins,8,186.04,175,Health,South
2024-09-25,Protein Powder,3,117.14,132,Health,North
2024-09-25,Office Desk,4,1400.51,19,Furniture,South
2024-09-25,Laptop Pro,6,7144.1,29,Electronics,North
2024-09-25,Protein Powder,7,277.6,118,Health,West
2024-09-25,Coffee Table,7,1222.57,8,Furniture,West
2024-09-25,Coffee Table,9,1484.25,12,Furniture,East
2024-09-25,Ergonomic Chair,1,227.43,44,Furniture,South
2024-09-25,Office Desk,1,381.86,11,Furniture,Central
2024-09-25,Protein Powder,7,262.85,123,Health,South
2024-09-25,Coffee Table,6,1098.29,9,Furniture,South
2024-09-26,Designer Jeans,8,686.9,87,Apparel,East
2024-09-26,Multivitamins,8,193.73,158,Health,East
2024-09-26,Multivitamins,8,218.62,166,Health,South
2024-09-26,Ergonomic Chair,3,717.68,23,Furniture,Central
2024-09-26,Designer Jeans,9,811.33,95,Apparel,Central
2024-09-26,Ergonomic Chair,9,2367.96,38,Furniture,Central
2024-09-26,Winter Jacket,3,477.72,32,Apparel,North
2024-09-26,Yoga Mat,5,188.18,63,Health,West
2024-09-26,Yoga Mat,1,36.52,55,Health,South
2024-09-26,Designer Jeans,3,288.68,78,Apparel,Central
2024-09-26,Designer Jeans,4,328.7,94,Apparel,South
2024-09-26,Protein Powder,8,346.34,140,Health,North
2024-09-26,Office Desk,1,329.67,13,Furniture,West
2024-09-26,Yoga Mat,2,64.42,50,Health,West
2024-09-26,Laptop Pro,6,7272.36,27,Electronics,West
2024-09-26,Ergonomic Chair,4,1059.49,43,Furniture,Central
2024-09-26,Coffee Table,7,1149.01,33,Furniture,Central
2024-09-26,Winter Jacket,4,622.04,31,Apparel,East
2024-09-26,Multivitamins,4,104.72,156,Health,North
2024-09-26,SmartPhone X,8,6126.75,54,Electronics,North
2024-09-26,Wireless Earbuds,9,1444.38,71,Electronics,South
2024-09-26,Wireless Earbuds,2,320.08,99,Electronics,North
2024-09-26,SmartPhone X,4,3212.52,61,Electronics,South
2024-09-27,Laptop Pro,5,6056.3,22,Electronics,West
2024-09-27,Multivitamins,8,199.45,156,Health,South
2024-09-27,Yoga Mat,5,188.97,42,Health,East
2024-09-27,Office Desk,4,1276.9,23,Furniture,East
2024-09-27,Designer Jeans,7,649.86,80,Apparel,North
2024-09-27,Wireless Earbuds,6,952.65,98,Electronics,Central
2024-09-27,Yoga Mat,9,302.83,51,Health,West
2024-09-27,Wireless Earbuds,7,1050.09,89,Electronics,Central
2024-09-27,Yoga Mat,8,275.45,41,Health,North
2024-09-27,Winter Jacket,5,823.72,35,Apparel,Central
2024-09-27,Wireless Earbuds,1,153.76,94,Electronics,West
2024-09-27,SmartPhone X,3,2473.37,65,Electronics,West
2024-09-27,Multivitamins,8,190.67,173,Health,West
2024-09-27,Designer Jeans,1,87.66,73,Apparel,South
2024-09-27,SmartPhone X,6,4387.06,55,Electronics,East
2024-09-27,Designer Jeans,4,374.02,79,Apparel,Central
2024-09-27,Running Shoes,4,488.01,65,Apparel,West
2024-09-27,Multivitamins,9,237.1,166,Health,South
2024-09-27,Winter Jacket,7,1040.13,33,Apparel,East
2024-09-27,Protein Powder,1,42.02,126,Health,East
2024-09-27,Wireless Earbuds,3,462.49,76,Electronics,West
2024-09-27,Designer Jeans,6,493.19,96,Apparel,West
2024-09-27,Designer Jeans,8,775.06,74,Apparel,West
2024-09-28,Laptop Pro,2,2358.72,45,Electronics,South
2024-09-28,SmartPhone X,8,6927.04,49,Electronics,Central
2024-09-28,Protein Powder,6,227.93,113,Health,North
2024-09-28,Yoga Mat,2,64.63,62,Health,West
2024-09-28,Coffee Table,4,654.8,21,Furniture,Central
2024-09-28,SmartPhone X,6,4678.78,53,Electronics,East
2024-09-28,Wireless Earbuds,4,641.15,93,Electronics,East
2024-09-28,Office Desk,5,1578.1,20,Furniture,East
2024-09-28,Protein Powder,5,194.08,117,Health,East
2024-09-28,Office Desk,5,1891.14,24,Furniture,West
2024-09-28,Laptop Pro,9,11541.03,45,Electronics,North
2024-09-28,Winter Jacket,8,1160.61,48,Apparel,East
2024-09-28,Office Desk,9,3216.77,19,Furniture,East
2024-09-28,Winter Jacket,1,149.74,58,Apparel,West
2024-09-28,Winter Jacket,4,651.18,39,Apparel,West
2024-09-28,Laptop Pro,5,6039.98,51,Electronics,North
2024-09-29,Ergonomic Chair,6,1432.63,45,Furniture,South
2024-09-29,Running Shoes,4,463.76,74,Apparel,North
2024-09-29,Winter Jacket,3,498.25,37,Apparel,South
2024-09-29,Ergonomic Chair,4,1027.95,45,Furniture,Central
2024-09-29,Multivitamins,8,208.13,178,Health,West
2024-09-29,SmartPhone X,9,7113.93,47,Electronics,Central
2024-09-29,Yoga Mat,1,33.91,63,Health,East
2024-09-29,SmartPhone X,7,6057.26,52,Electronics,South
2024-09-29,Wireless Earbuds,5,684.51,95,Electronics,East
2024-09-29,Running Shoes,3,363.85,69,Apparel,South
2024-09-29,Multivitamins,7,169.69,173,Health,South
2024-09-29,Winter Jacket,2,306.24,40,Apparel,East
2024-09-30,Designer Jeans,2,171.17,79,Apparel,North
2024-09-30,Office Desk,6,2078.18,13,Furniture,West
2024-09-30,Wireless Earbuds,5,766.51,92,Electronics,South
2024-09-30,Wireless Earbuds,4,653.37,83,Electronics,West
2024-09-30,Office Desk,4,1288.46,17,Furniture,North
2024-09-30,Multivitamins,5,129.53,170,Health,Central
2024-09-30,Multivitamins,8,196.04,156,Health,Central
2024-09-30,Laptop Pro,1,1217.46,33,Electronics,South
2024-09-30,SmartPhone X,5,3751.48,65,Electronics,North
2024-09-30,Office Desk,6,2298.7,12,Furniture,West
2024-09-30,Ergonomic Chair,1,270.8,27,Furniture,Central
2024-09-30,Protein Powder,8,349.9,118,Health,West
2024-09-30,Office Desk,7,2411.53,22,Furniture,West
2024-09-30,Multivitamins,1,26.47,156,Health,North
2024-09-30,Multivitamins,9,205.38,167,Health,West
2024-09-30,Laptop Pro,2,2340.8,30,Electronics,West
2024-09-30,Protein Powder,9,329.6,120,Health,Central
2024-09-30,Running Shoes,7,791.07,59,Apparel,South
2024-09-30,Winter Jacket,3,512.96,46,Apparel,East
2024-09-30,Designer Jeans,2,170.26,95,Apparel,North
2024-09-30,Coffee Table,2,333.77,24,Furniture,South
2024-09-30,Protein Powder,8,331.52,115,Health,Central
2024-10-01,Multivitamins,9,235.15,151,Health,West
2024-10-01,Ergonomic Chair,7,1843.17,23,Furniture,West
2024-10-01,SmartPhone X,10,8337.68,55,Electronics,West
2024-10-01,Coffee Table,2,392.6,20,Furniture,South
2024-10-01,Ergonomic Chair,6,1645.71,33,Furniture,South
2024-10-01,Wireless Earbuds,2,306.7,99,Electronics,South
2024-10-01,Running Shoes,2,217.84,61,Apparel,North
2024-10-01,Office Desk,3,1034.0,30,Furniture,West
2024-10-01,Running Shoes,7,882.54,71,Apparel,West
2024-10-01,Ergonomic Chair,11,2858.2,44,Furniture,East
2024-10-01,Laptop Pro,10,12874.66,35,Electronics,South
2024-10-01,Protein Powder,1,38.2,136,Health,West
2024-10-01,Designer Jeans,2,179.83,85,Apparel,West
2024-10-01,SmartPhone X,1,838.04,38,Electronics,Central
2024-10-01,SmartPhone X,7,5655.74,64,Electronics,North
2024-10-01,Laptop Pro,9,11596.02,41,Electronics,West
2024-10-01,Winter Jacket,6,1027.07,52,Apparel,East
2024-10-01,SmartPhone X,1,794.7,48,Electronics,Central
2024-10-02,Laptop Pro,2,2184.77,26,Electronics,West
2024-10-02,Winter Jacket,9,1563.87,35,Apparel,North
2024-10-02,Coffee Table,3,575.49,30,Furniture,East
2024-10-02,Protein Powder,1,38.22,130,Health,North
2024-10-02,Ergonomic Chair,11,2839.38,37,Furniture,West
2024-10-02,Laptop Pro,9,10530.32,50,Electronics,East
2024-10-02,Ergonomic Chair,5,1338.79,26,Furniture,West
2024-10-02,Protein Powder,2,77.97,121,Health,South
2024-10-02,Laptop Pro,5,5617.64,23,Electronics,East
2024-10-02,Protein Powder,10,407.57,117,Health,East
2024-10-02,Protein Powder,11,417.38,109,Health,West
2024-10-02,Yoga Mat,7,237.28,50,Health,South
2024-10-02,Designer Jeans,7,690.0,76,Apparel,East
2024-10-02,Winter Jacket,27,4013.28,46,Apparel,North
2024-10-02,Protein Powder,5,184.18,120,Health,East
2024-10-02,Ergonomic Chair,9,2356.76,22,Furniture,North
2024-10-03,Designer Jeans,11,1063.51,90,Apparel,South
2024-10-03,Protein Powder,7,305.18,129,Health,East
2024-10-03,Running Shoes,3,329.2,63,Apparel,Central
2024-10-03,Laptop Pro,2,2285.52,37,Electronics,East
2024-10-03,Coffee Table,9,1626.51,5,Furniture,North
2024-10-03,Winter Jacket,18,2714.58,45,Apparel,East
2024-10-03,Protein Powder,1,36.49,111,Health,Central
2024-10-03,Multivitamins,11,261.69,160,Health,East
2024-10-03,Protein Powder,11,431.5,120,Health,South
2024-10-03,Laptop Pro,5,5669.31,50,Electronics,North
2024-10-03,SmartPhone X,11,8169.54,47,Electronics,Central
2024-10-03,Office Desk,3,1012.45,26,Furniture,North
2024-10-03,SmartPhone X,5,3942.39,64,Electronics,East
2024-10-03,Office Desk,11,3928.9,21,Furniture,East
2024-10-03,Running Shoes,9,1149.62,50,Apparel,Central
2024-10-03,Multivitamins,10,242.34,153,Health,East
2024-10-03,SmartPhone X,5,3704.29,39,Electronics,West
2024-10-03,Laptop Pro,2,2603.63,36,Electronics,North
2024-10-03,Ergonomic Chair,5,1298.37,23,Furniture,East
2024-10-03,Coffee Table,11,1991.26,6,Furniture,North
2024-10-04,Multivitamins,10,246.04,168,Health,West
2024-10-04,Laptop Pro,5,5456.8,24,Electronics,East
2024-10-04,Yoga Mat,6,202.98,54,Health,Central
2024-10-04,Designer Jeans,2,188.54,78,Apparel,West
2024-10-04,Wireless Earbuds,6,829.92,94,Electronics,West
2024-10-04,Multivitamins,2,47.1,176,Health,North
2024-10-04,SmartPhone X,7,5543.34,64,Electronics,East
2024-10-04,Office Desk,1,353.37,15,Furniture,East
2024-10-04,Office Desk,11,3731.54,31,Furniture,East
2024-10-04,Multivitamins,7,163.39,176,Health,South
2024-10-04,Multivitamins,10,258.91,177,Health,East
2024-10-04,Ergonomic Chair,6,1604.2,31,Furniture,South
2024-10-04,Winter Jacket,27,4427.82,57,Apparel,West
2024-10-04,Wireless Earbuds,7,1100.64,98,Electronics,Central
2024-10-04,Coffee Table,2,371.08,5,Furniture,Central
2024-10-04,Protein Powder,9,327.65,132,Health,South
2024-10-04,Designer Jeans,11,896.28,95,Apparel,South
2024-10-04,Office Desk,2,648.86,25,Furniture,South
2024-10-04,Wireless Earbuds,10,1538.1,87,Electronics,South
2024-10-04,Yoga Mat,2,72.23,59,Health,West
2024-10-05,Yoga Mat,6,222.45,42,Health,West
2024-10-05,Multivitamins,11,270.06,163,Health,Central
2024-10-05,Office Desk,5,1728.45,38,Furniture,West
2024-10-05,Yoga Mat,10,373.65,64,Health,East
2024-10-05,Yoga Mat,3,104.36,45,Health,East
2024-10-05,Yoga Mat,7,223.57,45,Health,South
2024-10-05,Ergonomic Chair,11,2884.98,28,Furniture,North
2024-10-05,Office Desk,6,1954.31,37,Furniture,South
2024-10-05,Designer Jeans,9,797.15,72,Apparel,North
2024-10-05,Wireless Earbuds,2,299.47,79,Electronics,South
2024-10-05,Wireless Earbuds,2,314.59,69,Electronics,South
2024-10-05,Ergonomic Chair,5,1260.99,38,Furniture,South
2024-10-05,Protein Powder,5,199.59,133,Health,North
2024-10-05,Designer Jeans,1,85.55,96,Apparel,West
2024-10-05,Multivitamins,9,211.44,153,Health,South
2024-10-05,Laptop Pro,10,12391.21,46,Electronics,South
2024-10-05,Winter Jacket,9,1508.1,55,Apparel,North
2024-10-05,Ergonomic Chair,9,2391.71,36,Furniture,North
2024-10-05,Winter Jacket,33,5750.96,56,Apparel,East
2024-10-06,Running Shoes,11,1371.43,74,Apparel,North
2024-10-06,SmartPhone X,1,847.21,55,Electronics,North
2024-10-06,Ergonomic Chair,9,2064.02,33,Furniture,East
2024-10-06,Multivitamins,7,188.66,165,Health,West
2024-10-06,Winter Jacket,18,2659.44,51,Apparel,South
2024-10-06,SmartPhone X,9,6929.74,43,Electronics,West
2024-10-06,Office Desk,5,1707.23,35,Furniture,Central
2024-10-06,Coffee Table,7,1200.33,26,Furniture,East
2024-10-06,Office Desk,1,327.94,27,Furniture,North
2024-10-06,Yoga Mat,6,213.39,48,Health,East
2024-10-06,Yoga Mat,5,160.94,40,Health,West
2024-10-06,Designer Jeans,11,1068.82,80,Apparel,South
2024-10-06,Yoga Mat,3,111.46,66,Health,South
2024-10-06,Winter Jacket,30,4701.35,50,Apparel,North
2024-10-06,Laptop Pro,11,14490.66,34,Electronics,East
2024-10-06,Ergonomic Chair,10,2604.63,33,Furniture,East
2024-10-07,Designer Jeans,2,172.79,83,Apparel,South
2024-10-07,Running Shoes,2,226.56,52,Apparel,East
2024-10-07,Winter Jacket,3,509.12,42,Apparel,South
2024-10-07,Ergonomic Chair,10,2741.33,41,Furniture,South
2024-10-07,Designer Jeans,9,809.64,80,Apparel,South
2024-10-07,Multivitamins,2,46.02,167,Health,East
2024-10-07,Laptop Pro,7,7618.36,23,Electronics,Central
2024-10-07,Laptop Pro,1,1136.52,32,Electronics,North
2024-10-07,Laptop Pro,3,3869.39,39,Electronics,West
2024-10-07,Coffee Table,1,164.61,17,Furniture,South
2024-10-07,Running Shoes,2,220.15,78,Apparel,East
2024-10-07,Ergonomic Chair,11,2853.39,33,Furniture,South
2024-10-07,Designer Jeans,3,265.24,97,Apparel,West
2024-10-07,Multivitamins,9,208.05,165,Health,South
2024-10-07,Ergonomic Chair,7,1662.65,25,Furniture,East
2024-10-07,Laptop Pro,10,11540.29,22,Electronics,North
2024-10-07,Ergonomic Chair,1,248.47,25,Furniture,Central
2024-10-07,Wireless Earbuds,6,967.72,87,Electronics,East
2024-10-08,Yoga Mat,6,194.69,51,Health,South
2024-10-08,Coffee Table,3,507.09,5,Furniture,West
2024-10-08,Wireless Earbuds,1,148.43,78,Electronics,East
2024-10-08,Wireless Earbuds,2,323.43,68,Electronics,North
2024-10-08,Wireless Earbuds,10,1408.7,77,Electronics,North
2024-10-08,Laptop Pro,11,13897.78,48,Electronics,West
2024-10-08,Wireless Earbuds,1,135.45,88,Electronics,North
2024-10-08,Wireless Earbuds,9,1262.94,73,Electronics,East
2024-10-08,Winter Jacket,3,500.5,33,Apparel,East
2024-10-08,Ergonomic Chair,10,2269.95,17,Furniture,South
2024-10-08,Designer Jeans,11,994.58,91,Apparel,South
2024-10-08,Coffee Table,10,1632.89,6,Furniture,Central
2024-10-08,Yoga Mat,3,101.18,55,Health,North
2024-10-08,SmartPhone X,10,7997.37,43,Electronics,West
2024-10-08,Laptop Pro,5,5619.99,41,Electronics,East
2024-10-08,SmartPhone X,1,758.18,43,Electronics,West
2024-10-08,Coffee Table,6,1180.17,21,Furniture,South
2024-10-08,Winter Jacket,30,5231.09,33,Apparel,East
2024-10-08,SmartPhone X,9,7332.27,56,Electronics,North
2024-10-08,Office Desk,7,2367.63,29,Furniture,Central
2024-10-08,Office Desk,11,3670.56,32,Furniture,North
2024-10-08,Ergonomic Chair,5,1130.34,29,Furniture,South
2024-10-08,Designer Jeans,1,95.6,71,Apparel,Central
2024-10-08,Winter Jacket,9,1338.05,41,Apparel,North
2024-10-09,Designer Jeans,11,1044.77,87,Apparel,Central
2024-10-09,Ergonomic Chair,9,2318.69,42,Furniture,Central
2024-10-09,Laptop Pro,5,5853.18,37,Electronics,South
2024-10-09,Wireless Earbuds,9,1444.61,77,Electronics,South
2024-10-09,Laptop Pro,11,14156.44,46,Electronics,South
2024-10-09,SmartPhone X,1,784.21,59,Electronics,Central
2024-10-09,Winter Jacket,3,466.25,34,Apparel,East
2024-10-09,Protein Powder,3,119.14,128,Health,North
2024-10-09,Wireless Earbuds,5,780.83,71,Electronics,Central
2024-10-09,Multivitamins,1,26.32,172,Health,East
2024-10-09,Wireless Earbuds,9,1447.37,73,Electronics,North
2024-10-09,Designer Jeans,6,509.49,88,Apparel,East
2024-10-09,Yoga Mat,11,391.76,64,Health,South
2024-10-09,Designer Jeans,2,181.55,95,Apparel,Central
2024-10-09,Wireless Earbuds,9,1457.23,93,Electronics,East
2024-10-09,Office Desk,11,4072.77,25,Furniture,East
2024-10-09,Protein Powder,3,131.53,119,Health,South
2024-10-09,Running Shoes,9,1002.7,67,Apparel,East
2024-10-09,Coffee Table,10,1935.7,28,Furniture,West
2024-10-09,Designer Jeans,6,505.31,83,Apparel,East
2024-10-09,Ergonomic Chair,5,1148.86,35,Furniture,Central
2024-10-09,Running Shoes,11,1349.52,67,Apparel,West
2024-10-09,Designer Jeans,6,517.64,79,Apparel,West
2024-10-09,Protein Powder,7,277.62,117,Health,Central
2024-10-09,Wireless Earbuds,9,1412.07,76,Electronics,West
2024-10-09,Coffee Table,2,334.86,12,Furniture,North
2024-10-09,SmartPhone X,5,3753.89,55,Electronics,Central
2024-10-10,Coffee Table,7,1352.75,16,Furniture,West
2024-10-10,Multivitamins,2,45.91,146,Health,Central
2024-10-10,Multivitamins,11,291.76,159,Health,Central
2024-10-10,SmartPhone X,2,1736.85,42,Electronics,North
2024-10-10,Laptop Pro,6,7845.45,26,Electronics,North
2024-10-10,Designer Jeans,2,183.16,94,Apparel,Central
2024-10-10,Coffee Table,10,1855.12,11,Furniture,South
2024-10-10,Wireless Earbuds,7,1132.96,76,Electronics,West
2024-10-10,Running Shoes,3,375.63,68,Apparel,East
2024-10-10,Office Desk,10,3754.58,31,Furniture,East
2024-10-10,Designer Jeans,5,471.07,80,Apparel,West
2024-10-10,Coffee Table,11,2033.55,18,Furniture,North
2024-10-10,Multivitamins,7,168.39,155,Health,Central
2024-10-10,Multivitamins,9,241.98,158,Health,Central
2024-10-10,SmartPhone X,3,2587.02,39,Electronics,West
2024-10-10,SmartPhone X,9,7508.82,46,Electronics,North
2024-10-10,Coffee Table,1,164.19,34,Furniture,East
2024-10-10,Wireless Earbuds,10,1635.28,72,Electronics,South
2024-10-10,Designer Jeans,1,81.52,97,Apparel,East
2024-10-10,Winter Jacket,27,4065.94,51,Apparel,Central
2024-10-10,Multivitamins,3,71.67,150,Health,Central
2024-10-10,Running Shoes,1,131.78,73,Apparel,East
2024-10-10,Designer Jeans,10,975.47,79,Apparel,East
2024-10-10,Wireless Earbuds,5,754.82,92,Electronics,East
2024-10-10,Ergonomic Chair,2,514.5,19,Furniture,South
2024-10-10,Ergonomic Chair,6,1372.83,21,Furniture,South
2024-10-10,Office Desk,6,2288.76,33,Furniture,East
2024-10-10,Wireless Earbuds,7,1115.0,94,Electronics,North
2024-10-11,Coffee Table,7,1166.8,15,Furniture,East
2024-10-11,Laptop Pro,7,8932.83,26,Electronics,West
2024-10-11,Running Shoes,1,121.5,68,Apparel,Central
2024-10-11,Laptop Pro,7,7996.12,44,Electronics,West
2024-10-11,Coffee Table,5,843.85,14,Furniture,South
2024-10-11,Coffee Table,6,1116.59,31,Furniture,Central
2024-10-11,Yoga Mat,6,210.93,59,Health,East
2024-10-11,Running Shoes,7,862.87,68,Apparel,North
2024-10-11,Office Desk,9,3358.8,30,Furniture,South
2024-10-11,Winter Jacket,15,2364.52,39,Apparel,North
2024-10-11,Coffee Table,5,880.14,26,Furniture,North
2024-10-11,Running Shoes,3,338.32,67,Apparel,South
2024-10-11,Laptop Pro,3,3401.39,46,Electronics,Central
2024-10-11,Ergonomic Chair,5,1249.3,22,Furniture,South
2024-10-11,Wireless Earbuds,5,819.76,71,Electronics,North
2024-10-11,Office Desk,2,763.58,16,Furniture,North
2024-10-11,Running Shoes,11,1433.78,55,Apparel,North
2024-10-11,Running Shoes,5,621.4,49,Apparel,Central
2024-10-11,Protein Powder,5,180.29,127,Health,South
2024-10-11,Coffee Table,11,1872.32,9,Furniture,East
2024-10-12,Running Shoes,6,790.09,55,Apparel,Central
2024-10-12,Ergonomic Chair,2,536.65,43,Furniture,West
2024-10-12,Yoga Mat,2,73.49,49,Health,Central
2024-10-12,Laptop Pro,6,6961.61,27,Electronics,East
2024-10-12,Coffee Table,7,1236.63,25,Furniture,North
2024-10-12,Designer Jeans,7,641.32,68,Apparel,East
2024-10-12,Designer Jeans,1,87.12,78,Apparel,West
2024-10-12,Running Shoes,3,395.15,69,Apparel,North
2024-10-12,Winter Jacket,15,2381.34,34,Apparel,East
2024-10-12,Wireless Earbuds,2,290.38,91,Electronics,Central
2024-10-12,Running Shoes,5,647.4,48,Apparel,East
2024-10-13,Winter Jacket,15,2281.41,30,Apparel,South
2024-10-13,Ergonomic Chair,9,2214.07,39,Furniture,West
2024-10-13,Running Shoes,1,110.25,51,Apparel,West
2024-10-13,Running Shoes,3,387.61,48,Apparel,West
2024-10-13,Winter Jacket,6,896.97,40,Apparel,South
2024-10-13,Laptop Pro,1,1122.39,49,Electronics,North
2024-10-13,Laptop Pro,6,6638.2,26,Electronics,North
2024-10-13,Coffee Table,3,591.21,16,Furniture,West
2024-10-13,SmartPhone X,6,4413.3,53,Electronics,West
2024-10-13,Multivitamins,5,117.7,147,Health,East
2024-10-13,Laptop Pro,11,13118.31,21,Electronics,Central
2024-10-13,Winter Jacket,30,5134.75,44,Apparel,East
2024-10-13,SmartPhone X,3,2225.66,38,Electronics,South
2024-10-13,Designer Jeans,9,764.2,94,Apparel,Central
2024-10-13,Ergonomic Chair,2,495.07,38,Furniture,Central
2024-10-13,Protein Powder,2,72.17,106,Health,West
2024-10-13,Ergonomic Chair,5,1301.47,44,Furniture,Central
2024-10-13,Ergonomic Chair,5,1207.57,19,Furniture,Central
2024-10-14,Running Shoes,5,609.52,74,Apparel,West
2024-10-14,Wireless Earbuds,1,142.74,91,Electronics,East
2024-10-14,Laptop Pro,6,7012.45,34,Electronics,North
2024-10-14,Coffee Table,5,929.88,10,Furniture,Central
2024-10-14,Ergonomic Chair,11,2909.14,35,Furniture,East
2024-10-14,Designer Jeans,9,830.78,76,Apparel,South
2024-10-14,Protein Powder,9,372.6,133,Health,Central
2024-10-14,Office Desk,5,1640.46,36,Furniture,East
2024-10-14,Protein Powder,6,238.88,134,Health,North
2024-10-14,Ergonomic Chair,1,239.04,40,Furniture,North
2024-10-14,Laptop Pro,2,2244.94,50,Electronics,North
2024-10-14,Running Shoes,3,328.12,70,Apparel,North
2024-10-14,SmartPhone X,3,2634.61,39,Electronics,North
2024-10-14,Coffee Table,7,1262.77,13,Furniture,Central
2024-10-14,Laptop Pro,6,6735.33,49,Electronics,North
2024-10-14,SmartPhone X,6,5144.06,59,Electronics,West
2024-10-14,Multivitamins,6,148.95,158,Health,West
2024-10-14,Wireless Earbuds,2,323.05,80,Electronics,East
2024-10-14,Laptop Pro,5,5888.83,26,Electronics,South
2024-10-14,Yoga Mat,6,196.9,56,Health,South
2024-10-14,Office Desk,9,3399.89,26,Furniture,Central
2024-10-15,Yoga Mat,2,67.2,55,Health,South
2024-10-15,Laptop Pro,7,8906.02,42,Electronics,West
2024-10-15,Designer Jeans,11,1014.9,82,Apparel,North
2024-10-15,Laptop Pro,11,13260.43,49,Electronics,North
2024-10-15,SmartPhone X,5,3856.55,51,Electronics,Central
2024-10-15,Office Desk,2,679.23,17,Furniture,East
2024-10-15,Designer Jeans,6,518.5,80,Apparel,Central
2024-10-15,Ergonomic Chair,2,548.88,31,Furniture,West
2024-10-15,Ergonomic Chair,6,1370.27,41,Furniture,East
2024-10-15,Coffee Table,9,1546.65,29,Furniture,Central
2024-10-15,Multivitamins,7,180.44,172,Health,South
2024-10-15,Yoga Mat,2,63.24,46,Health,Central
2024-10-15,Laptop Pro,5,6283.08,50,Electronics,West
2024-10-15,Laptop Pro,11,12923.47,31,Electronics,East
2024-10-15,Laptop Pro,3,3884.01,29,Electronics,East
2024-10-15,Laptop Pro,11,12193.59,21,Electronics,Central
2024-10-15,Designer Jeans,11,1026.82,86,Apparel,South
2024-10-15,Laptop Pro,6,7433.8,41,Electronics,South
2024-10-15,Office Desk,6,2297.14,37,Furniture,North
2024-10-15,Wireless Earbuds,10,1574.67,73,Electronics,North
2024-10-15,Designer Jeans,6,495.87,83,Apparel,West
2024-10-15,Ergonomic Chair,7,1578.71,38,Furniture,East
2024-10-15,Ergonomic Chair,5,1256.8,17,Furniture,East
2024-10-16,Multivitamins,11,261.88,164,Health,South
2024-10-16,Office Desk,7,2441.16,9,Furniture,South
2024-10-16,Winter Jacket,18,2816.96,29,Apparel,North
2024-10-16,Protein Powder,2,85.19,114,Health,West
2024-10-16,Running Shoes,5,540.52,48,Apparel,Central
2024-10-16,Running Shoes,11,1388.82,54,Apparel,North
2024-10-16,SmartPhone X,11,8236.93,40,Electronics,Central
2024-10-16,Laptop Pro,6,6771.16,39,Electronics,West
2024-10-16,Yoga Mat,2,70.77,43,Health,South
2024-10-16,Running Shoes,5,594.77,66,Apparel,East
2024-10-16,Multivitamins,9,216.86,152,Health,North
2024-10-16,Ergonomic Chair,3,700.34,39,Furniture,East
2024-10-16,Running Shoes,3,355.38,47,Apparel,North
2024-10-16,Protein Powder,11,456.26,120,Health,South
2024-10-16,Protein Powder,9,389.88,116,Health,South
2024-10-16,SmartPhone X,7,5181.77,51,Electronics,North
2024-10-16,Coffee Table,10,1869.81,14,Furniture,West
2024-10-17,Office Desk,1,339.16,12,Furniture,West
2024-10-17,Laptop Pro,11,13631.66,35,Electronics,South
2024-10-17,Protein Powder,10,411.48,132,Health,West
2024-10-17,Ergonomic Chair,3,735.45,35,Furniture,North
2024-10-17,Office Desk,7,2308.14,10,Furniture,Central
2024-10-17,Designer Jeans,5,459.32,73,Apparel,South
2024-10-17,Office Desk,1,382.02,25,Furniture,East
2024-10-17,Designer Jeans,6,537.59,80,Apparel,North
2024-10-17,Winter Jacket,3,489.24,55,Apparel,East
2024-10-17,Yoga Mat,5,186.48,42,Health,East
2024-10-17,Winter Jacket,15,2411.68,57,Apparel,North
2024-10-17,Designer Jeans,1,82.59,67,Apparel,Central
2024-10-17,Laptop Pro,5,5658.4,24,Electronics,North
2024-10-17,Protein Powder,7,299.41,128,Health,South
2024-10-17,Designer Jeans,2,184.3,89,Apparel,East
2024-10-17,Designer Jeans,11,962.07,69,Apparel,South
2024-10-17,Yoga Mat,9,303.0,58,Health,West
2024-10-17,Multivitamins,7,177.37,154,Health,West
2024-10-17,Protein Powder,10,406.66,124,Health,South
2024-10-17,Running Shoes,1,121.01,68,Apparel,Central
2024-10-17,Winter Jacket,15,2371.29,47,Apparel,West
2024-10-17,Winter Jacket,27,4271.47,39,Apparel,East
2024-10-17,Wireless Earbuds,1,160.96,87,Electronics,South
2024-10-17,Office Desk,1,367.76,12,Furniture,West
2024-10-17,Office Desk,10,3309.85,36,Furniture,Central
2024-10-17,Ergonomic Chair,10,2690.06,43,Furniture,South
2024-10-17,Ergonomic Chair,10,2477.29,20,Furniture,South
2024-10-17,Wireless Earbuds,3,414.13,70,Electronics,South
2024-10-18,Ergonomic Chair,2,515.18,40,Furniture,North
2024-10-18,Multivitamins,7,174.03,172,Health,South
2024-10-18,Office Desk,9,3214.32,30,Furniture,East
2024-10-18,Winter Jacket,3,474.78,31,Apparel,North
2024-10-18,Protein Powder,3,123.91,117,Health,South
2024-10-18,Wireless Earbuds,3,465.27,81,Electronics,North
2024-10-18,Laptop Pro,5,6385.63,42,Electronics,West
2024-10-18,Running Shoes,11,1286.66,52,Apparel,West
2024-10-18,Protein Powder,3,112.66,110,Health,Central
2024-10-18,Wireless Earbuds,11,1797.8,73,Electronics,West
2024-10-18,Multivitamins,9,236.83,143,Health,South
2024-10-18,SmartPhone X,6,4836.81,61,Electronics,North
2024-10-18,Coffee Table,11,1918.99,32,Furniture,South
2024-10-18,Ergonomic Chair,5,1271.15,19,Furniture,North
2024-10-18,Wireless Earbuds,5,820.98,92,Electronics,West
2024-10-18,Yoga Mat,3,96.24,42,Health,South
2024-10-18,Wireless Earbuds,2,312.48,71,Electronics,South
2024-10-19,SmartPhone X,2,1637.29,38,Electronics,East
2024-10-19,Wireless Earbuds,7,1009.74,77,Electronics,West
2024-10-19,Yoga Mat,3,104.01,58,Health,West
2024-10-19,Laptop Pro,6,6637.67,30,Electronics,West
2024-10-19,SmartPhone X,2,1710.11,63,Electronics,North
2024-10-19,Wireless Earbuds,5,745.59,79,Electronics,West
2024-10-19,Running Shoes,7,773.34,61,Apparel,South
2024-10-19,SmartPhone X,6,5104.09,41,Electronics,South
2024-10-19,Ergonomic Chair,3,688.31,32,Furniture,West
2024-10-19,Laptop Pro,6,7901.02,31,Electronics,South
2024-10-19,Yoga Mat,10,352.52,48,Health,West
2024-10-19,Multivitamins,5,132.2,164,Health,East
2024-10-19,Wireless Earbuds,11,1518.37,85,Electronics,East
2024-10-19,Yoga Mat,7,261.97,50,Health,East
2024-10-19,Ergonomic Chair,1,261.42,24,Furniture,North
2024-10-20,Ergonomic Chair,5,1228.42,26,Furniture,Central
2024-10-20,Laptop Pro,6,6850.88,48,Electronics,North
2024-10-20,Laptop Pro,9,11476.09,42,Electronics,East
2024-10-20,Protein Powder,3,121.96,114,Health,West
2024-10-20,Wireless Earbuds,10,1549.77,95,Electronics,West
2024-10-20,Winter Jacket,3,437.44,42,Apparel,East
2024-10-20,Winter Jacket,27,4595.37,39,Apparel,East
2024-10-20,Multivitamins,3,72.74,170,Health,East
2024-10-20,Office Desk,7,2269.06,11,Furniture,South
2024-10-20,Multivitamins,7,190.86,148,Health,Central
2024-10-20,Yoga Mat,6,209.48,37,Health,South
2024-10-21,Office Desk,5,1600.16,19,Furniture,East
2024-10-21,Running Shoes,10,1283.07,55,Apparel,South
2024-10-21,SmartPhone X,9,6956.01,56,Electronics,East
2024-10-21,Designer Jeans,3,275.6,82,Apparel,North
2024-10-21,Winter Jacket,33,5617.36,43,Apparel,East
2024-10-21,Coffee Table,1,194.98,26,Furniture,West
2024-10-21,Multivitamins,11,257.98,162,Health,West
2024-10-21,Running Shoes,7,794.59,68,Apparel,East
2024-10-21,Laptop Pro,11,12107.38,39,Electronics,East
2024-10-21,Laptop Pro,3,3520.11,37,Electronics,East
2024-10-21,Wireless Earbuds,5,738.66,86,Electronics,Central
2024-10-21,Designer Jeans,11,1008.21,84,Apparel,West
2024-10-21,Coffee Table,11,1899.52,28,Furniture,East
2024-10-21,Yoga Mat,10,343.48,54,Health,North
2024-10-21,Ergonomic Chair,6,1540.6,33,Furniture,East
2024-10-21,Wireless Earbuds,9,1262.37,84,Electronics,North
2024-10-21,Laptop Pro,7,8904.83,25,Electronics,East
2024-10-21,SmartPhone X,2,1586.69,41,Electronics,North
2024-10-21,Winter Jacket,33,5204.0,29,Apparel,North
2024-10-21,Designer Jeans,5,482.52,91,Apparel,North
2024-10-21,Coffee Table,3,552.72,18,Furniture,East
2024-10-21,Protein Powder,10,365.99,115,Health,West
2024-10-21,Running Shoes,7,909.4,53,Apparel,East
2024-10-21,Laptop Pro,9,10922.46,35,Electronics,North
2024-10-21,Protein Powder,9,393.58,116,Health,East
2024-10-21,Running Shoes,3,374.05,70,Apparel,West
2024-10-22,Office Desk,9,3169.67,25,Furniture,West
2024-10-22,Protein Powder,7,299.57,131,Health,South
2024-10-22,Coffee Table,9,1460.07,21,Furniture,West
2024-10-22,Coffee Table,9,1684.91,31,Furniture,West
2024-10-22,Yoga Mat,5,171.73,43,Health,North
2024-10-22,Running Shoes,6,716.29,53,Apparel,West
2024-10-22,Protein Powder,3,113.24,111,Health,North
2024-10-22,Protein Powder,1,41.2,107,Health,South
2024-10-22,Laptop Pro,2,2432.15,36,Electronics,East
2024-10-22,Yoga Mat,3,105.52,60,Health,East
2024-10-22,Ergonomic Chair,7,1749.94,27,Furniture,East
2024-10-22,Laptop Pro,11,12771.22,31,Electronics,Central
2024-10-22,Designer Jeans,9,828.86,86,Apparel,West
2024-10-22,Coffee Table,9,1620.33,9,Furniture,North
2024-10-22,Coffee Table,3,569.27,19,Furniture,Central
2024-10-22,Yoga Mat,3,106.95,35,Health,South
2024-10-23,SmartPhone X,5,4176.71,48,Electronics,Central
2024-10-23,Wireless Earbuds,5,700.05,95,Electronics,Central
2024-10-23,Multivitamins,11,269.04,161,Health,West
2024-10-23,Protein Powder,2,80.97,116,Health,South
2024-10-23,Designer Jeans,5,437.71,73,Apparel,South
2024-10-23,Multivitamins,5,112.5,147,Health,North
2024-10-23,Multivitamins,9,202.94,151,Health,East
2024-10-23,Wireless Earbuds,3,407.67,82,Electronics,North
2024-10-23,Winter Jacket,30,4715.81,48,Apparel,West
2024-10-23,Designer Jeans,3,253.74,91,Apparel,East
2024-10-23,SmartPhone X,6,4337.67,49,Electronics,West
2024-10-23,Designer Jeans,5,491.51,82,Apparel,East
2024-10-23,Yoga Mat,6,208.28,56,Health,South
2024-10-23,Coffee Table,11,1950.45,22,Furniture,Central
2024-10-23,Laptop Pro,5,6242.38,35,Electronics,South
2024-10-23,Ergonomic Chair,3,824.72,27,Furniture,East
2024-10-24,Yoga Mat,2,72.77,38,Health,North
2024-10-24,Office Desk,1,331.21,33,Furniture,East
2024-10-24,Designer Jeans,11,990.48,75,Apparel,North
2024-10-24,Laptop Pro,9,10220.97,36,Electronics,North
2024-10-24,Designer Jeans,11,943.75,70,Apparel,North
2024-10-24,Office Desk,1,340.82,26,Furniture,East
2024-10-24,Yoga Mat,5,179.16,58,Health,East
2024-10-24,Laptop Pro,1,1106.02,30,Electronics,South
2024-10-24,Designer Jeans,9,827.34,71,Apparel,East
2024-10-24,Ergonomic Chair,7,1806.11,16,Furniture,West
2024-10-24,Multivitamins,7,159.34,144,Health,North
2024-10-24,Designer Jeans,1,93.03,88,Apparel,South
2024-10-24,Laptop Pro,5,5778.96,38,Electronics,East
2024-10-24,Protein Powder,10,409.02,123,Health,East
2024-10-24,Multivitamins,6,155.85,162,Health,Central
2024-10-24,Multivitamins,2,52.39,145,Health,Central
2024-10-24,Ergonomic Chair,5,1297.11,18,Furniture,West
2024-10-24,Yoga Mat,11,354.51,41,Health,East
2024-10-24,Office Desk,5,1848.51,35,Furniture,West
2024-10-24,Multivitamins,9,234.02,165,Health,South
2024-10-24,Multivitamins,9,203.07,159,Health,Central
2024-10-25,Ergonomic Chair,11,2805.97,36,Furniture,East
2024-10-25,Office Desk,2,660.04,26,Furniture,Central
2024-10-25,Yoga Mat,9,324.97,44,Health,West
2024-10-25,Winter Jacket,33,5136.95,32,Apparel,South
2024-10-25,Designer Jeans,2,164.52,79,Apparel,Central
2024-10-25,Running Shoes,6,655.8,75,Apparel,East
2024-10-25,SmartPhone X,9,7869.54,55,Electronics,East
2024-10-25,Yoga Mat,11,382.65,36,Health,East
2024-10-25,Office Desk,6,2107.52,8,Furniture,North
2024-10-25,Multivitamins,9,213.47,148,Health,East
2024-10-25,SmartPhone X,11,8898.56,35,Electronics,South
2024-10-25,Running Shoes,7,786.1,63,Apparel,South
2024-10-25,Designer Jeans,6,516.35,71,Apparel,South
2024-10-25,Laptop Pro,1,1244.66,24,Electronics,Central
2024-10-25,Ergonomic Chair,3,772.55,44,Furniture,East
2024-10-25,Yoga Mat,11,396.73,57,Health,North
2024-10-25,Yoga Mat,9,290.91,62,Health,North
2024-10-25,Protein Powder,10,374.06,118,Health,West
2024-10-25,Multivitamins,10,273.35,170,Health,North
2024-10-25,Wireless Earbuds,1,139.26,90,Electronics,West
2024-10-25,SmartPhone X,7,5850.26,62,Electronics,West
2024-10-25,Office Desk,9,3372.95,8,Furniture,West
2024-10-25,Yoga Mat,1,35.86,62,Health,Central
2024-10-25,Winter Jacket,15,2197.45,51,Apparel,South
2024-10-25,SmartPhone X,2,1631.38,57,Electronics,Central
2024-10-26,Ergonomic Chair,6,1513.78,35,Furniture,West
2024-10-26,Ergonomic Chair,2,534.84,24,Furniture,Central
2024-10-26,Yoga Mat,10,365.56,41,Health,West
2024-10-26,Multivitamins,9,212.04,152,Health,Central
2024-10-26,Winter Jacket,6,1002.73,29,Apparel,East
2024-10-26,Protein Powder,10,414.89,109,Health,North
2024-10-26,Multivitamins,7,168.79,159,Health,Central
2024-10-26,Protein Powder,5,204.11,132,Health,North
2024-10-26,Coffee Table,7,1323.3,29,Furniture,North
2024-10-26,Wireless Earbuds,5,689.76,66,Electronics,North
2024-10-27,Coffee Table,6,1004.19,10,Furniture,North
2024-10-27,Wireless Earbuds,1,161.11,69,Electronics,North
2024-10-27,Winter Jacket,27,4110.65,34,Apparel,North
2024-10-27,Office Desk,3,995.18,13,Furniture,North
2024-10-27,SmartPhone X,11,8946.48,57,Electronics,East
2024-10-27,Laptop Pro,1,1219.05,37,Electronics,South
2024-10-27,SmartPhone X,5,3824.51,54,Electronics,West
2024-10-27,Yoga Mat,7,266.02,59,Health,East
2024-10-27,Running Shoes,3,368.65,62,Apparel,North
2024-10-27,Office Desk,10,3424.59,34,Furniture,West
2024-10-27,Running Shoes,6,747.45,70,Apparel,Central
2024-10-27,Yoga Mat,11,399.55,62,Health,West
2024-10-27,Laptop Pro,2,2320.65,22,Electronics,Central
2024-10-27,Protein Powder,2,73.04,106,Health,East
2024-10-27,Yoga Mat,7,242.76,41,Health,West
2024-10-27,Ergonomic Chair,9,2416.37,44,Furniture,Central
2024-10-28,Laptop Pro,2,2554.74,25,Electronics,North
2024-10-28,Laptop Pro,7,7603.14,40,Electronics,Central
2024-10-28,Coffee Table,1,191.41,30,Furniture,North
2024-10-28,Multivitamins,6,138.39,147,Health,South
2024-10-28,Wireless Earbuds,1,164.52,65,Electronics,Central
2024-10-28,Ergonomic Chair,7,1690.61,41,Furniture,South
2024-10-28,Laptop Pro,3,3942.58,24,Electronics,Central
2024-10-28,Laptop Pro,2,2360.06,48,Electronics,South
2024-10-28,Multivitamins,11,300.84,152,Health,South
2024-10-28,Coffee Table,1,182.81,6,Furniture,East
2024-10-28,Designer Jeans,10,906.0,84,Apparel,North
2024-10-28,Ergonomic Chair,9,2319.85,21,Furniture,West
2024-10-28,Laptop Pro,2,2327.58,34,Electronics,North
2024-10-28,Yoga Mat,9,291.72,39,Health,North
2024-10-28,Yoga Mat,3,106.47,55,Health,Central
2024-10-28,Winter Jacket,27,4156.83,54,Apparel,South
2024-10-28,Ergonomic Chair,10,2365.51,25,Furniture,Central
2024-10-28,Wireless Earbuds,7,1088.04,94,Electronics,East
2024-10-28,Multivitamins,3,81.49,152,Health,North
2024-10-28,Designer Jeans,5,433.7,80,Apparel,South
2024-10-28,Protein Powder,11,451.23,115,Health,South
2024-10-29,SmartPhone X,10,7571.73,54,Electronics,West
2024-10-29,Multivitamins,11,256.72,165,Health,North
2024-10-29,Multivitamins,9,229.55,152,Health,West
2024-10-29,Yoga Mat,3,114.4,36,Health,Central
2024-10-29,Laptop Pro,7,8308.69,27,Electronics,North
2024-10-29,Coffee Table,2,386.31,22,Furniture,North
2024-10-29,Running Shoes,9,1137.95,59,Apparel,Central
2024-10-29,Wireless Earbuds,6,818.24,74,Electronics,West
2024-10-29,Office Desk,10,3706.48,21,Furniture,Central
2024-10-29,Protein Powder,5,207.18,112,Health,East
2024-10-29,Ergonomic Chair,6,1417.84,19,Furniture,South
2024-10-29,Yoga Mat,7,240.83,58,Health,South
2024-10-29,Designer Jeans,10,853.45,83,Apparel,Central
2024-10-29,Wireless Earbuds,6,839.55,65,Electronics,East
2024-10-29,Protein Powder,2,80.73,123,Health,West
2024-10-29,Coffee Table,11,2011.68,15,Furniture,South
2024-10-29,Laptop Pro,1,1265.04,48,Electronics,Central
2024-10-29,Laptop Pro,11,13215.12,21,Electronics,Central
2024-10-29,Office Desk,1,331.71,13,Furniture,East
2024-10-29,Yoga Mat,5,172.55,38,Health,Central
2024-10-29,Yoga Mat,3,98.6,45,Health,Central
2024-10-29,Running Shoes,2,237.87,53,Apparel,South
2024-10-30,Office Desk,9,2918.62,36,Furniture,South
2024-10-30,Laptop Pro,5,6011.32,43,Electronics,Central
2024-10-30,Running Shoes,10,1239.08,56,Apparel,West
2024-10-30,Wireless Earbuds,6,921.96,69,Electronics,West
2024-10-30,Ergonomic Chair,5,1256.11,42,Furniture,Central
2024-10-30,Office Desk,1,343.43,10,Furniture,North
2024-10-30,Protein Powder,7,289.11,105,Health,Central
2024-10-30,Yoga Mat,7,255.49,52,Health,West
2024-10-30,SmartPhone X,11,9066.21,53,Electronics,East
2024-10-30,Yoga Mat,7,251.43,57,Health,East
2024-10-30,Protein Powder,7,258.7,125,Health,West
2024-10-30,Ergonomic Chair,10,2373.15,33,Furniture,South
2024-10-30,Wireless Earbuds,5,681.79,87,Electronics,West
2024-10-30,Running Shoes,6,770.77,74,Apparel,North
2024-10-30,Office Desk,3,1135.81,34,Furniture,South
2024-10-30,Coffee Table,1,164.23,24,Furniture,North
2024-10-30,Office Desk,1,317.09,31,Furniture,West
2024-10-30,Multivitamins,10,272.87,167,Health,North
2024-10-30,Protein Powder,3,124.38,120,Health,East
2024-10-30,Coffee Table,1,169.48,19,Furniture,North
2024-10-30,Office Desk,3,988.64,12,Furniture,Central
2024-10-30,SmartPhone X,11,9229.54,55,Electronics,West
2024-10-30,Multivitamins,6,159.75,163,Health,North
2024-10-30,Wireless Earbuds,7,947.48,67,Electronics,Central
2024-10-30,Laptop Pro,5,6134.41,45,Electronics,East
2024-10-31,Coffee Table,1,175.79,21,Furniture,East
2024-10-31,Wireless Earbuds,2,289.12,75,Electronics,Central
2024-10-31,Running Shoes,5,616.18,51,Apparel,West
2024-10-31,Protein Powder,2,76.48,129,Health,North
2024-10-31,Winter Jacket,21,3072.39,43,Apparel,East
2024-10-31,Wireless Earbuds,10,1367.99,79,Electronics,West
2024-10-31,Multivitamins,2,52.68,145,Health,South
2024-10-31,Coffee Table,2,325.35,7,Furniture,North
2024-10-31,Yoga Mat,1,34.71,47,Health,West
2024-10-31,Laptop Pro,5,5468.22,36,Electronics,East
2024-10-31,Office Desk,6,2270.34,35,Furniture,West
2024-10-31,Multivitamins,2,52.64,155,Health,Central
2024-10-31,Multivitamins,7,189.52,151,Health,South
2024-10-31,Office Desk,5,1607.5,28,Furniture,Central
2024-10-31,Wireless Earbuds,3,424.37,69,Electronics,South
2024-10-31,Multivitamins,5,124.57,167,Health,East
2024-10-31,Laptop Pro,6,7663.85,38,Electronics,North
2024-10-31,Coffee Table,2,337.16,9,Furniture,West
2024-10-31,Office Desk,6,1951.37,17,Furniture,East
2024-10-31,Protein Powder,10,402.16,103,Health,West
2024-11-01,Laptop Pro,5,6572.52,34,Electronics,East
2024-11-01,Ergonomic Chair,9,2328.65,29,Furniture,North
2024-11-01,Laptop Pro,10,11092.18,40,Electronics,Central
2024-11-01,Yoga Mat,2,64.83,53,Health,East
2024-11-01,Winter Jacket,9,1553.55,45,Apparel,East
2024-11-01,Multivitamins,11,266.71,155,Health,West
2024-11-01,Wireless Earbuds,1,143.58,84,Electronics,Central
2024-11-01,Ergonomic Chair,6,1362.98,35,Furniture,South
2024-11-01,Running Shoes,6,672.4,73,Apparel,Central
2024-11-01,Office Desk,9,3232.41,13,Furniture,North
2024-11-01,Protein Powder,1,36.51,118,Health,North
2024-11-01,Protein Powder,11,397.97,107,Health,Central
2024-11-01,Ergonomic Chair,6,1399.34,30,Furniture,North
2024-11-01,SmartPhone X,1,858.55,48,Electronics,East
2024-11-01,Designer Jeans,1,96.8,69,Apparel,North
2024-11-01,Yoga Mat,6,198.67,60,Health,Central
2024-11-01,Office Desk,6,2272.33,25,Furniture,East
2024-11-01,Yoga Mat,7,244.59,52,Health,South
2024-11-01,Ergonomic Chair,6,1358.84,38,Furniture,North
2024-11-01,Winter Jacket,3,466.05,52,Apparel,Central
2024-11-01,Coffee Table,9,1470.9,27,Furniture,Central
2024-11-01,Wireless Earbuds,10,1437.37,68,Electronics,South
2024-11-01,Office Desk,1,362.02,36,Furniture,Central
2024-11-01,Wireless Earbuds,9,1448.08,78,Electronics,North
2024-11-01,Ergonomic Chair,10,2300.56,39,Furniture,East
2024-11-01,Yoga Mat,11,391.46,56,Health,East
2024-11-01,Wireless Earbuds,9,1479.77,78,Electronics,Central
2024-11-01,Protein Powder,11,396.82,112,Health,West
2024-11-02,Office Desk,2,731.52,29,Furniture,East
2024-11-02,Protein Powder,9,338.67,103,Health,Central
2024-11-02,Multivitamins,7,184.05,153,Health,South
2024-11-02,Running Shoes,9,1092.9,57,Apparel,Central
2024-11-02,Ergonomic Chair,6,1529.44,43,Furniture,South
2024-11-02,Protein Powder,9,356.6,129,Health,Central
2024-11-02,Ergonomic Chair,10,2527.47,18,Furniture,North
2024-11-02,Multivitamins,11,271.87,141,Health,West
2024-11-02,Protein Powder,10,370.84,129,Health,Central
2024-11-02,Ergonomic Chair,11,2820.71,26,Furniture,Central
2024-11-02,Wireless Earbuds,10,1446.67,80,Electronics,North
2024-11-02,Multivitamins,11,272.87,159,Health,South
2024-11-02,Designer Jeans,1,95.43,89,Apparel,South
2024-11-03,Yoga Mat,9,288.34,62,Health,South
2024-11-03,Winter Jacket,3,478.86,30,Apparel,North
2024-11-03,Yoga Mat,3,103.15,60,Health,South
2024-11-03,Multivitamins,2,48.33,141,Health,West
2024-11-03,Wireless Earbuds,6,901.26,69,Electronics,South
2024-11-03,Wireless Earbuds,1,137.02,64,Electronics,South
2024-11-03,Coffee Table,6,1060.8,19,Furniture,North
2024-11-03,Office Desk,5,1787.19,18,Furniture,East
2024-11-03,Ergonomic Chair,1,272.31,34,Furniture,North
2024-11-03,Protein Powder,6,252.37,124,Health,North
2024-11-03,Office Desk,2,749.45,29,Furniture,East
2024-11-03,Running Shoes,5,545.4,56,Apparel,West
2024-11-03,Designer Jeans,7,656.5,65,Apparel,West
2024-11-03,Office Desk,9,3429.41,27,Furniture,Central
2024-11-03,Wireless Earbuds,9,1299.94,90,Electronics,North
2024-11-03,Winter Jacket,33,5699.15,42,Apparel,West
2024-11-03,Yoga Mat,10,374.39,54,Health,South
2024-11-03,Multivitamins,5,135.6,164,Health,West
2024-11-03,Wireless Earbuds,9,1449.69,71,Electronics,East
2024-11-04,Laptop Pro,1,1226.29,19,Electronics,East
2024-11-04,Winter Jacket,33,5486.68,40,Apparel,South
2024-11-04,Running Shoes,9,1004.77,53,Apparel,North
2024-11-04,SmartPhone X,1,864.17,45,Electronics,Central
2024-11-04,Wireless Earbuds,9,1427.98,67,Electronics,North
2024-11-04,Multivitamins,7,189.02,162,Health,Central
2024-11-04,SmartPhone X,11,9236.22,43,Electronics,East
2024-11-04,Office Desk,6,1941.41,19,Furniture,East
2024-11-04,Coffee Table,7,1295.61,16,Furniture,East
2024-11-04,Designer Jeans,10,924.54,88,Apparel,East
2024-11-04,Winter Jacket,6,983.93,41,Apparel,North
2024-11-04,Office Desk,6,2160.42,18,Furniture,North
2024-11-04,Multivitamins,6,135.21,165,Health,North
2024-11-04,Multivitamins,2,46.2,163,Health,East
2024-11-04,Laptop Pro,11,13629.65,47,Electronics,South
2024-11-04,Laptop Pro,6,7025.49,40,Electronics,Central
2024-11-04,Office Desk,5,1708.47,35,Furniture,East
2024-11-04,Running Shoes,1,115.16,48,Apparel,East
2024-11-04,SmartPhone X,3,2427.46,59,Electronics,East
2024-11-04,Winter Jacket,30,4978.07,55,Apparel,East
2024-11-04,Yoga Mat,6,207.03,38,Health,East
2024-11-04,Multivitamins,10,246.08,148,Health,East
2024-11-05,Protein Powder,7,267.98,128,Health,North
2024-11-05,Winter Jacket,3,525.02,35,Apparel,West
2024-11-05,Multivitamins,3,73.77,152,Health,East
2024-11-05,Running Shoes,7,756.02,45,Apparel,West
2024-11-05,Running Shoes,7,852.3,57,Apparel,East
2024-11-05,Yoga Mat,2,69.48,61,Health,East
2024-11-05,Winter Jacket,6,977.17,29,Apparel,East
2024-11-05,Multivitamins,1,23.43,157,Health,West
2024-11-05,Multivitamins,10,232.43,166,Health,North
2024-11-05,Wireless Earbuds,2,290.9,77,Electronics,Central
2024-11-05,Running Shoes,11,1365.0,65,Apparel,West
2024-11-05,SmartPhone X,5,4123.58,41,Electronics,North
2024-11-05,Designer Jeans,7,681.08,83,Apparel,East
2024-11-05,Winter Jacket,27,4329.94,44,Apparel,East
2024-11-05,Winter Jacket,33,5329.17,29,Apparel,South
2024-11-05,Multivitamins,10,236.5,147,Health,East
2024-11-06,Yoga Mat,2,66.74,39,Health,South
2024-11-06,Yoga Mat,9,336.02,52,Health,South
2024-11-06,Designer Jeans,6,523.15,92,Apparel,North
2024-11-06,Winter Jacket,27,4453.28,45,Apparel,East
2024-11-06,Coffee Table,5,853.67,29,Furniture,Central
2024-11-06,Ergonomic Chair,3,738.07,42,Furniture,West
2024-11-06,Ergonomic Chair,5,1329.58,15,Furniture,West
2024-11-06,Wireless Earbuds,3,420.31,70,Electronics,South
2024-11-06,Designer Jeans,6,545.19,86,Apparel,South
2024-11-06,Office Desk,2,656.2,16,Furniture,North
2024-11-06,Coffee Table,10,1786.31,9,Furniture,South
2024-11-06,Running Shoes,6,691.77,48,Apparel,Central
2024-11-06,Running Shoes,11,1217.21,61,Apparel,North
2024-11-06,Designer Jeans,9,778.45,73,Apparel,East
2024-11-06,Office Desk,3,1081.93,29,Furniture,East
2024-11-07,SmartPhone X,2,1565.96,62,Electronics,South
2024-11-07,Laptop Pro,9,10408.03,27,Electronics,South
2024-11-07,Yoga Mat,1,36.7,36,Health,South
2024-11-07,Yoga Mat,2,69.66,62,Health,Central
2024-11-07,Ergonomic Chair,3,740.11,31,Furniture,South
2024-11-07,SmartPhone X,3,2329.01,35,Electronics,Central
2024-11-07,Multivitamins,5,124.48,141,Health,East
2024-11-07,Office Desk,9,3112.61,20,Furniture,North
2024-11-07,Multivitamins,7,164.58,138,Health,West
2024-11-07,Designer Jeans,6,566.18,76,Apparel,West
2024-11-07,Multivitamins,9,219.78,165,Health,South
2024-11-07,Yoga Mat,2,65.55,55,Health,North
2024-11-07,Coffee Table,2,330.5,24,Furniture,North
2024-11-07,Yoga Mat,10,321.55,34,Health,Central
2024-11-07,Protein Powder,9,373.22,111,Health,North
2024-11-07,Running Shoes,10,1139.38,73,Apparel,North
2024-11-07,Protein Powder,10,430.82,100,Health,South
2024-11-07,Designer Jeans,9,884.79,76,Apparel,South
2024-11-07,Designer Jeans,9,800.27,85,Apparel,Central
2024-11-07,Designer Jeans,2,191.68,63,Apparel,Central
2024-11-07,Protein Powder,1,39.37,119,Health,West
2024-11-07,Yoga Mat,10,347.17,60,Health,West
2024-11-07,Winter Jacket,30,4993.89,38,Apparel,West
2024-11-07,Laptop Pro,2,2626.63,40,Electronics,West
2024-11-07,Running Shoes,1,130.95,53,Apparel,Central
2024-11-07,Ergonomic Chair,6,1560.13,44,Furniture,Central
2024-11-07,Protein Powder,6,237.22,100,Health,North
2024-11-07,SmartPhone X,2,1738.88,36,Electronics,North
2024-11-07,Multivitamins,2,50.79,161,Health,East
2024-11-08,Designer Jeans,10,873.79,86,Apparel,East
2024-11-08,SmartPhone X,11,9366.98,62,Electronics,West
2024-11-08,Multivitamins,2,54.83,160,Health,North
2024-11-08,Winter Jacket,9,1420.1,48,Apparel,South
2024-11-08,Running Shoes,3,379.5,60,Apparel,East
2024-11-08,Yoga Mat,3,110.1,35,Health,West
2024-11-08,Office Desk,10,3718.95,30,Furniture,South
2024-11-08,Running Shoes,7,792.35,66,Apparel,South
2024-11-08,Laptop Pro,1,1149.02,21,Electronics,West
2024-11-08,Running Shoes,5,650.71,57,Apparel,East
2024-11-08,SmartPhone X,2,1579.4,59,Electronics,West
2024-11-08,Multivitamins,7,188.38,165,Health,South
2024-11-08,Coffee Table,11,1949.29,23,Furniture,West
2024-11-08,Yoga Mat,9,330.69,39,Health,North
2024-11-08,Protein Powder,9,339.25,113,Health,West
2024-11-08,Office Desk,11,4072.79,8,Furniture,Central
2024-11-08,Coffee Table,1,189.28,21,Furniture,North
2024-11-08,Multivitamins,1,25.14,148,Health,West
2024-11-08,Laptop Pro,10,12418.72,38,Electronics,East
2024-11-08,Coffee Table,2,360.65,15,Furniture,Central
2024-11-08,Running Shoes,7,826.55,50,Apparel,West
2024-11-08,Protein Powder,9,360.56,101,Health,North
2024-11-08,Ergonomic Chair,9,2116.09,16,Furniture,South
2024-11-09,Ergonomic Chair,9,2437.21,15,Furniture,Central
2024-11-09,Laptop Pro,2,2452.85,36,Electronics,Central
2024-11-09,Winter Jacket,6,887.05,29,Apparel,East
2024-11-09,Yoga Mat,7,244.02,51,Health,South
2024-11-09,Winter Jacket,15,2432.03,45,Apparel,North
2024-11-09,SmartPhone X,1,823.75,52,Electronics,Central
2024-11-09,Ergonomic Chair,7,1736.74,20,Furniture,South
2024-11-09,Laptop Pro,7,7728.43,34,Electronics,South
2024-11-09,Running Shoes,1,120.35,52,Apparel,East
2024-11-09,SmartPhone X,5,4199.42,57,Electronics,West
2024-11-09,Designer Jeans,7,594.56,80,Apparel,Central
2024-11-09,Laptop Pro,3,3267.83,46,Electronics,East
2024-11-09,Protein Powder,7,286.19,123,Health,West
2024-11-09,Multivitamins,10,233.75,150,Health,Central
2024-11-09,Winter Jacket,27,4532.18,42,Apparel,North
2024-11-09,SmartPhone X,11,9509.0,40,Electronics,North
2024-11-09,Coffee Table,9,1560.31,26,Furniture,East
2024-11-09,Ergonomic Chair,6,1582.76,24,Furniture,North
2024-11-09,Office Desk,9,2925.87,22,Furniture,North
2024-11-10,Laptop Pro,3,3346.93,32,Electronics,East
2024-11-10,Winter Jacket,27,4283.2,54,Apparel,East
2024-11-10,Coffee Table,2,395.69,4,Furniture,North
2024-11-10,Designer Jeans,3,276.01,66,Apparel,North
2024-11-10,Winter Jacket,9,1471.1,48,Apparel,South
2024-11-10,Coffee Table,9,1491.68,5,Furniture,Central
2024-11-10,Office Desk,3,1064.39,8,Furniture,Central
2024-11-10,Designer Jeans,11,1047.94,74,Apparel,Central
2024-11-10,Winter Jacket,30,4690.68,28,Apparel,South
2024-11-10,Coffee Table,5,825.66,15,Furniture,East
2024-11-10,Multivitamins,3,74.58,163,Health,East
2024-11-10,Ergonomic Chair,10,2451.76,31,Furniture,North
2024-11-10,Running Shoes,1,124.48,68,Apparel,West
2024-11-10,Yoga Mat,11,357.12,44,Health,East
2024-11-10,SmartPhone X,10,7639.69,52,Electronics,West
2024-11-10,Coffee Table,9,1767.45,26,Furniture,East
2024-11-11,Designer Jeans,2,173.45,79,Apparel,Central
2024-11-11,Laptop Pro,7,7815.97,35,Electronics,South
2024-11-11,Wireless Earbuds,9,1457.65,79,Electronics,West
2024-11-11,Ergonomic Chair,9,2040.87,26,Furniture,Central
2024-11-11,Wireless Earbuds,5,745.89,89,Electronics,North
2024-11-11,Designer Jeans,7,581.52,83,Apparel,East
2024-11-11,Designer Jeans,7,677.36,66,Apparel,South
2024-11-11,Laptop Pro,1,1144.67,26,Electronics,East
2024-11-11,Yoga Mat,5,169.66,38,Health,West
2024-11-11,Coffee Table,3,522.31,21,Furniture,West
2024-11-11,Protein Powder,7,276.87,127,Health,Central
2024-11-11,Winter Jacket,33,5291.55,40,Apparel,North
2024-11-11,Coffee Table,11,1981.48,24,Furniture,West
2024-11-11,Coffee Table,2,382.76,29,Furniture,Central
2024-11-11,Wireless Earbuds,9,1255.01,89,Electronics,South
2024-11-11,Running Shoes,7,894.47,73,Apparel,North
2024-11-11,Coffee Table,11,1999.2,33,Furniture,West
2024-11-11,Laptop Pro,5,6003.31,47,Electronics,North
2024-11-11,Ergonomic Chair,5,1214.92,26,Furniture,South
2024-11-11,Ergonomic Chair,1,229.22,18,Furniture,West
2024-11-12,Wireless Earbuds,1,140.6,83,Electronics,East
2024-11-12,Yoga Mat,2,65.92,48,Health,South
2024-11-12,Laptop Pro,3,3901.7,43,Electronics,North
2024-11-12,Coffee Table,7,1215.5,21,Furniture,Central
2024-11-12,Winter Jacket,21,3263.73,43,Apparel,North
2024-11-12,Winter Jacket,33,5151.01,55,Apparel,Central
2024-11-12,SmartPhone X,9,7248.08,40,Electronics,West
2024-11-12,Ergonomic Chair,10,2746.99,20,Furniture,West
2024-11-12,Coffee Table,1,168.28,10,Furniture,West
2024-11-12,SmartPhone X,2,1447.35,37,Electronics,East
2024-11-12,Ergonomic Chair,6,1527.18,26,Furniture,South
2024-11-12,Laptop Pro,7,7580.55,25,Electronics,East
2024-11-12,Running Shoes,6,677.92,53,Apparel,South
2024-11-12,Winter Jacket,21,3559.15,48,Apparel,East
2024-11-12,Running Shoes,3,340.98,50,Apparel,East
2024-11-12,Running Shoes,3,363.39,69,Apparel,West
2024-11-13,Winter Jacket,30,4876.77,30,Apparel,Central
2024-11-13,Coffee Table,5,849.76,31,Furniture,North
2024-11-13,Office Desk,1,368.38,29,Furniture,West
2024-11-13,Designer Jeans,7,654.15,74,Apparel,West
2024-11-13,Laptop Pro,1,1121.07,35,Electronics,South
2024-11-13,Yoga Mat,10,356.64,50,Health,Central
2024-11-13,Protein Powder,2,74.28,126,Health,South
2024-11-13,Laptop Pro,6,7866.99,37,Electronics,West
2024-11-13,Multivitamins,2,51.49,151,Health,West
2024-11-13,Wireless Earbuds,1,146.29,79,Electronics,West
2024-11-13,Coffee Table,3,579.31,33,Furniture,South
2024-11-13,Wireless Earbuds,10,1513.7,91,Electronics,Central
2024-11-13,Wireless Earbuds,7,1146.42,91,Electronics,West
2024-11-13,SmartPhone X,5,3745.09,35,Electronics,Central
2024-11-13,Office Desk,7,2348.87,15,Furniture,Central
2024-11-13,Yoga Mat,10,371.7,54,Health,Central
2024-11-14,Multivitamins,3,78.4,146,Health,South
2024-11-14,SmartPhone X,3,2506.83,36,Electronics,East
2024-11-14,Ergonomic Chair,1,265.99,44,Furniture,West
2024-11-14,Ergonomic Chair,1,242.42,22,Furniture,East
2024-11-14,Winter Jacket,6,889.24,48,Apparel,West
2024-11-14,Wireless Earbuds,10,1590.0,81,Electronics,East
2024-11-14,Running Shoes,2,229.79,57,Apparel,West
2024-11-14,Protein Powder,3,131.14,105,Health,South
2024-11-14,Yoga Mat,1,33.78,57,Health,West
2024-11-14,Laptop Pro,6,6963.69,27,Electronics,Central
2024-11-14,Running Shoes,3,348.59,51,Apparel,East
2024-11-14,Laptop Pro,2,2634.5,25,Electronics,West
2024-11-14,Winter Jacket,18,2998.11,44,Apparel,North
2024-11-14,Office Desk,6,1971.67,34,Furniture,East
2024-11-14,Coffee Table,3,585.24,4,Furniture,East
2024-11-14,Winter Jacket,9,1401.72,38,Apparel,East
2024-11-14,Designer Jeans,11,1076.57,76,Apparel,North
2024-11-14,Yoga Mat,3,100.34,57,Health,Central
2024-11-14,Coffee Table,1,172.61,29,Furniture,West
2024-11-14,Office Desk,1,367.07,33,Furniture,North
2024-11-14,Running Shoes,6,755.76,53,Apparel,West
2024-11-14,Multivitamins,7,181.36,137,Health,North
2024-11-14,Ergonomic Chair,3,679.56,42,Furniture,South
2024-11-14,Protein Powder,1,41.58,115,Health,South
2024-11-14,Winter Jacket,6,983.82,27,Apparel,Central
2024-11-15,Ergonomic Chair,5,1292.03,25,Furniture,North
2024-11-15,SmartPhone X,2,1582.77,50,Electronics,East
2024-11-15,Wireless Earbuds,7,1067.71,68,Electronics,West
2024-11-15,Multivitamins,5,120.85,143,Health,North
2024-11-15,Ergonomic Chair,2,450.84,19,Furniture,North
2024-11-15,Multivitamins,9,242.51,143,Health,North
2024-11-15,Office Desk,5,1828.13,34,Furniture,Central
2024-11-15,Winter Jacket,27,4167.79,36,Apparel,South
2024-11-15,Wireless Earbuds,5,686.82,66,Electronics,West
2024-11-15,Multivitamins,10,258.03,137,Health,East
2024-11-15,Multivitamins,10,244.44,146,Health,North
2024-11-15,Protein Powder,10,367.56,113,Health,East
2024-11-15,Ergonomic Chair,3,824.05,25,Furniture,South
2024-11-15,Winter Jacket,21,3390.41,32,Apparel,West
2024-11-15,Multivitamins,1,23.03,137,Health,North
2024-11-15,Protein Powder,5,193.61,122,Health,North
2024-11-15,Office Desk,7,2475.82,19,Furniture,North
2024-11-15,SmartPhone X,3,2608.47,43,Electronics,North
2024-11-15,Winter Jacket,18,2718.61,28,Apparel,South
2024-11-15,Wireless Earbuds,7,984.65,90,Electronics,Central
2024-11-15,SmartPhone X,9,6810.11,35,Electronics,Central
2024-11-15,Laptop Pro,3,3303.26,27,Electronics,Central
2024-11-15,Yoga Mat,7,244.43,43,Health,West
2024-11-15,Ergonomic Chair,1,259.14,36,Furniture,Central
2024-11-16,Yoga Mat,3,98.82,52,Health,East
2024-11-16,Multivitamins,10,258.7,148,Health,West
2024-11-16,Designer Jeans,7,653.29,62,Apparel,East
2024-11-16,Designer Jeans,11,932.67,88,Apparel,Central
2024-11-16,Designer Jeans,10,984.41,70,Apparel,East
2024-11-16,Winter Jacket,27,4694.29,53,Apparel,East
2024-11-16,Yoga Mat,3,95.1,55,Health,South
2024-11-16,Protein Powder,2,83.55,121,Health,North
2024-11-16,Protein Powder,5,185.09,107,Health,North
2024-11-16,Winter Jacket,27,4374.07,45,Apparel,South
2024-11-16,Wireless Earbuds,2,276.26,75,Electronics,Central
2024-11-16,Yoga Mat,2,65.76,61,Health,North
2024-11-16,Yoga Mat,5,189.79,58,Health,North
2024-11-17,Running Shoes,1,110.42,64,Apparel,East
2024-11-17,Yoga Mat,10,365.11,48,Health,South
2024-11-17,Protein Powder,3,112.07,110,Health,Central
2024-11-17,Office Desk,10,3740.92,14,Furniture,West
2024-11-17,Wireless Earbuds,10,1361.28,77,Electronics,North
2024-11-17,Running Shoes,7,799.37,65,Apparel,West
2024-11-17,Coffee Table,10,1958.31,13,Furniture,North
2024-11-17,SmartPhone X,10,8100.26,45,Electronics,East
2024-11-17,Protein Powder,10,388.06,121,Health,South
2024-11-17,SmartPhone X,9,7258.71,40,Electronics,West
2024-11-17,Office Desk,10,3245.78,32,Furniture,East
2024-11-17,Wireless Earbuds,7,1141.02,77,Electronics,West
2024-11-17,Coffee Table,7,1299.7,6,Furniture,North
2024-11-17,Office Desk,6,2251.12,14,Furniture,North
2024-11-17,Designer Jeans,7,654.59,67,Apparel,North
2024-11-17,Protein Powder,7,281.63,120,Health,West
2024-11-18,Designer Jeans,5,494.93,79,Apparel,South
2024-11-18,Office Desk,2,734.76,13,Furniture,East
2024-11-18,Laptop Pro,6,7725.36,43,Electronics,Central
2024-11-18,Running Shoes,1,121.61,71,Apparel,South
2024-11-18,Coffee Table,5,964.77,21,Furniture,North
2024-11-18,Ergonomic Chair,6,1647.85,23,Furniture,Central
2024-11-18,Office Desk,3,1087.24,16,Furniture,West
2024-11-18,Office Desk,6,1924.54,10,Furniture,North
2024-11-18,Winter Jacket,9,1490.74,54,Apparel,South
2024-11-18,Multivitamins,11,250.03,141,Health,South
2024-11-18,Protein Powder,10,366.87,114,Health,North
2024-11-18,Winter Jacket,9,1537.34,30,Apparel,Central
2024-11-18,Multivitamins,3,77.03,146,Health,North
2024-11-18,Multivitamins,11,296.62,143,Health,East
2024-11-18,Winter Jacket,9,1302.36,44,Apparel,East
2024-11-18,Protein Powder,2,86.08,110,Health,West
2024-11-18,Designer Jeans,10,839.97,63,Apparel,South
2024-11-18,Ergonomic Chair,11,2548.66,22,Furniture,Central
2024-11-18,Ergonomic Chair,9,2290.65,39,Furniture,South
2024-11-18,Protein Powder,10,427.68,119,Health,South
2024-11-18,Coffee Table,2,325.29,19,Furniture,East
2024-11-18,Designer Jeans,10,873.57,71,Apparel,North
2024-11-18,Yoga Mat,7,252.78,42,Health,South
2024-11-18,Wireless Earbuds,1,160.79,67,Electronics,North
2024-11-18,Winter Jacket,18,2601.96,53,Apparel,South
2024-11-18,Ergonomic Chair,11,2666.92,23,Furniture,West
2024-11-18,Office Desk,1,320.47,7,Furniture,West
2024-11-19,Office Desk,2,763.73,15,Furniture,South
2024-11-19,Multivitamins,5,115.73,133,Health,North
2024-11-19,Wireless Earbuds,5,814.82,70,Electronics,Central
2024-11-19,Protein Powder,6,233.58,116,Health,West
2024-11-19,Multivitamins,5,129.99,132,Health,South
2024-11-19,Ergonomic Chair,3,687.72,28,Furniture,Central
2024-11-19,Protein Powder,9,374.06,105,Health,West
2024-11-19,Wireless Earbuds,11,1547.48,81,Electronics,Central
2024-11-19,Ergonomic Chair,1,246.63,21,Furniture,South
2024-11-19,Coffee Table,1,166.27,16,Furniture,Central
2024-11-19,SmartPhone X,11,9665.97,40,Electronics,East
2024-11-19,SmartPhone X,2,1753.31,33,Electronics,South
2024-11-19,Multivitamins,5,130.84,142,Health,South
2024-11-19,Protein Powder,9,364.83,116,Health,West
2024-11-19,Wireless Earbuds,3,433.84,76,Electronics,West
2024-11-19,Wireless Earbuds,11,1812.06,64,Electronics,West
2024-11-19,Office Desk,3,1111.12,24,Furniture,Central
2024-11-19,Running Shoes,3,391.31,69,Apparel,Central
2024-11-19,Ergonomic Chair,6,1494.88,20,Furniture,South
2024-11-19,Ergonomic Chair,3,785.23,22,Furniture,West
2024-11-19,Yoga Mat,11,387.15,50,Health,West
2024-11-19,Multivitamins,1,26.03,148,Health,West
2024-11-19,Office Desk,7,2455.42,14,Furniture,Central
2024-11-19,Ergonomic Chair,7,1677.87,22,Furniture,South
2024-11-20,Protein Powder,1,38.24,117,Health,North
2024-11-20,Running Shoes,10,1158.53,70,Apparel,North
2024-11-20,Running Shoes,5,581.6,52,Apparel,South
2024-11-20,Wireless Earbuds,1,160.64,82,Electronics,North
2024-11-20,Coffee Table,11,1923.49,21,Furniture,East
2024-11-20,Wireless Earbuds,6,833.05,61,Electronics,East
2024-11-20,SmartPhone X,9,6552.61,45,Electronics,Central
2024-11-20,Protein Powder,1,40.69,106,Health,Central
2024-11-20,Coffee Table,7,1136.62,32,Furniture,North
2024-11-20,Multivitamins,6,138.6,157,Health,East
2024-11-20,Office Desk,1,344.16,33,Furniture,South
2024-11-20,Wireless Earbuds,10,1538.46,89,Electronics,East
2024-11-20,Coffee Table,3,514.26,5,Furniture,South
2024-11-20,Coffee Table,10,1884.44,17,Furniture,North
2024-11-20,Winter Jacket,9,1444.54,37,Apparel,East
2024-11-20,Coffee Table,11,1998.6,28,Furniture,West
2024-11-20,Designer Jeans,7,582.16,88,Apparel,East
2024-11-20,Wireless Earbuds,11,1497.7,72,Electronics,Central
2024-11-20,Designer Jeans,1,81.55,84,Apparel,North
2024-11-20,Multivitamins,11,280.42,150,Health,South
2024-11-20,SmartPhone X,9,7346.5,58,Electronics,West
2024-11-20,Coffee Table,6,990.4,12,Furniture,South
2024-11-21,Running Shoes,2,253.15,44,Apparel,West
2024-11-21,Office Desk,2,750.21,15,Furniture,East
2024-11-21,Protein Powder,7,277.08,101,Health,Central
2024-11-21,Laptop Pro,3,3534.87,32,Electronics,South
2024-11-21,Wireless Earbuds,10,1639.08,65,Electronics,West
2024-11-21,SmartPhone X,11,8839.82,34,Electronics,Central
2024-11-21,Wireless Earbuds,7,1069.38,80,Electronics,East
2024-11-21,Designer Jeans,1,81.05,83,Apparel,West
2024-11-21,Designer Jeans,5,439.87,65,Apparel,East
2024-11-21,Running Shoes,5,545.18,62,Apparel,North
2024-11-21,Wireless Earbuds,9,1252.81,82,Electronics,North
2024-11-21,Designer Jeans,9,789.74,88,Apparel,North
2024-11-21,Office Desk,11,3895.45,32,Furniture,East
2024-11-21,Coffee Table,10,1709.02,33,Furniture,North
2024-11-21,Winter Jacket,30,4969.33,33,Apparel,South
2024-11-21,Designer Jeans,9,860.28,78,Apparel,South
2024-11-22,Ergonomic Chair,10,2601.31,29,Furniture,Central
2024-11-22,Coffee Table,7,1203.73,28,Furniture,North
2024-11-22,Office Desk,3,1108.05,9,Furniture,Central
2024-11-22,Protein Powder,1,39.43,100,Health,North
2024-11-22,Running Shoes,11,1354.84,53,Apparel,East
2024-11-22,Winter Jacket,6,991.15,52,Apparel,South
2024-11-22,Winter Jacket,21,3388.42,52,Apparel,East
2024-11-22,Yoga Mat,9,310.45,41,Health,East
2024-11-22,Yoga Mat,6,204.14,43,Health,West
2024-11-22,Office Desk,7,2629.78,13,Furniture,South
2024-11-22,Running Shoes,2,260.77,69,Apparel,South
2024-11-22,Yoga Mat,3,104.16,54,Health,East
2024-11-22,Designer Jeans,1,96.57,89,Apparel,East
2024-11-22,Coffee Table,3,541.55,29,Furniture,South
2024-11-22,SmartPhone X,9,7237.2,40,Electronics,Central
2024-11-22,Running Shoes,2,245.48,44,Apparel,Central
2024-11-22,Office Desk,10,3843.26,21,Furniture,Central
2024-11-22,Office Desk,10,3733.07,28,Furniture,North
2024-11-22,SmartPhone X,6,4650.97,57,Electronics,Central
2024-11-22,Designer Jeans,11,928.54,74,Apparel,North
2024-11-22,SmartPhone X,5,4110.87,32,Electronics,North
2024-11-22,Multivitamins,7,184.48,155,Health,East
2024-11-22,Office Desk,2,719.31,20,Furniture,North
2024-11-22,Winter Jacket,33,5661.68,51,Apparel,North
2024-11-22,Designer Jeans,11,922.56,82,Apparel,South
2024-11-23,Winter Jacket,15,2416.74,31,Apparel,South
2024-11-23,Multivitamins,5,132.23,157,Health,West
2024-11-23,Winter Jacket,33,5577.99,36,Apparel,Central
2024-11-23,Office Desk,3,1072.42,32,Furniture,West
2024-11-23,Winter Jacket,3,487.26,30,Apparel,North
2024-11-23,Office Desk,11,4164.96,17,Furniture,West
2024-11-23,Wireless Earbuds,5,723.82,73,Electronics,Central
2024-11-23,Office Desk,9,2863.44,9,Furniture,South
2024-11-23,Yoga Mat,3,96.11,54,Health,West
2024-11-23,Running Shoes,7,906.52,45,Apparel,South
2024-11-23,Yoga Mat,10,356.22,34,Health,West
2024-11-23,Winter Jacket,27,4522.9,48,Apparel,East
2024-11-23,Wireless Earbuds,5,744.12,87,Electronics,North
2024-11-24,Laptop Pro,2,2238.92,45,Electronics,Central
2024-11-24,Yoga Mat,5,173.23,61,Health,South
2024-11-24,Protein Powder,11,480.62,107,Health,North
2024-11-24,Designer Jeans,9,761.69,77,Apparel,Central
2024-11-24,Yoga Mat,2,66.6,44,Health,West
2024-11-24,Winter Jacket,27,4751.11,33,Apparel,East
2024-11-24,Ergonomic Chair,10,2461.39,43,Furniture,East
2024-11-24,Running Shoes,5,577.39,43,Apparel,East
2024-11-24,Yoga Mat,6,192.69,55,Health,South
2024-11-24,Multivitamins,5,123.08,153,Health,Central
2024-11-24,Ergonomic Chair,6,1519.37,43,Furniture,South
2024-11-24,SmartPhone X,11,8350.88,59,Electronics,Central
2024-11-24,Protein Powder,3,114.96,115,Health,North
2024-11-24,Protein Powder,9,324.49,104,Health,East
2024-11-24,Multivitamins,7,163.47,141,Health,West
2024-11-24,Coffee Table,3,558.66,7,Furniture,West
2024-11-25,Designer Jeans,2,164.68,87,Apparel,East
2024-11-25,Protein Powder,5,202.9,112,Health,East
2024-11-25,Yoga Mat,9,333.46,42,Health,North
2024-11-25,Laptop Pro,2,2341.72,37,Electronics,North
2024-11-25,Winter Jacket,3,479.35,24,Apparel,North
2024-11-25,Designer Jeans,11,1047.38,88,Apparel,West
2024-11-25,Coffee Table,10,1726.6,21,Furniture,North
2024-11-25,Office Desk,5,1777.93,14,Furniture,Central
2024-11-25,Running Shoes,3,359.11,43,Apparel,Central
2024-11-25,Coffee Table,7,1303.53,9,Furniture,East
2024-11-25,Wireless Earbuds,2,318.15,72,Electronics,West
2024-11-25,Designer Jeans,10,832.25,85,Apparel,West
2024-11-25,Coffee Table,2,360.85,19,Furniture,West
2024-11-25,Wireless Earbuds,3,450.3,85,Electronics,West
2024-11-25,Winter Jacket,27,4696.15,53,Apparel,Central
2024-11-25,Protein Powder,11,483.55,107,Health,Central
2024-11-25,Coffee Table,7,1296.5,4,Furniture,North
2024-11-25,Protein Powder,9,363.98,107,Health,South
2024-11-25,Yoga Mat,5,172.32,41,Health,East
2024-11-25,Coffee Table,1,189.46,31,Furniture,North
2024-11-25,Protein Powder,9,337.79,120,Health,West
2024-11-25,Office Desk,1,350.05,34,Furniture,North
2024-11-25,Multivitamins,7,171.79,141,Health,North
2024-11-25,Laptop Pro,10,10888.89,45,Electronics,North
2024-11-25,Running Shoes,11,1340.27,63,Apparel,West
2024-11-25,Coffee Table,11,1885.05,29,Furniture,East
2024-11-25,Multivitamins,2,52.09,131,Health,South
2024-11-25,Wireless Earbuds,2,278.29,81,Electronics,South
2024-11-25,Office Desk,10,3261.12,31,Furniture,East
2024-11-26,Multivitamins,6,152.69,149,Health,East
2024-11-26,Laptop Pro,10,11842.55,38,Electronics,East
2024-11-26,Laptop Pro,5,6220.02,31,Electronics,West
2024-11-26,Multivitamins,7,168.62,151,Health,South
2024-11-26,Winter Jacket,9,1414.24,35,Apparel,Central
2024-11-26,Protein Powder,10,360.03,100,Health,South
2024-11-26,Winter Jacket,3,483.36,27,Apparel,East
2024-11-26,Wireless Earbuds,5,814.5,79,Electronics,Central
2024-11-26,Coffee Table,2,350.58,30,Furniture,West
2024-11-26,Winter Jacket,21,3328.44,47,Apparel,South
2024-11-26,Wireless Earbuds,1,151.3,76,Electronics,Central
2024-11-26,Laptop Pro,10,12207.44,46,Electronics,Central
2024-11-26,Office Desk,10,3297.4,35,Furniture,West
2024-11-26,Yoga Mat,5,169.72,51,Health,South
2024-11-26,Wireless Earbuds,7,995.51,73,Electronics,North
2024-11-26,Winter Jacket,33,5126.97,50,Apparel,South
2024-11-27,Laptop Pro,9,11411.14,39,Electronics,East
2024-11-27,SmartPhone X,9,7540.89,52,Electronics,West
2024-11-27,Protein Powder,10,384.94,101,Health,Central
2024-11-27,Winter Jacket,9,1315.39,53,Apparel,South
2024-11-27,Protein Powder,2,83.13,120,Health,Central
2024-11-27,Ergonomic Chair,6,1567.16,33,Furniture,East
2024-11-27,Multivitamins,5,118.49,154,Health,East
2024-11-27,Office Desk,3,1086.83,18,Furniture,East
2024-11-27,Coffee Table,2,350.44,31,Furniture,East
2024-11-27,Ergonomic Chair,6,1398.15,19,Furniture,Central
2024-11-27,Office Desk,9,3456.06,32,Furniture,West
2024-11-27,Protein Powder,1,43.39,113,Health,East
2024-11-27,Yoga Mat,9,319.65,31,Health,North
2024-11-27,Designer Jeans,5,449.23,80,Apparel,Central
2024-11-27,Winter Jacket,33,5584.59,38,Apparel,Central
2024-11-27,Protein Powder,3,130.7,107,Health,Central
2024-11-28,Yoga Mat,2,73.2,36,Health,West
2024-11-28,Wireless Earbuds,7,1020.31,67,Electronics,Central
2024-11-28,Coffee Table,6,1170.23,26,Furniture,East
2024-11-28,Office Desk,10,3791.88,35,Furniture,Central
2024-11-28,Designer Jeans,7,674.7,76,Apparel,North
2024-11-28,Multivitamins,9,213.81,148,Health,Central
2024-11-28,Ergonomic Chair,1,236.33,36,Furniture,South
2024-11-28,Multivitamins,10,239.02,146,Health,West
2024-11-28,Office Desk,3,1000.04,34,Furniture,East
2024-11-28,Laptop Pro,3,3950.62,35,Electronics,East
2024-11-28,Laptop Pro,5,5955.17,41,Electronics,West
2024-11-28,Protein Powder,10,391.38,120,Health,East
2024-11-28,Protein Powder,6,229.33,115,Health,South
2024-11-28,Designer Jeans,7,567.18,66,Apparel,North
2024-11-28,Ergonomic Chair,6,1621.36,42,Furniture,South
2024-11-28,Wireless Earbuds,7,953.94,71,Electronics,West
2024-11-28,SmartPhone X,9,7231.79,34,Electronics,North
2024-11-28,Ergonomic Chair,7,1850.98,40,Furniture,South
2024-11-28,Yoga Mat,6,196.27,60,Health,East
2024-11-29,Protein Powder,2,73.44,120,Health,East
2024-11-29,SmartPhone X,3,2620.18,47,Electronics,North
2024-11-29,Running Shoes,11,1268.15,45,Apparel,North
2024-11-29,Yoga Mat,5,164.02,59,Health,South
2024-11-29,Winter Jacket,3,441.59,36,Apparel,West
2024-11-29,SmartPhone X,5,4002.72,50,Electronics,North
2024-11-29,Yoga Mat,9,292.48,41,Health,East
2024-11-29,Coffee Table,11,1826.4,6,Furniture,West
2024-11-29,Laptop Pro,10,13189.87,39,Electronics,Central
2024-11-29,Winter Jacket,6,893.22,27,Apparel,Central
2024-11-29,Yoga Mat,2,63.47,46,Health,East
2024-11-29,SmartPhone X,11,9140.73,41,Electronics,Central
2024-11-29,Running Shoes,1,125.21,54,Apparel,South
2024-11-29,Running Shoes,11,1329.95,55,Apparel,North
2024-11-29,Running Shoes,1,108.85,45,Apparel,Central
2024-11-29,Wireless Earbuds,11,1652.14,80,Electronics,South
2024-11-29,Yoga Mat,3,112.54,37,Health,South
2024-11-29,Wireless Earbuds,3,434.93,79,Electronics,North
2024-11-29,Running Shoes,6,691.75,43,Apparel,South
2024-11-29,Wireless Earbuds,10,1388.78,72,Electronics,North
2024-11-29,Winter Jacket,21,3025.99,44,Apparel,North
2024-11-29,Running Shoes,6,669.4,61,Apparel,Central
2024-11-30,SmartPhone X,2,1443.1,45,Electronics,East
2024-11-30,Multivitamins,3,73.19,156,Health,East
2024-11-30,Multivitamins,2,50.66,155,Health,Central
2024-11-30,SmartPhone X,9,7559.99,47,Electronics,Central
2024-11-30,Office Desk,1,373.41,9,Furniture,Central
2024-11-30,Designer Jeans,7,689.05,60,Apparel,North
2024-11-30,SmartPhone X,7,5657.51,49,Electronics,East
2024-11-30,Office Desk,10,3152.12,11,Furniture,East
2024-11-30,Running Shoes,1,121.56,65,Apparel,West
2024-11-30,Winter Jacket,9,1467.14,30,Apparel,North
2024-11-30,SmartPhone X,10,7724.26,43,Electronics,Central
2024-11-30,Running Shoes,9,1144.12,49,Apparel,North
2024-11-30,Yoga Mat,9,296.82,36,Health,South
2024-11-30,Yoga Mat,11,391.31,33,Health,North
2024-12-01,Winter Jacket,15,2604.97,27,Apparel,West
2024-12-01,Protein Powder,5,198.15,118,Health,Central
2024-12-01,Ergonomic Chair,5,1361.71,20,Furniture,West
2024-12-01,SmartPhone X,1,774.03,31,Electronics,East
2024-12-01,Wireless Earbuds,5,756.65,72,Electronics,South
2024-12-01,SmartPhone X,6,4470.04,46,Electronics,West
2024-12-01,Ergonomic Chair,3,756.06,35,Furniture,North
2024-12-01,Running Shoes,7,825.3,42,Apparel,West
2024-12-01,Winter Jacket,33,5686.84,41,Apparel,South
2024-12-01,Coffee Table,3,567.77,32,Furniture,South
2024-12-01,Multivitamins,7,176.36,138,Health,West
2024-12-01,Designer Jeans,7,600.57,78,Apparel,North
2024-12-01,Wireless Earbuds,9,1290.18,61,Electronics,North
2024-12-01,Laptop Pro,3,3811.99,30,Electronics,North
2024-12-02,Wireless Earbuds,1,149.57,84,Electronics,East
2024-12-02,Office Desk,2,748.87,14,Furniture,South
2024-12-02,Winter Jacket,9,1556.37,27,Apparel,West
2024-12-02,Wireless Earbuds,7,1023.24,83,Electronics,East
2024-12-02,Running Shoes,3,340.83,53,Apparel,South
2024-12-02,Wireless Earbuds,1,150.2,78,Electronics,West
2024-12-02,Laptop Pro,5,6555.87,39,Electronics,North
2024-12-02,Designer Jeans,10,932.38,60,Apparel,Central
2024-12-02,Winter Jacket,18,3108.72,47,Apparel,Central
2024-12-02,Wireless Earbuds,9,1400.36,86,Electronics,South
2024-12-02,Office Desk,9,2934.11,34,Furniture,Central
2024-12-02,Designer Jeans,10,904.86,62,Apparel,North
2024-12-02,Running Shoes,1,119.32,52,Apparel,West
2024-12-02,Wireless Earbuds,7,1103.68,67,Electronics,East
2024-12-02,Winter Jacket,6,1045.91,51,Apparel,West
2024-12-02,Ergonomic Chair,5,1210.67,41,Furniture,East
2024-12-02,Office Desk,2,660.32,31,Furniture,South
2024-12-02,Wireless Earbuds,2,278.91,58,Electronics,North
2024-12-02,Protein Powder,9,378.96,113,Health,North
2024-12-02,Ergonomic Chair,2,489.2,38,Furniture,East
2024-12-02,Running Shoes,10,1215.58,44,Apparel,Central
2024-12-02,Wireless Earbuds,5,762.88,84,Electronics,West
2024-12-02,Protein Powder,11,439.41,111,Health,Central
2024-12-02,SmartPhone X,5,4091.58,34,Electronics,East
2024-12-03,SmartPhone X,10,8507.94,56,Electronics,Central
2024-12-03,SmartPhone X,1,836.73,54,Electronics,Central
2024-12-03,Winter Jacket,3,506.26,33,Apparel,Central
2024-12-03,Designer Jeans,3,253.58,82,Apparel,South
2024-12-03,Yoga Mat,3,99.85,44,Health,South
2024-12-03,Ergonomic Chair,5,1240.18,30,Furniture,North
2024-12-03,Office Desk,7,2240.19,25,Furniture,Central
2024-12-03,Laptop Pro,1,1304.98,20,Electronics,West
2024-12-03,Multivitamins,11,289.27,144,Health,North
2024-12-03,Designer Jeans,3,247.11,81,Apparel,North
2024-12-03,Multivitamins,10,227.71,134,Health,South
2024-12-03,Ergonomic Chair,5,1313.37,21,Furniture,West
2024-12-03,Protein Powder,3,119.72,117,Health,West
2024-12-03,Winter Jacket,9,1583.01,25,Apparel,Central
2024-12-03,Laptop Pro,5,6232.18,19,Electronics,West
2024-12-03,Coffee Table,6,991.97,28,Furniture,South
2024-12-03,Winter Jacket,21,3112.82,39,Apparel,South
2024-12-03,Office Desk,6,2081.7,13,Furniture,North
2024-12-03,SmartPhone X,5,3680.7,42,Electronics,South
2024-12-04,Multivitamins,11,260.93,128,Health,East
2024-12-04,Coffee Table,6,1130.91,6,Furniture,Central
2024-12-04,Ergonomic Chair,6,1419.24,13,Furniture,South
2024-12-04,Running Shoes,3,376.95,59,Apparel,West
2024-12-04,Office Desk,7,2587.35,7,Furniture,West
2024-12-04,Designer Jeans,5,475.17,78,Apparel,North
2024-12-04,Running Shoes,3,388.59,61,Apparel,South
2024-12-04,Multivitamins,3,79.9,150,Health,North
2024-12-04,Ergonomic Chair,7,1673.65,42,Furniture,North
2024-12-04,Winter Jacket,6,974.38,40,Apparel,East
2024-12-04,Multivitamins,11,274.57,139,Health,East
2024-12-04,Laptop Pro,5,5687.3,41,Electronics,West
2024-12-04,Running Shoes,3,345.05,58,Apparel,North
2024-12-04,Winter Jacket,30,4800.54,27,Apparel,Central
2024-12-04,Coffee Table,9,1585.5,19,Furniture,Central
2024-12-04,Yoga Mat,10,335.02,55,Health,East
2024-12-04,Protein Powder,1,41.14,95,Health,North
2024-12-04,Ergonomic Chair,6,1483.01,31,Furniture,West
2024-12-04,SmartPhone X,6,5105.36,56,Electronics,West
2024-12-04,Designer Jeans,11,1061.5,67,Apparel,West
2024-12-04,Winter Jacket,33,5501.8,48,Apparel,East
2024-12-04,Protein Powder,11,439.09,113,Health,North
2024-12-04,SmartPhone X,6,4770.36,45,Electronics,West
2024-12-05,Wireless Earbuds,3,464.05,79,Electronics,Central
2024-12-05,SmartPhone X,5,4249.65,31,Electronics,South
2024-12-05,Protein Powder,1,41.07,99,Health,Central
2024-12-05,Multivitamins,9,210.38,134,Health,Central
2024-12-05,Running Shoes,7,876.33,58,Apparel,Central
2024-12-05,Protein Powder,11,419.34,120,Health,South
2024-12-05,Protein Powder,2,77.72,116,Health,South
2024-12-05,Running Shoes,11,1407.94,68,Apparel,South
2024-12-05,Yoga Mat,1,33.54,58,Health,North
2024-12-05,Protein Powder,3,127.81,111,Health,Central
2024-12-05,Coffee Table,11,1926.83,29,Furniture,North
2024-12-05,Protein Powder,7,297.37,109,Health,South
2024-12-05,Designer Jeans,5,468.48,67,Apparel,West
2024-12-05,Yoga Mat,1,35.12,51,Health,Central
2024-12-05,Designer Jeans,5,406.62,64,Apparel,West
2024-12-05,Office Desk,10,3535.31,23,Furniture,East
2024-12-05,Yoga Mat,2,69.89,44,Health,West
2024-12-06,Designer Jeans,7,620.39,66,Apparel,West
2024-12-06,SmartPhone X,9,7340.99,52,Electronics,Central
2024-12-06,Protein Powder,10,410.34,91,Health,West
2024-12-06,Office Desk,9,2911.65,18,Furniture,Central
2024-12-06,SmartPhone X,2,1493.35,54,Electronics,North
2024-12-06,Coffee Table,1,168.83,11,Furniture,South
2024-12-06,Running Shoes,2,249.72,64,Apparel,South
2024-12-06,Office Desk,5,1869.81,17,Furniture,Central
2024-12-06,Laptop Pro,5,5846.32,24,Electronics,Central
2024-12-06,Protein Powder,10,366.99,120,Health,South
2024-12-06,Office Desk,3,1131.57,11,Furniture,Central
2024-12-06,Designer Jeans,1,84.06,72,Apparel,North
2024-12-06,Wireless Earbuds,9,1363.98,77,Electronics,West
2024-12-06,Winter Jacket,18,2593.52,40,Apparel,Central
2024-12-06,Protein Powder,2,78.6,111,Health,West
2024-12-06,Coffee Table,2,377.55,27,Furniture,East
2024-12-06,Ergonomic Chair,10,2581.48,31,Furniture,Central
2024-12-06,Office Desk,5,1792.87,27,Furniture,West
2024-12-06,Coffee Table,3,535.14,10,Furniture,Central
2024-12-07,Ergonomic Chair,10,2251.33,30,Furniture,North
2024-12-07,Protein Powder,10,380.88,111,Health,West
2024-12-07,Multivitamins,5,115.06,149,Health,East
2024-12-07,Wireless Earbuds,9,1232.43,81,Electronics,West
2024-12-07,Designer Jeans,3,277.88,63,Apparel,North
2024-12-07,Ergonomic Chair,11,2753.31,22,Furniture,Central
2024-12-07,Designer Jeans,2,176.85,65,Apparel,East
2024-12-07,Coffee Table,10,1683.14,5,Furniture,West
2024-12-07,Winter Jacket,9,1413.36,41,Apparel,East
2024-12-07,SmartPhone X,1,729.13,54,Electronics,North
2024-12-07,SmartPhone X,1,827.07,30,Electronics,East
2024-12-07,Running Shoes,11,1422.32,52,Apparel,West
2024-12-07,Wireless Earbuds,1,144.94,66,Electronics,East
2024-12-07,Winter Jacket,21,3491.75,36,Apparel,West
2024-12-07,Wireless Earbuds,6,877.81,70,Electronics,North
2024-12-08,SmartPhone X,9,7445.26,54,Electronics,North
2024-12-08,Office Desk,9,3289.37,12,Furniture,West
2024-12-08,Yoga Mat,9,332.73,57,Health,North
2024-12-08,Winter Jacket,30,4434.44,42,Apparel,South
2024-12-08,Running Shoes,10,1146.32,42,Apparel,West
2024-12-08,Multivitamins,2,49.0,146,Health,West
2024-12-08,Wireless Earbuds,9,1423.28,72,Electronics,West
2024-12-08,Protein Powder,10,365.33,105,Health,Central
2024-12-08,Multivitamins,7,180.92,151,Health,North
2024-12-08,Wireless Earbuds,2,289.74,62,Electronics,South
2024-12-08,Multivitamins,1,24.6,140,Health,East
2024-12-08,Coffee Table,3,546.21,30,Furniture,West
2024-12-08,Multivitamins,2,47.59,147,Health,Central
2024-12-08,Coffee Table,9,1557.91,24,Furniture,South
2024-12-08,SmartPhone X,5,4201.86,42,Electronics,Central
2024-12-08,Winter Jacket,33,4775.49,33,Apparel,East
2024-12-08,Multivitamins,6,162.67,143,Health,North
2024-12-09,Ergonomic Chair,9,2247.01,31,Furniture,North
2024-12-09,Protein Powder,11,408.18,111,Health,North
2024-12-09,Ergonomic Chair,3,786.5,34,Furniture,Central
2024-12-09,Laptop Pro,6,7281.69,27,Electronics,East
2024-12-09,Wireless Earbuds,9,1397.75,63,Electronics,South
2024-12-09,Laptop Pro,5,6464.73,17,Electronics,South
2024-12-09,Protein Powder,5,185.5,101,Health,West
2024-12-09,Running Shoes,6,773.82,47,Apparel,East
2024-12-09,SmartPhone X,10,8092.68,53,Electronics,North
2024-12-09,Winter Jacket,33,4780.51,42,Apparel,East
2024-12-09,Wireless Earbuds,9,1399.1,66,Electronics,North
2024-12-09,Yoga Mat,1,37.51,53,Health,West
2024-12-09,Ergonomic Chair,2,467.39,32,Furniture,South
2024-12-09,Laptop Pro,2,2291.07,41,Electronics,West
2024-12-09,Winter Jacket,30,4860.2,33,Apparel,Central
2024-12-09,Winter Jacket,18,2754.72,29,Apparel,West
2024-12-09,Winter Jacket,18,3128.68,42,Apparel,East
2024-12-10,Multivitamins,5,136.89,124,Health,Central
2024-12-10,Wireless Earbuds,6,927.88,58,Electronics,Central
2024-12-10,Wireless Earbuds,5,772.84,58,Electronics,East
2024-12-10,SmartPhone X,2,1511.1,53,Electronics,South
2024-12-10,Coffee Table,3,539.88,24,Furniture,Central
2024-12-10,Multivitamins,7,172.33,143,Health,East
2024-12-10,Office Desk,2,697.44,25,Furniture,South
2024-12-10,Wireless Earbuds,9,1376.48,76,Electronics,West
2024-12-10,Yoga Mat,3,97.42,42,Health,North
2024-12-10,Multivitamins,7,170.22,135,Health,South
2024-12-10,Multivitamins,10,241.68,125,Health,West
2024-12-10,Office Desk,10,3555.98,28,Furniture,East
2024-12-10,Wireless Earbuds,7,1080.97,63,Electronics,South
2024-12-10,Running Shoes,5,600.37,59,Apparel,West
2024-12-10,Running Shoes,3,376.93,55,Apparel,Central
2024-12-10,Laptop Pro,2,2433.31,27,Electronics,South
2024-12-10,Laptop Pro,5,6411.46,39,Electronics,Central
2024-12-10,SmartPhone X,10,7406.42,57,Electronics,East
2024-12-10,Protein Powder,9,376.71,103,Health,South
2024-12-10,Ergonomic Chair,6,1616.66,17,Furniture,South
2024-12-10,Multivitamins,9,231.02,140,Health,South
2024-12-10,Designer Jeans,11,1054.28,63,Apparel,East
2024-12-10,Laptop Pro,3,3372.06,17,Electronics,North
2024-12-10,Ergonomic Chair,5,1174.55,23,Furniture,West
2024-12-11,Running Shoes,1,127.33,44,Apparel,Central
2024-12-11,Ergonomic Chair,3,793.16,34,Furniture,South
2024-12-11,Ergonomic Chair,11,2610.8,31,Furniture,East
2024-12-11,Multivitamins,1,25.63,134,Health,West
2024-12-11,Designer Jeans,5,494.06,59,Apparel,South
2024-12-11,Office Desk,2,658.34,26,Furniture,East
2024-12-11,Wireless Earbuds,10,1414.13,77,Electronics,Central
2024-12-11,Protein Powder,6,229.97,105,Health,East
2024-12-11,Yoga Mat,7,227.71,56,Health,North
2024-12-11,SmartPhone X,3,2432.08,54,Electronics,Central
2024-12-11,Multivitamins,1,23.45,128,Health,East
2024-12-11,Wireless Earbuds,11,1728.7,78,Electronics,Central
2024-12-11,Multivitamins,7,167.4,148,Health,Central
2024-12-11,Wireless Earbuds,9,1474.01,61,Electronics,East
2024-12-11,Laptop Pro,9,11691.06,44,Electronics,Central
2024-12-11,Wireless Earbuds,7,1111.84,71,Electronics,East
2024-12-11,Wireless Earbuds,2,307.86,84,Electronics,East
2024-12-11,Office Desk,1,356.29,35,Furniture,North
2024-12-12,SmartPhone X,3,2426.8,36,Electronics,Central
2024-12-12,Office Desk,3,960.2,23,Furniture,East
2024-12-12,Running Shoes,5,632.38,55,Apparel,Central
2024-12-12,Coffee Table,2,332.41,11,Furniture,West
2024-12-12,Ergonomic Chair,6,1409.49,16,Furniture,Central
2024-12-12,Laptop Pro,5,6330.65,40,Electronics,West
2024-12-12,Office Desk,6,2113.59,6,Furniture,South
2024-12-12,Multivitamins,10,236.54,152,Health,North
2024-12-12,Protein Powder,10,392.47,90,Health,South
2024-12-12,Yoga Mat,2,64.49,47,Health,North
2024-12-12,Designer Jeans,3,270.02,60,Apparel,East
2024-12-12,Designer Jeans,9,852.09,73,Apparel,West
2024-12-12,Winter Jacket,30,4911.16,40,Apparel,South
2024-12-12,Wireless Earbuds,2,290.71,70,Electronics,Central
2024-12-12,Coffee Table,10,1738.18,9,Furniture,South
2024-12-12,Multivitamins,5,136.24,126,Health,Central
2024-12-12,Office Desk,10,3532.35,6,Furniture,West
2024-12-12,Yoga Mat,9,324.52,41,Health,West
2024-12-12,Multivitamins,2,53.43,132,Health,North
2024-12-12,SmartPhone X,11,8888.64,30,Electronics,South
2024-12-12,Ergonomic Chair,3,702.98,38,Furniture,North
2024-12-12,Winter Jacket,18,2987.95,38,Apparel,West
2024-12-13,Multivitamins,5,129.58,144,Health,East
2024-12-13,Winter Jacket,27,4108.95,49,Apparel,Central
2024-12-13,Protein Powder,10,367.85,100,Health,West
2024-12-13,Coffee Table,7,1350.92,24,Furniture,South
2024-12-13,Protein Powder,10,377.47,109,Health,South
2024-12-13,Ergonomic Chair,1,250.95,22,Furniture,North
2024-12-13,Winter Jacket,18,3097.12,28,Apparel,Central
2024-12-13,Office Desk,11,3671.72,28,Furniture,East
2024-12-13,Wireless Earbuds,7,1044.55,67,Electronics,North
2024-12-13,Running Shoes,9,1152.36,61,Apparel,West
2024-12-13,SmartPhone X,7,5982.07,36,Electronics,South
2024-12-13,Yoga Mat,9,295.43,54,Health,South
2024-12-13,Office Desk,5,1639.64,33,Furniture,Central
2024-12-13,Multivitamins,7,165.25,151,Health,Central
2024-12-13,Protein Powder,6,233.04,116,Health,East
2024-12-13,Winter Jacket,27,4703.53,47,Apparel,Central
2024-12-13,Winter Jacket,30,4833.22,45,Apparel,Central
2024-12-13,Coffee Table,5,951.79,7,Furniture,South
2024-12-14,Coffee Table,3,525.15,29,Furniture,West
2024-12-14,SmartPhone X,1,722.57,40,Electronics,West
2024-12-14,SmartPhone X,2,1601.62,55,Electronics,East
2024-12-14,Coffee Table,2,380.07,20,Furniture,Central
2024-12-14,Winter Jacket,3,518.12,32,Apparel,South
2024-12-14,Coffee Table,3,489.81,14,Furniture,North
2024-12-14,SmartPhone X,1,816.98,35,Electronics,South
2024-12-14,SmartPhone X,11,9404.13,33,Electronics,East
2024-12-14,Designer Jeans,10,922.93,75,Apparel,East
2024-12-14,Ergonomic Chair,10,2731.86,32,Furniture,Central
2024-12-14,Ergonomic Chair,10,2616.99,32,Furniture,South
2024-12-14,Multivitamins,1,22.81,150,Health,East
2024-12-14,Protein Powder,10,365.97,94,Health,South
2024-12-15,Winter Jacket,21,3522.13,29,Apparel,North
2024-12-15,Ergonomic Chair,1,229.22,31,Furniture,East
2024-12-15,Protein Powder,5,201.14,109,Health,East
2024-12-15,Coffee Table,5,878.77,3,Furniture,North
2024-12-15,Coffee Table,1,182.93,23,Furniture,West
2024-12-15,Wireless Earbuds,11,1629.95,71,Electronics,West
2024-12-15,Designer Jeans,3,280.29,84,Apparel,North
2024-12-15,Protein Powder,9,348.19,103,Health,Central
2024-12-15,Running Shoes,6,762.12,61,Apparel,North
2024-12-15,Multivitamins,2,50.03,148,Health,East
2024-12-15,Running Shoes,9,1172.12,63,Apparel,West
2024-12-15,Wireless Earbuds,11,1721.75,84,Electronics,West
2024-12-15,Running Shoes,7,912.83,53,Apparel,North
2024-12-15,Running Shoes,5,580.25,60,Apparel,East
2024-12-16,Office Desk,6,2115.6,12,Furniture,Central
2024-12-16,Winter Jacket,30,4778.48,51,Apparel,North
2024-12-16,Protein Powder,10,369.25,105,Health,North
2024-12-16,Yoga Mat,10,360.95,48,Health,West
2024-12-16,Office Desk,1,333.24,23,Furniture,North
2024-12-16,Designer Jeans,7,618.46,82,Apparel,West
2024-12-16,Wireless Earbuds,7,995.11,63,Electronics,West
2024-12-16,Running Shoes,5,619.24,42,Apparel,South
2024-12-16,Laptop Pro,5,6394.12,41,Electronics,West
2024-12-16,Protein Powder,2,78.73,95,Health,West
2024-12-16,Protein Powder,5,210.49,97,Health,West
2024-12-16,Winter Jacket,9,1516.02,44,Apparel,South
2024-12-16,Office Desk,9,3461.31,17,Furniture,East
2024-12-16,Winter Jacket,27,4510.97,48,Apparel,South
2024-12-16,SmartPhone X,1,724.11,47,Electronics,West
2024-12-16,Wireless Earbuds,3,428.79,80,Electronics,Central
2024-12-17,Multivitamins,9,207.89,146,Health,West
2024-12-17,Wireless Earbuds,7,1109.53,76,Electronics,West
2024-12-17,Office Desk,9,3143.4,29,Furniture,East
2024-12-17,Laptop Pro,6,7471.75,32,Electronics,South
2024-12-17,Wireless Earbuds,5,740.04,57,Electronics,East
2024-12-17,Protein Powder,1,43.78,116,Health,South
2024-12-17,Ergonomic Chair,7,1812.32,19,Furniture,North
2024-12-17,Laptop Pro,5,5849.83,23,Electronics,South
2024-12-17,Laptop Pro,3,3309.76,30,Electronics,West
2024-12-17,Office Desk,9,2836.57,8,Furniture,Central
2024-12-17,Multivitamins,3,77.03,130,Health,North
2024-12-17,Office Desk,10,3691.03,24,Furniture,West
2024-12-17,Laptop Pro,2,2454.23,22,Electronics,West
2024-12-17,Laptop Pro,10,12627.83,33,Electronics,North
2024-12-17,Ergonomic Chair,9,2144.87,25,Furniture,North
2024-12-17,Wireless Earbuds,10,1424.19,73,Electronics,South
2024-12-17,Protein Powder,5,191.65,117,Health,North
2024-12-17,Office Desk,6,2069.43,18,Furniture,Central
2024-12-17,Winter Jacket,18,2944.55,51,Apparel,West
2024-12-17,Wireless Earbuds,1,142.71,80,Electronics,Central
2024-12-17,Wireless Earbuds,7,1130.22,82,Electronics,South
2024-12-17,Laptop Pro,5,5552.16,36,Electronics,West
2024-12-17,Laptop Pro,1,1082.28,34,Electronics,Central
2024-12-17,Office Desk,6,2067.87,10,Furniture,South
2024-12-17,Wireless Earbuds,10,1601.52,57,Electronics,South
2024-12-17,Multivitamins,6,139.27,147,Health,West
2024-12-17,Wireless Earbuds,3,453.73,70,Electronics,Central
2024-12-17,Designer Jeans,3,287.57,74,Apparel,Central
2024-12-18,Running Shoes,9,1157.55,67,Apparel,East
2024-12-18,Yoga Mat,5,172.67,49,Health,West
2024-12-18,Wireless Earbuds,9,1312.53,79,Electronics,West
2024-12-18,Designer Jeans,2,182.11,67,Apparel,West
2024-12-18,Multivitamins,3,69.28,123,Health,South
2024-12-18,Yoga Mat,10,384.97,44,Health,East
2024-12-18,SmartPhone X,3,2213.73,51,Electronics,South
2024-12-18,Protein Powder,1,43.57,88,Health,West
2024-12-18,Coffee Table,2,377.48,9,Furniture,South
2024-12-18,Multivitamins,9,230.93,149,Health,West
2024-12-18,Multivitamins,7,173.99,126,Health,Central
2024-12-18,Laptop Pro,2,2198.75,28,Electronics,West
2024-12-18,Multivitamins,10,247.3,124,Health,Central
2024-12-18,Ergonomic Chair,11,2955.69,16,Furniture,North
2024-12-18,Wireless Earbuds,7,1044.88,59,Electronics,North
2024-12-18,Coffee Table,7,1312.16,21,Furniture,East
2024-12-18,Ergonomic Chair,2,483.98,28,Furniture,South
2024-12-18,Protein Powder,6,259.18,89,Health,South
2024-12-18,Running Shoes,10,1175.06,53,Apparel,West
2024-12-18,Ergonomic Chair,1,246.56,32,Furniture,West
2024-12-18,Wireless Earbuds,11,1611.27,57,Electronics,Central
2024-12-18,Designer Jeans,1,86.88,74,Apparel,West
2024-12-19,Wireless Earbuds,2,281.87,69,Electronics,North
2024-12-19,Laptop Pro,10,11189.57,17,Electronics,North
2024-12-19,Running Shoes,3,349.08,53,Apparel,West
2024-12-19,Laptop Pro,10,11805.51,20,Electronics,Central
2024-12-19,Multivitamins,3,80.84,143,Health,Central
2024-12-19,Laptop Pro,6,7685.22,34,Electronics,East
2024-12-19,Office Desk,3,1047.87,20,Furniture,North
2024-12-19,SmartPhone X,10,7653.61,29,Electronics,Central
2024-12-19,Winter Jacket,15,2495.67,43,Apparel,Central
2024-12-19,SmartPhone X,9,7190.34,34,Electronics,Central
2024-12-19,Laptop Pro,11,13651.87,39,Electronics,North
2024-12-19,Running Shoes,2,257.57,65,Apparel,North
2024-12-19,SmartPhone X,1,821.62,52,Electronics,East
2024-12-19,Winter Jacket,9,1417.69,30,Apparel,South
2024-12-19,Ergonomic Chair,6,1552.52,25,Furniture,West
2024-12-19,Protein Powder,9,355.07,90,Health,North
2024-12-19,SmartPhone X,10,8203.03,33,Electronics,South
2024-12-19,SmartPhone X,3,2168.99,57,Electronics,North
2024-12-19,Ergonomic Chair,9,2303.75,41,Furniture,North
2024-12-19,Running Shoes,7,770.42,41,Apparel,West
2024-12-19,Office Desk,3,1099.71,11,Furniture,West
2024-12-19,Multivitamins,2,49.91,128,Health,North
2024-12-19,Office Desk,5,1688.46,34,Furniture,Central
2024-12-19,Protein Powder,10,413.66,93,Health,West
2024-12-19,Winter Jacket,27,4751.34,33,Apparel,West
2024-12-19,Designer Jeans,5,467.52,63,Apparel,Central
2024-12-19,Office Desk,7,2385.05,6,Furniture,West
2024-12-20,Designer Jeans,7,688.62,66,Apparel,East
2024-12-20,Winter Jacket,27,4126.86,23,Apparel,West
2024-12-20,Wireless Earbuds,3,488.61,83,Electronics,East
2024-12-20,Office Desk,10,3312.32,28,Furniture,West
2024-12-20,Multivitamins,1,26.08,121,Health,Central
2024-12-20,Running Shoes,6,705.51,47,Apparel,North
2024-12-20,SmartPhone X,6,4481.96,53,Electronics,East
2024-12-20,Office Desk,11,3981.65,26,Furniture,North
2024-12-20,SmartPhone X,9,7432.17,56,Electronics,South
2024-12-20,SmartPhone X,2,1727.77,45,Electronics,West
2024-12-20,Protein Powder,3,123.89,111,Health,East
2024-12-20,Office Desk,2,756.66,14,Furniture,North
2024-12-20,Winter Jacket,21,3050.14,29,Apparel,West
2024-12-20,Designer Jeans,11,1024.22,76,Apparel,South
2024-12-20,Office Desk,7,2615.47,16,Furniture,North
2024-12-20,Coffee Table,6,1062.1,28,Furniture,East
2024-12-20,Multivitamins,3,75.12,130,Health,West
2024-12-20,Designer Jeans,3,296.77,84,Apparel,North
2024-12-20,Winter Jacket,30,4772.01,51,Apparel,North
2024-12-20,Office Desk,7,2303.8,24,Furniture,East
2024-12-20,Protein Powder,7,252.31,104,Health,North
2024-12-20,Designer Jeans,3,267.92,63,Apparel,East
2024-12-21,Wireless Earbuds,9,1404.0,74,Electronics,West
2024-12-21,Multivitamins,2,54.83,142,Health,West
2024-12-21,Coffee Table,6,988.42,7,Furniture,West
2024-12-21,SmartPhone X,3,2352.06,34,Electronics,West
2024-12-21,SmartPhone X,1,747.08,49,Electronics,South
2024-12-21,Laptop Pro,7,7804.22,42,Electronics,South
2024-12-21,Coffee Table,1,184.98,31,Furniture,Central
2024-12-21,Coffee Table,5,939.63,27,Furniture,North
2024-12-21,Yoga Mat,11,365.11,46,Health,South
2024-12-21,Winter Jacket,21,3279.55,51,Apparel,Central
2024-12-21,Laptop Pro,2,2274.26,36,Electronics,West
2024-12-21,Office Desk,5,1849.14,34,Furniture,East
2024-12-21,Yoga Mat,9,341.6,38,Health,South
2024-12-22,Yoga Mat,11,391.27,37,Health,North
2024-12-22,Ergonomic Chair,11,2903.42,25,Furniture,South
2024-12-22,Running Shoes,2,229.38,46,Apparel,South
2024-12-22,Coffee Table,3,555.89,9,Furniture,North
2024-12-22,Winter Jacket,30,4445.74,48,Apparel,North
2024-12-22,Protein Powder,7,293.21,98,Health,North
2024-12-22,Multivitamins,10,229.0,136,Health,East
2024-12-22,Wireless Earbuds,1,144.15,56,Electronics,East
2024-12-22,Laptop Pro,7,8654.45,41,Electronics,North
2024-12-22,SmartPhone X,1,832.66,31,Electronics,South
2024-12-22,Yoga Mat,7,226.59,38,Health,West
2024-12-22,SmartPhone X,10,8738.3,28,Electronics,West
2024-12-22,Winter Jacket,30,5192.93,28,Apparel,West
2024-12-22,Designer Jeans,9,824.73,75,Apparel,West
2024-12-22,Ergonomic Chair,10,2624.15,39,Furniture,North
2024-12-22,Ergonomic Chair,1,261.06,17,Furniture,North
2024-12-23,Laptop Pro,11,13802.81,15,Electronics,South
2024-12-23,Multivitamins,11,256.74,143,Health,North
2024-12-23,Office Desk,2,661.65,35,Furniture,Central
2024-12-23,Wireless Earbuds,9,1364.29,71,Electronics,Central
2024-12-23,Running Shoes,9,1046.21,39,Apparel,West
2024-12-23,SmartPhone X,2,1712.3,34,Electronics,East
2024-12-23,SmartPhone X,5,3708.36,49,Electronics,West
2024-12-23,SmartPhone X,10,7218.85,28,Electronics,Central
2024-12-23,Winter Jacket,6,1031.08,39,Apparel,Central
2024-12-23,Ergonomic Chair,11,2532.32,23,Furniture,Central
2024-12-23,Laptop Pro,6,6888.08,38,Electronics,North
2024-12-23,Wireless Earbuds,11,1575.88,60,Electronics,West
2024-12-23,Winter Jacket,6,1017.86,49,Apparel,North
2024-12-23,Running Shoes,5,609.57,40,Apparel,East
2024-12-23,Office Desk,11,3545.28,31,Furniture,West
2024-12-23,Yoga Mat,3,98.04,46,Health,North
2024-12-23,Protein Powder,2,87.41,100,Health,South
2024-12-23,Coffee Table,7,1297.8,15,Furniture,South
2024-12-23,Yoga Mat,10,335.24,35,Health,Central
2024-12-23,Wireless Earbuds,7,974.59,78,Electronics,East
2024-12-23,Designer Jeans,3,291.71,71,Apparel,West
2024-12-24,Laptop Pro,7,8131.94,35,Electronics,Central
2024-12-24,SmartPhone X,7,5864.33,45,Electronics,East
2024-12-24,Winter Jacket,27,4084.93,45,Apparel,Central
2024-12-24,Laptop Pro,1,1125.06,35,Electronics,West
2024-12-24,Designer Jeans,3,273.74,82,Apparel,Central
2024-12-24,Multivitamins,9,212.91,131,Health,Central
2024-12-24,Coffee Table,7,1291.41,29,Furniture,South
2024-12-24,Coffee Table,11,2037.71,25,Furniture,West
2024-12-24,Running Shoes,6,779.78,43,Apparel,West
2024-12-24,Running Shoes,9,1041.94,62,Apparel,North
2024-12-24,Ergonomic Chair,9,2421.33,33,Furniture,Central
2024-12-24,Ergonomic Chair,7,1576.0,18,Furniture,East
2024-12-24,Office Desk,7,2506.39,27,Furniture,Central
2024-12-24,Office Desk,3,963.89,6,Furniture,East
2024-12-24,Ergonomic Chair,6,1630.18,41,Furniture,East
2024-12-24,Ergonomic Chair,10,2530.29,29,Furniture,Central
2024-12-24,Protein Powder,10,411.19,87,Health,North
2024-12-24,Coffee Table,10,1730.72,24,Furniture,North
2024-12-24,Laptop Pro,10,12354.16,17,Electronics,West
2024-12-24,Coffee Table,1,166.71,20,Furniture,North
2024-12-24,Office Desk,10,3260.48,20,Furniture,West
2024-12-24,Multivitamins,1,25.49,139,Health,South
2024-12-24,Multivitamins,1,26.57,142,Health,West
2024-12-24,Running Shoes,7,803.7,43,Apparel,North
2024-12-25,Multivitamins,7,161.7,141,Health,East
2024-12-25,Winter Jacket,6,955.98,27,Apparel,North
2024-12-25,Winter Jacket,3,444.25,29,Apparel,West
2024-12-25,Running Shoes,7,769.93,56,Apparel,South
2024-12-25,Wireless Earbuds,6,859.86,73,Electronics,South
2024-12-25,Running Shoes,2,219.79,45,Apparel,South
2024-12-25,Winter Jacket,18,3126.51,40,Apparel,Central
2024-12-25,Office Desk,1,359.44,18,Furniture,West
2024-12-25,SmartPhone X,1,850.31,48,Electronics,Central
2024-12-25,Running Shoes,3,383.48,39,Apparel,East
2024-12-25,Designer Jeans,2,185.28,66,Apparel,West
2024-12-25,Yoga Mat,1,35.43,46,Health,South
2024-12-25,Coffee Table,7,1138.58,15,Furniture,West
2024-12-25,Yoga Mat,10,367.91,46,Health,South
2024-12-25,Winter Jacket,18,2629.19,46,Apparel,North
2024-12-26,Running Shoes,5,561.47,59,Apparel,Central
2024-12-26,Laptop Pro,11,13617.46,43,Electronics,East
2024-12-26,Ergonomic Chair,6,1396.77,17,Furniture,North
2024-12-26,Wireless Earbuds,11,1652.97,79,Electronics,North
2024-12-26,Yoga Mat,11,347.72,50,Health,East
2024-12-26,Coffee Table,6,1006.9,8,Furniture,North
2024-12-26,Office Desk,10,3610.71,6,Furniture,East
2024-12-26,Winter Jacket,33,4974.61,43,Apparel,West
2024-12-26,Wireless Earbuds,5,696.85,54,Electronics,South
2024-12-26,Protein Powder,11,457.03,87,Health,East
2024-12-26,Winter Jacket,9,1388.88,38,Apparel,South
2024-12-26,Protein Powder,3,113.87,90,Health,North
2024-12-26,Office Desk,7,2509.51,24,Furniture,Central
2024-12-26,Ergonomic Chair,9,2120.42,40,Furniture,North
2024-12-26,Yoga Mat,1,32.02,50,Health,South
2024-12-27,Ergonomic Chair,2,541.43,39,Furniture,East
2024-12-27,Multivitamins,11,253.41,138,Health,South
2024-12-27,Running Shoes,2,261.81,37,Apparel,South
2024-12-27,Office Desk,9,3261.9,25,Furniture,West
2024-12-27,SmartPhone X,9,6584.57,49,Electronics,East
2024-12-27,Ergonomic Chair,11,2691.68,34,Furniture,North
2024-12-27,Designer Jeans,1,92.41,61,Apparel,West
2024-12-27,Winter Jacket,30,4821.05,39,Apparel,West
2024-12-27,Wireless Earbuds,9,1458.43,53,Electronics,East
2024-12-27,SmartPhone X,10,7808.92,44,Electronics,South
2024-12-27,Running Shoes,9,1139.4,60,Apparel,West
2024-12-27,Wireless Earbuds,7,1140.05,72,Electronics,Central
2024-12-27,Ergonomic Chair,9,2334.77,33,Furniture,Central
2024-12-27,Multivitamins,6,135.3,133,Health,South
2024-12-27,Multivitamins,11,261.77,136,Health,East
2024-12-27,Ergonomic Chair,6,1578.48,15,Furniture,South
2024-12-27,SmartPhone X,6,4678.73,55,Electronics,Central
2024-12-27,Coffee Table,2,325.17,9,Furniture,South
2024-12-27,Winter Jacket,6,906.12,49,Apparel,North
2024-12-27,Designer Jeans,10,919.41,69,Apparel,South
2024-12-27,Wireless Earbuds,2,291.26,74,Electronics,East
2024-12-27,Protein Powder,11,473.93,112,Health,South
2024-12-27,Coffee Table,9,1544.24,5,Furniture,North
2024-12-27,Multivitamins,1,23.05,132,Health,West
2024-12-27,SmartPhone X,9,7045.13,52,Electronics,West
2024-12-27,Wireless Earbuds,11,1794.91,61,Electronics,Central
2024-12-28,Office Desk,5,1858.7,14,Furniture,Central
2024-12-28,Wireless Earbuds,11,1501.55,70,Electronics,East
2024-12-28,Coffee Table,3,572.25,14,Furniture,Central
2024-12-28,SmartPhone X,11,8473.91,43,Electronics,North
2024-12-28,SmartPhone X,7,5864.62,51,Electronics,North
2024-12-28,Ergonomic Chair,7,1610.72,18,Furniture,West
2024-12-28,Ergonomic Chair,3,698.13,29,Furniture,South
2024-12-28,Office Desk,10,3690.46,18,Furniture,South
2024-12-28,Office Desk,11,3851.93,24,Furniture,Central
2024-12-28,Wireless Earbuds,7,1037.41,64,Electronics,North
2024-12-28,Protein Powder,10,399.67,106,Health,North
2024-12-28,SmartPhone X,7,5092.28,42,Electronics,North
2024-12-28,Yoga Mat,5,180.26,42,Health,South
2024-12-28,Yoga Mat,2,71.7,30,Health,Central
2024-12-29,Designer Jeans,10,894.5,78,Apparel,West
2024-12-29,Designer Jeans,2,197.88,79,Apparel,Central
2024-12-29,Designer Jeans,7,591.21,74,Apparel,Central
2024-12-29,Laptop Pro,6,6616.57,15,Electronics,North
2024-12-29,Designer Jeans,5,443.33,67,Apparel,North
2024-12-29,SmartPhone X,6,4799.06,51,Electronics,East
2024-12-29,Coffee Table,5,864.0,26,Furniture,Central
2024-12-29,Coffee Table,10,1958.45,16,Furniture,Central
2024-12-29,Wireless Earbuds,7,1094.47,61,Electronics,South
2024-12-29,Coffee Table,2,337.5,19,Furniture,West
2024-12-29,Wireless Earbuds,11,1538.5,64,Electronics,East
2024-12-29,Winter Jacket,33,5252.62,21,Apparel,South
2024-12-29,SmartPhone X,6,4489.51,40,Electronics,East
2024-12-29,Running Shoes,9,1057.45,42,Apparel,North
2024-12-29,Yoga Mat,10,318.27,37,Health,Central
2024-12-29,Wireless Earbuds,11,1698.81,56,Electronics,Central
2024-12-29,SmartPhone X,10,8324.7,37,Electronics,East
2024-12-29,Laptop Pro,11,12582.25,39,Electronics,East
2024-12-30,SmartPhone X,5,4048.36,30,Electronics,East
2024-12-30,Running Shoes,11,1242.6,51,Apparel,North
2024-12-30,Coffee Table,7,1281.06,19,Furniture,West
2024-12-30,Wireless Earbuds,5,745.55,55,Electronics,North
2024-12-30,SmartPhone X,2,1562.19,30,Electronics,South
2024-12-30,Multivitamins,11,256.59,118,Health,East
2024-12-30,Multivitamins,9,220.8,122,Health,Central
2024-12-30,Office Desk,10,3533.29,29,Furniture,North
2024-12-30,Protein Powder,1,38.78,87,Health,East
2024-12-30,Winter Jacket,3,520.24,24,Apparel,East
2024-12-30,Wireless Earbuds,1,160.38,69,Electronics,East
2024-12-30,Multivitamins,11,266.31,127,Health,South
2024-12-30,Multivitamins,1,27.39,122,Health,Central
2024-12-30,Protein Powder,9,342.77,99,Health,South
2024-12-30,Laptop Pro,5,6228.73,33,Electronics,North
2024-12-30,Designer Jeans,7,657.62,59,Apparel,South
2024-12-30,Yoga Mat,11,388.61,39,Health,East
2024-12-30,Running Shoes,6,737.78,66,Apparel,East
2024-12-30,Multivitamins,3,72.57,140,Health,North
2024-12-30,Laptop Pro,6,6980.03,21,Electronics,East
2024-12-30,Ergonomic Chair,2,547.48,32,Furniture,West
2024-12-30,Ergonomic Chair,5,1337.93,31,Furniture,Central
2024-12-30,Office Desk,2,703.66,24,Furniture,Central
2024-12-30,Office Desk,3,1096.42,10,Furniture,North
2024-12-30,Multivitamins,2,52.42,129,Health,Central
2024-12-30,Winter Jacket,30,4424.18,28,Apparel,North
2024-12-31,SmartPhone X,9,6860.67,29,Electronics,South
2024-12-31,Winter Jacket,6,990.27,28,Apparel,South
2024-12-31,SmartPhone X,5,3714.87,30,Electronics,Central
2024-12-31,Office Desk,9,3251.99,26,Furniture,North
2024-12-31,Designer Jeans,1,96.67,76,Apparel,South
2024-12-31,Coffee Table,7,1186.31,13,Furniture,Central
2024-12-31,Laptop Pro,2,2224.68,29,Electronics,Central
2024-12-31,Office Desk,7,2240.81,20,Furniture,North
2024-12-31,Yoga Mat,7,245.93,41,Health,West
2024-12-31,Yoga Mat,3,103.34,42,Health,Central
2024-12-31,Coffee Table,2,332.1,5,Furniture,West
2024-12-31,SmartPhone X,1,871.34,55,Electronics,West
2024-12-31,Protein Powder,7,255.73,107,Health,West
2024-12-31,Coffee Table,6,1149.48,6,Furniture,West
2024-12-31,Ergonomic Chair,10,2295.09,33,Furniture,Central
2024-12-31,Coffee Table,7,1300.18,7,Furniture,West
2024-12-31,Laptop Pro,9,11402.35,20,Electronics,North
2024-12-31,SmartPhone X,11,8264.55,50,Electronics,Central
2024-12-31,Office Desk,10,3241.94,20,Furniture,East
2024-12-31,Wireless Earbuds,11,1617.63,81,Electronics,West
2024-12-31,Protein Powder,11,447.1,105,Health,West
2024-12-31,Laptop Pro,6,7331.75,18,Electronics,West
2024-12-31,Office Desk,1,340.89,7,Furniture,West
2024-12-31,Laptop Pro,9,9788.4,37,Electronics,South
2024-12-31,Protein Powder,1,37.39,112,Health,North
2025-01-01,Protein Powder,4,168.87,92,Health,South
2025-01-01,Ergonomic Chair,2,491.2,24,Furniture,East
2025-01-01,SmartPhone X,5,3901.47,40,Electronics,Central
2025-01-01,Winter Jacket,3,519.29,29,Apparel,South
2025-01-01,Coffee Table,1,187.04,2,Furniture,West
2025-01-01,Laptop Pro,6,7874.74,28,Electronics,South
2025-01-01,Winter Jacket,3,482.86,41,Apparel,North
2025-01-01,Ergonomic Chair,5,1194.46,23,Furniture,West
2025-01-01,Office Desk,4,1486.01,21,Furniture,West
2025-01-01,Multivitamins,1,22.8,119,Health,South
2025-01-01,Coffee Table,0,0.0,27,Furniture,Central
2025-01-01,Designer Jeans,4,394.32,70,Apparel,West
2025-01-01,Laptop Pro,5,5819.01,15,Electronics,West
2025-01-01,Designer Jeans,5,472.8,54,Apparel,West
2025-01-01,Designer Jeans,4,351.67,78,Apparel,North
2025-01-01,Coffee Table,3,514.07,20,Furniture,Central
2025-01-01,Multivitamins,7,185.9,130,Health,South
2025-01-01,Multivitamins,0,0.0,136,Health,East
2025-01-01,SmartPhone X,7,5856.36,49,Electronics,North
2025-01-01,Coffee Table,5,927.89,27,Furniture,North
2025-01-01,Office Desk,3,1062.49,10,Furniture,West
2025-01-01,Yoga Mat,1,34.59,29,Health,Central
2025-01-01,Laptop Pro,1,1204.57,40,Electronics,East
2025-01-01,Ergonomic Chair,1,251.79,24,Furniture,North
2025-01-01,Running Shoes,4,496.55,46,Apparel,Central
2025-01-01,Ergonomic Chair,4,974.31,15,Furniture,South
2025-01-01,Coffee Table,3,529.68,9,Furniture,Central
2025-01-01,Designer Jeans,4,340.08,69,Apparel,North
2025-01-01,Designer Jeans,1,81.36,68,Apparel,North
2025-01-02,Wireless Earbuds,0,0.0,68,Electronics,East
2025-01-02,Ergonomic Chair,7,1603.82,21,Furniture,Central
2025-01-02,Multivitamins,4,108.11,128,Health,East
2025-01-02,Office Desk,1,357.04,19,Furniture,North
2025-01-02,Multivitamins,4,100.17,122,Health,North
2025-01-02,Running Shoes,4,525.71,53,Apparel,East
2025-01-02,Designer Jeans,6,528.64,60,Apparel,West
2025-01-02,SmartPhone X,1,854.09,48,Electronics,South
2025-01-02,Yoga Mat,6,198.76,28,Health,South
2025-01-02,Laptop Pro,4,4573.23,22,Electronics,North
2025-01-02,Designer Jeans,1,87.78,75,Apparel,South
2025-01-02,Designer Jeans,6,537.11,81,Apparel,Central
2025-01-02,Ergonomic Chair,5,1320.28,40,Furniture,East
2025-01-02,Ergonomic Chair,3,715.73,24,Furniture,Central
2025-01-02,SmartPhone X,1,730.49,34,Electronics,West
2025-01-02,Wireless Earbuds,3,439.34,61,Electronics,West
2025-01-02,Laptop Pro,0,0.0,24,Electronics,West
2025-01-03,Running Shoes,5,569.48,55,Apparel,East
2025-01-03,Laptop Pro,4,4323.08,18,Electronics,Central
2025-01-03,Protein Powder,5,186.45,112,Health,South
2025-01-03,Wireless Earbuds,0,0.0,61,Electronics,Central
2025-01-03,Winter Jacket,0,0.0,29,Apparel,East
2025-01-03,Protein Powder,3,120.27,105,Health,West
2025-01-03,Multivitamins,1,25.48,135,Health,North
2025-01-03,Ergonomic Chair,0,0.0,21,Furniture,East
2025-01-03,Running Shoes,5,652.71,58,Apparel,West
2025-01-03,Designer Jeans,6,559.43,70,Apparel,East
2025-01-03,Office Desk,2,731.63,14,Furniture,South
2025-01-03,Running Shoes,3,363.31,37,Apparel,North
2025-01-03,Yoga Mat,7,237.87,28,Health,Central
2025-01-03,Running Shoes,6,655.06,46,Apparel,East
2025-01-03,Protein Powder,4,163.46,90,Health,South
2025-01-03,Coffee Table,7,1333.64,20,Furniture,East
2025-01-03,Wireless Earbuds,7,1049.03,54,Electronics,Central
2025-01-03,Laptop Pro,0,0.0,35,Electronics,North
2025-01-03,Wireless Earbuds,5,699.73,52,Electronics,East
2025-01-03,Running Shoes,4,521.27,47,Apparel,West
2025-01-04,Laptop Pro,6,6819.67,16,Electronics,Central
2025-01-04,Designer Jeans,4,354.8,62,Apparel,South
2025-01-04,Protein Powder,4,174.5,101,Health,West
2025-01-04,Ergonomic Chair,5,1283.49,31,Furniture,South
2025-01-04,Laptop Pro,4,4731.03,40,Electronics,Central
2025-01-04,Multivitamins,0,0.0,142,Health,South
2025-01-04,Wireless Earbuds,4,658.67,72,Electronics,South
2025-01-04,Wireless Earbuds,4,560.0,63,Electronics,South
2025-01-04,Multivitamins,2,54.22,122,Health,Central
2025-01-04,Running Shoes,6,706.66,40,Apparel,East
2025-01-04,Running Shoes,4,434.96,58,Apparel,North
2025-01-04,Designer Jeans,4,348.53,68,Apparel,North
2025-01-04,Yoga Mat,6,213.36,47,Health,Central
2025-01-04,SmartPhone X,0,0.0,44,Electronics,South
2025-01-04,Protein Powder,1,41.28,104,Health,North
2025-01-05,Coffee Table,2,367.38,27,Furniture,West
2025-01-05,Laptop Pro,1,1214.2,43,Electronics,South
2025-01-05,Office Desk,2,751.89,5,Furniture,North
2025-01-05,Winter Jacket,15,2400.85,29,Apparel,East
2025-01-05,Office Desk,6,2014.73,19,Furniture,North
2025-01-05,SmartPhone X,0,0.0,34,Electronics,South
2025-01-05,Multivitamins,5,133.09,139,Health,East
2025-01-05,Winter Jacket,6,973.12,34,Apparel,East
2025-01-05,Laptop Pro,4,5006.52,38,Electronics,East
2025-01-05,Ergonomic Chair,3,732.51,37,Furniture,Central
2025-01-05,Wireless Earbuds,2,290.93,78,Electronics,North
2025-01-05,Coffee Table,2,333.03,28,Furniture,Central
2025-01-05,Wireless Earbuds,4,633.48,66,Electronics,Central
2025-01-05,Running Shoes,1,109.91,62,Apparel,East
2025-01-05,Designer Jeans,0,0.0,56,Apparel,East
2025-01-05,Winter Jacket,3,439.94,31,Apparel,West
2025-01-05,Designer Jeans,6,513.93,65,Apparel,East
2025-01-06,Yoga Mat,4,147.3,40,Health,South
2025-01-06,Running Shoes,4,457.15,40,Apparel,Central
2025-01-06,Ergonomic Chair,6,1437.61,33,Furniture,East
2025-01-06,SmartPhone X,0,0.0,49,Electronics,West
2025-01-06,Office Desk,4,1296.81,17,Furniture,North
2025-01-06,Yoga Mat,1,36.7,44,Health,East
2025-01-06,Wireless Earbuds,1,140.81,78,Electronics,Central
2025-01-06,Winter Jacket,18,3066.04,36,Apparel,West
2025-01-06,Wireless Earbuds,7,1101.64,58,Electronics,Central
2025-01-06,Office Desk,7,2274.29,31,Furniture,North
2025-01-06,Coffee Table,4,739.96,26,Furniture,Central
2025-01-06,Multivitamins,6,154.31,138,Health,West
2025-01-06,Wireless Earbuds,4,566.19,76,Electronics,South
2025-01-06,Office Desk,0,0.0,29,Furniture,Central
2025-01-06,SmartPhone X,3,2402.36,42,Electronics,West
2025-01-06,Wireless Earbuds,6,969.48,70,Electronics,North
2025-01-06,Running Shoes,6,770.75,59,Apparel,West
2025-01-07,Laptop Pro,2,2570.95,14,Electronics,South
2025-01-07,Laptop Pro,4,4395.85,41,Electronics,South
2025-01-07,Designer Jeans,0,0.0,75,Apparel,Central
2025-01-07,Yoga Mat,2,69.75,56,Health,North
2025-01-07,Winter Jacket,0,0.0,33,Apparel,East
2025-01-07,Multivitamins,4,103.46,136,Health,West
2025-01-07,Wireless Earbuds,5,784.57,52,Electronics,North
2025-01-07,Protein Powder,5,198.03,92,Health,Central
2025-01-07,Designer Jeans,7,632.64,63,Apparel,South
2025-01-07,Coffee Table,6,1095.25,28,Furniture,West
2025-01-07,Multivitamins,7,175.04,114,Health,North
2025-01-07,Wireless Earbuds,5,784.88,57,Electronics,North
2025-01-07,Multivitamins,7,166.6,140,Health,Central
2025-01-07,Coffee Table,5,871.41,31,Furniture,South
2025-01-07,Winter Jacket,12,2085.82,46,Apparel,East
2025-01-08,Coffee Table,0,0.0,16,Furniture,Central
2025-01-08,SmartPhone X,5,3900.76,46,Electronics,Central
2025-01-08,Wireless Earbuds,6,946.98,51,Electronics,West
2025-01-08,Winter Jacket,9,1359.35,37,Apparel,Central
2025-01-08,Wireless Earbuds,7,983.39,53,Electronics,Central
2025-01-08,Yoga Mat,6,194.94,27,Health,South
2025-01-08,Wireless Earbuds,4,643.33,73,Electronics,South
2025-01-08,Multivitamins,5,135.17,114,Health,Central
2025-01-08,Coffee Table,4,707.91,24,Furniture,West
2025-01-08,Running Shoes,5,615.23,49,Apparel,West
2025-01-08,Wireless Earbuds,0,0.0,67,Electronics,South
2025-01-08,Laptop Pro,6,6847.24,43,Electronics,East
2025-01-08,Office Desk,4,1401.26,13,Furniture,Central
2025-01-08,Winter Jacket,3,525.78,29,Apparel,South
2025-01-08,Running Shoes,4,477.97,36,Apparel,East
2025-01-08,Winter Jacket,12,1803.85,45,Apparel,West
2025-01-08,Winter Jacket,6,984.04,38,Apparel,East
2025-01-08,Coffee Table,2,326.94,26,Furniture,West
2025-01-08,Laptop Pro,6,7110.42,37,Electronics,East
2025-01-08,Winter Jacket,18,2812.98,20,Apparel,North
2025-01-08,Office Desk,1,333.25,30,Furniture,West
2025-01-08,Multivitamins,0,0.0,129,Health,East
2025-01-08,Office Desk,4,1404.03,28,Furniture,North
2025-01-08,Yoga Mat,7,261.85,29,Health,East
2025-01-08,SmartPhone X,2,1628.52,44,Electronics,Central
2025-01-08,Wireless Earbuds,4,607.83,58,Electronics,Central
2025-01-08,Coffee Table,2,350.81,18,Furniture,East
2025-01-08,SmartPhone X,2,1476.96,35,Electronics,North
2025-01-09,Winter Jacket,0,0.0,42,Apparel,North
2025-01-09,Yoga Mat,6,230.02,33,Health,Central
2025-01-09,SmartPhone X,2,1502.17,55,Electronics,South
2025-01-09,Multivitamins,5,134.45,115,Health,West
2025-01-09,Office Desk,4,1494.04,13,Furniture,West
2025-01-09,Laptop Pro,4,4446.26,20,Electronics,South
2025-01-09,Wireless Earbuds,1,154.32,52,Electronics,Central
2025-01-09,Laptop Pro,2,2344.2,39,Electronics,North
2025-01-09,Office Desk,2,702.16,15,Furniture,Central
2025-01-09,Designer Jeans,2,187.53,65,Apparel,West
2025-01-09,Running Shoes,5,549.43,65,Apparel,Central
2025-01-09,Wireless Earbuds,0,0.0,63,Electronics,Central
2025-01-09,Office Desk,1,340.97,34,Furniture,Central
2025-01-09,Designer Jeans,3,252.94,78,Apparel,Central
2025-01-09,Designer Jeans,2,171.02,51,Apparel,West
2025-01-09,Protein Powder,2,82.25,94,Health,Central
2025-01-09,Designer Jeans,6,546.37,79,Apparel,North
2025-01-09,SmartPhone X,7,5780.0,31,Electronics,North
2025-01-09,Ergonomic Chair,3,784.57,39,Furniture,South
2025-01-10,Designer Jeans,0,0.0,61,Apparel,Central
2025-01-10,Office Desk,5,1873.26,34,Furniture,South
2025-01-10,Protein Powder,0,0.0,89,Health,West
2025-01-10,Office Desk,5,1580.37,32,Furniture,South
2025-01-10,Laptop Pro,4,4671.7,22,Electronics,East
2025-01-10,Yoga Mat,3,98.42,41,Health,East
2025-01-10,Ergonomic Chair,7,1590.46,36,Furniture,South
2025-01-10,Multivitamins,4,108.87,133,Health,West
2025-01-10,Protein Powder,4,173.33,100,Health,West
2025-01-10,Wireless Earbuds,0,0.0,54,Electronics,South
2025-01-10,Coffee Table,6,1076.76,9,Furniture,South
2025-01-10,SmartPhone X,6,4992.32,34,Electronics,East
2025-01-10,Wireless Earbuds,7,1135.21,73,Electronics,North
2025-01-10,SmartPhone X,5,4393.93,39,Electronics,South
2025-01-10,Multivitamins,6,161.23,140,Health,East
2025-01-10,Coffee Table,6,1128.97,7,Furniture,North
2025-01-10,Coffee Table,0,0.0,28,Furniture,Central
2025-01-10,Yoga Mat,6,228.91,29,Health,West
2025-01-10,Wireless Earbuds,4,578.05,63,Electronics,North
2025-01-10,Protein Powder,2,82.54,88,Health,West
2025-01-10,Office Desk,4,1336.16,6,Furniture,East
2025-01-10,Wireless Earbuds,7,1014.81,76,Electronics,North
2025-01-10,Multivitamins,4,108.91,126,Health,East
2025-01-11,Winter Jacket,3,445.7,25,Apparel,Central
2025-01-11,Wireless Earbuds,6,951.07,76,Electronics,Central
2025-01-11,SmartPhone X,4,3040.96,45,Electronics,North
2025-01-11,Laptop Pro,1,1108.49,17,Electronics,North
2025-01-11,Ergonomic Chair,3,752.56,34,Furniture,West
2025-01-11,SmartPhone X,4,3149.67,31,Electronics,West
2025-01-11,Yoga Mat,7,262.56,32,Health,Central
2025-01-11,Designer Jeans,4,360.75,80,Apparel,Central
2025-01-11,Wireless Earbuds,3,417.24,56,Electronics,East
2025-01-11,SmartPhone X,5,4343.01,43,Electronics,West
2025-01-11,SmartPhone X,7,5476.42,35,Electronics,North
2025-01-11,Running Shoes,5,558.79,48,Apparel,Central
2025-01-12,Winter Jacket,21,3641.73,48,Apparel,East
2025-01-12,Yoga Mat,5,168.57,43,Health,South
2025-01-12,SmartPhone X,3,2566.19,32,Electronics,East
2025-01-12,Running Shoes,3,393.22,64,Apparel,East
2025-01-12,Multivitamins,4,98.49,124,Health,West
2025-01-12,Yoga Mat,3,107.77,37,Health,North
2025-01-12,Ergonomic Chair,1,264.23,15,Furniture,West
2025-01-12,Multivitamins,2,50.23,120,Health,Central
2025-01-12,Ergonomic Chair,5,1215.42,25,Furniture,South
2025-01-12,SmartPhone X,5,4080.97,54,Electronics,South
2025-01-12,Protein Powder,4,169.64,96,Health,East
2025-01-12,Coffee Table,3,486.45,16,Furniture,East
2025-01-12,Wireless Earbuds,7,1089.3,53,Electronics,East
2025-01-12,Running Shoes,7,811.59,49,Apparel,South
2025-01-13,Multivitamins,5,130.23,134,Health,East
2025-01-13,Winter Jacket,15,2206.77,27,Apparel,West
2025-01-13,Running Shoes,7,791.51,49,Apparel,East
2025-01-13,SmartPhone X,5,3887.27,40,Electronics,South
2025-01-13,Office Desk,4,1453.18,30,Furniture,North
2025-01-13,Laptop Pro,4,4458.95,38,Electronics,South
2025-01-13,Laptop Pro,1,1309.36,30,Electronics,East
2025-01-13,Coffee Table,4,700.67,21,Furniture,West
2025-01-13,Laptop Pro,1,1154.39,25,Electronics,South
2025-01-13,Protein Powder,2,82.23,99,Health,North
2025-01-13,Designer Jeans,4,374.67,70,Apparel,South
2025-01-13,Multivitamins,6,143.75,138,Health,Central
2025-01-13,Yoga Mat,4,151.58,31,Health,North
2025-01-13,Protein Powder,4,162.06,109,Health,West
2025-01-13,Designer Jeans,4,376.59,70,Apparel,North
2025-01-13,Wireless Earbuds,0,0.0,72,Electronics,North
2025-01-13,Ergonomic Chair,3,817.01,17,Furniture,Central
2025-01-14,Ergonomic Chair,1,232.34,25,Furniture,Central
2025-01-14,Running Shoes,2,235.91,36,Apparel,West
2025-01-14,Designer Jeans,5,413.2,55,Apparel,North
2025-01-14,Yoga Mat,1,36.28,28,Health,East
2025-01-14,Laptop Pro,3,3951.55,26,Electronics,West
2025-01-14,Coffee Table,4,756.36,21,Furniture,South
2025-01-14,Protein Powder,6,259.65,105,Health,North
2025-01-14,Laptop Pro,3,3855.88,28,Electronics,East
2025-01-14,Protein Powder,6,226.11,96,Health,North
2025-01-14,Running Shoes,4,489.29,61,Apparel,South
2025-01-14,Yoga Mat,6,206.37,43,Health,North
2025-01-14,Laptop Pro,4,4482.41,37,Electronics,East
2025-01-14,Designer Jeans,1,85.79,50,Apparel,East
2025-01-14,Multivitamins,7,164.28,137,Health,West
2025-01-14,Designer Jeans,6,538.97,53,Apparel,North
2025-01-14,Office Desk,5,1755.77,14,Furniture,South
2025-01-14,Winter Jacket,3,481.53,49,Apparel,North
2025-01-14,Office Desk,3,988.83,10,Furniture,Central
2025-01-14,Office Desk,4,1265.54,30,Furniture,North
2025-01-14,Wireless Earbuds,5,789.74,65,Electronics,East
2025-01-14,Protein Powder,3,109.11,88,Health,Central
2025-01-14,Winter Jacket,15,2528.51,39,Apparel,North
2025-01-14,Multivitamins,5,119.19,137,Health,Central
2025-01-14,Winter Jacket,6,1002.86,46,Apparel,West
2025-01-14,Laptop Pro,4,4901.14,19,Electronics,East
2025-01-14,Designer Jeans,4,367.98,76,Apparel,North
2025-01-14,Multivitamins,2,49.53,135,Health,Central
2025-01-14,Office Desk,5,1818.28,8,Furniture,Central
2025-01-15,Winter Jacket,18,3155.04,28,Apparel,South
2025-01-15,Laptop Pro,2,2618.15,33,Electronics,West
2025-01-15,Protein Powder,6,256.39,94,Health,West
2025-01-15,Wireless Earbuds,7,1042.1,76,Electronics,West
2025-01-15,SmartPhone X,2,1741.83,53,Electronics,West
2025-01-15,SmartPhone X,2,1458.91,46,Electronics,Central
2025-01-15,Running Shoes,4,461.03,38,Apparel,South
2025-01-15,Laptop Pro,4,4651.48,18,Electronics,South
2025-01-15,Multivitamins,4,94.91,128,Health,East
2025-01-15,Winter Jacket,15,2601.07,20,Apparel,Central
2025-01-15,Yoga Mat,0,0.0,39,Health,Central
2025-01-15,Coffee Table,4,706.6,16,Furniture,West
2025-01-15,Laptop Pro,0,0.0,17,Electronics,South
2025-01-15,Coffee Table,1,179.51,17,Furniture,Central
2025-01-15,Multivitamins,6,139.58,111,Health,West
2025-01-15,Protein Powder,4,144.98,99,Health,North
2025-01-15,Multivitamins,4,107.7,122,Health,South
2025-01-15,Yoga Mat,4,150.36,31,Health,West
2025-01-15,Multivitamins,4,91.7,120,Health,East
2025-01-15,Multivitamins,4,95.17,112,Health,West
2025-01-16,Laptop Pro,5,6308.46,26,Electronics,North
2025-01-16,Running Shoes,5,556.37,49,Apparel,West
2025-01-16,Office Desk,4,1441.5,26,Furniture,Central
2025-01-16,Laptop Pro,4,5257.9,26,Electronics,East
2025-01-16,Office Desk,1,371.17,15,Furniture,South
2025-01-16,Office Desk,4,1365.78,12,Furniture,South
2025-01-16,Designer Jeans,0,0.0,62,Apparel,West
2025-01-16,Winter Jacket,15,2211.29,48,Apparel,West
2025-01-16,Winter Jacket,12,2063.53,44,Apparel,Central
2025-01-16,Multivitamins,0,0.0,118,Health,Central
2025-01-16,Multivitamins,2,53.27,113,Health,Central
2025-01-16,Running Shoes,3,337.47,39,Apparel,North
2025-01-16,Multivitamins,4,101.21,122,Health,Central
2025-01-16,Winter Jacket,3,478.05,39,Apparel,Central
2025-01-16,Multivitamins,4,103.83,135,Health,East
2025-01-16,Designer Jeans,2,198.0,76,Apparel,Central
2025-01-17,Office Desk,6,2219.44,7,Furniture,East
2025-01-17,Winter Jacket,15,2297.96,48,Apparel,East
2025-01-17,Winter Jacket,6,908.7,24,Apparel,North
2025-01-17,Laptop Pro,0,0.0,30,Electronics,Central
2025-01-17,Wireless Earbuds,2,303.57,67,Electronics,East
2025-01-17,Ergonomic Chair,2,487.69,13,Furniture,South
2025-01-17,Running Shoes,1,116.45,43,Apparel,East
2025-01-17,Office Desk,6,2041.8,17,Furniture,North
2025-01-17,Laptop Pro,1,1267.67,13,Electronics,North
2025-01-17,Protein Powder,2,79.26,107,Health,South
2025-01-17,Ergonomic Chair,6,1526.6,10,Furniture,Central
2025-01-17,Coffee Table,4,683.74,21,Furniture,Central
2025-01-17,Wireless Earbuds,0,0.0,60,Electronics,North
2025-01-17,Laptop Pro,4,4434.73,25,Electronics,West
2025-01-17,Designer Jeans,6,556.55,57,Apparel,Central
2025-01-17,Winter Jacket,0,0.0,22,Apparel,Central
2025-01-17,Winter Jacket,18,3123.17,35,Apparel,East
2025-01-17,Wireless Earbuds,0,0.0,74,Electronics,North
2025-01-17,Protein Powder,1,41.5,79,Health,North
2025-01-17,Protein Powder,5,209.94,81,Health,East
2025-01-17,Winter Jacket,9,1369.79,43,Apparel,Central
2025-01-17,Laptop Pro,3,3870.78,28,Electronics,West
2025-01-17,Multivitamins,4,109.8,113,Health,East
2025-01-17,Winter Jacket,15,2631.45,19,Apparel,West
2025-01-17,Winter Jacket,21,3289.57,43,Apparel,East
2025-01-18,Multivitamins,1,24.03,124,Health,East
2025-01-18,Coffee Table,3,514.23,29,Furniture,West
2025-01-18,Laptop Pro,1,1289.59,30,Electronics,North
2025-01-18,Designer Jeans,2,183.21,56,Apparel,North
2025-01-18,Winter Jacket,12,1810.1,29,Apparel,West
2025-01-18,Ergonomic Chair,6,1356.28,30,Furniture,North
2025-01-18,Laptop Pro,5,5533.28,29,Electronics,East
2025-01-18,Coffee Table,2,339.48,2,Furniture,Central
2025-01-18,Winter Jacket,12,1854.22,33,Apparel,West
2025-01-18,Running Shoes,3,330.07,53,Apparel,Central
2025-01-18,Multivitamins,4,91.95,128,Health,Central
2025-01-18,Running Shoes,4,487.23,55,Apparel,Central
2025-01-18,Coffee Table,4,685.62,12,Furniture,West
2025-01-18,Office Desk,0,0.0,8,Furniture,Central
2025-01-18,Coffee Table,2,328.29,2,Furniture,West
2025-01-19,Protein Powder,7,254.01,106,Health,West
2025-01-19,Multivitamins,3,80.61,128,Health,Central
2025-01-19,Coffee Table,1,183.39,24,Furniture,North
2025-01-19,SmartPhone X,3,2473.46,37,Electronics,West
2025-01-19,Multivitamins,7,172.11,128,Health,North
2025-01-19,Winter Jacket,12,2007.99,44,Apparel,Central
2025-01-19,Ergonomic Chair,5,1250.8,24,Furniture,East
2025-01-19,Laptop Pro,3,3604.49,41,Electronics,West
2025-01-19,Designer Jeans,2,197.28,51,Apparel,Central
2025-01-19,Wireless Earbuds,1,156.02,70,Electronics,Central
2025-01-20,Office Desk,5,1753.75,15,Furniture,North
2025-01-20,Multivitamins,1,25.29,133,Health,North
2025-01-20,Wireless Earbuds,3,424.2,72,Electronics,North
2025-01-20,Protein Powder,2,72.82,98,Health,East
2025-01-20,Wireless Earbuds,1,149.61,71,Electronics,South
2025-01-20,Office Desk,3,1116.24,19,Furniture,North
2025-01-20,SmartPhone X,6,4493.89,53,Electronics,North
2025-01-20,Designer Jeans,2,175.13,65,Apparel,Central
2025-01-20,Yoga Mat,0,0.0,25,Health,West
2025-01-20,Protein Powder,7,276.64,101,Health,Central
2025-01-20,Wireless Earbuds,3,420.86,73,Electronics,South
2025-01-20,Coffee Table,2,385.31,21,Furniture,East
2025-01-20,Running Shoes,5,625.63,55,Apparel,West
2025-01-20,Multivitamins,2,52.45,122,Health,South
2025-01-20,Multivitamins,0,0.0,108,Health,South
2025-01-20,Winter Jacket,0,0.0,44,Apparel,Central
2025-01-20,Coffee Table,1,188.16,20,Furniture,East
2025-01-21,Laptop Pro,5,5418.49,23,Electronics,Central
2025-01-21,Laptop Pro,5,6426.84,32,Electronics,North
2025-01-21,Office Desk,7,2485.86,29,Furniture,Central
2025-01-21,Office Desk,6,2143.91,11,Furniture,West
2025-01-21,Yoga Mat,6,221.85,32,Health,North
2025-01-21,Protein Powder,6,251.65,84,Health,South
2025-01-21,Running Shoes,2,226.29,48,Apparel,South
2025-01-21,Designer Jeans,1,82.65,62,Apparel,North
2025-01-21,Multivitamins,1,26.9,109,Health,Central
2025-01-21,Coffee Table,3,570.87,15,Furniture,West
2025-01-21,Designer Jeans,4,332.64,66,Apparel,East
2025-01-21,SmartPhone X,6,4522.49,42,Electronics,West
2025-01-21,Office Desk,6,2249.62,7,Furniture,East
2025-01-21,Designer Jeans,4,368.92,59,Apparel,South
2025-01-21,SmartPhone X,0,0.0,32,Electronics,South
2025-01-21,Wireless Earbuds,0,0.0,74,Electronics,North
2025-01-21,Multivitamins,4,108.61,127,Health,Central
2025-01-21,Office Desk,3,1058.46,30,Furniture,North
2025-01-21,SmartPhone X,3,2535.92,26,Electronics,Central
2025-01-21,Coffee Table,3,489.8,7,Furniture,South
2025-01-21,Designer Jeans,0,0.0,73,Apparel,South
2025-01-21,SmartPhone X,5,3839.45,54,Electronics,South
2025-01-21,Yoga Mat,1,35.42,33,Health,South
2025-01-21,Protein Powder,0,0.0,96,Health,West
2025-01-22,Designer Jeans,0,0.0,64,Apparel,Central
2025-01-22,Running Shoes,2,230.78,59,Apparel,East
2025-01-22,Ergonomic Chair,6,1450.66,32,Furniture,Central
2025-01-22,Running Shoes,4,468.0,44,Apparel,South
2025-01-22,Laptop Pro,5,6502.92,32,Electronics,East
2025-01-22,Office Desk,3,1035.73,29,Furniture,East
2025-01-22,Ergonomic Chair,4,929.63,22,Furniture,West
2025-01-22,SmartPhone X,0,0.0,25,Electronics,South
2025-01-22,Designer Jeans,2,166.29,73,Apparel,South
2025-01-22,Multivitamins,4,109.29,123,Health,East
2025-01-22,Running Shoes,4,455.75,57,Apparel,North
2025-01-22,Coffee Table,4,667.14,8,Furniture,South
2025-01-22,Running Shoes,6,758.81,39,Apparel,Central
2025-01-22,Protein Powder,6,255.72,92,Health,West
2025-01-22,Designer Jeans,3,272.4,69,Apparel,North
2025-01-22,Yoga Mat,7,258.01,54,Health,South
2025-01-22,Laptop Pro,5,6339.01,19,Electronics,North
2025-01-22,Designer Jeans,0,0.0,70,Apparel,North
2025-01-22,SmartPhone X,5,4217.61,31,Electronics,Central
2025-01-22,Wireless Earbuds,4,556.96,68,Electronics,South
2025-01-22,Coffee Table,4,746.68,23,Furniture,Central
2025-01-22,Coffee Table,2,366.03,19,Furniture,South
2025-01-22,Office Desk,6,1997.45,30,Furniture,West
2025-01-23,Protein Powder,4,144.2,88,Health,East
2025-01-23,Protein Powder,3,116.09,93,Health,South
2025-01-23,Ergonomic Chair,4,1045.58,24,Furniture,East
2025-01-23,Yoga Mat,3,98.04,46,Health,East
2025-01-23,Yoga Mat,5,176.04,45,Health,West
2025-01-23,Designer Jeans,4,365.17,49,Apparel,West
2025-01-23,Wireless Earbuds,1,156.99,67,Electronics,North
2025-01-23,Winter Jacket,12,1825.88,35,Apparel,North
2025-01-23,SmartPhone X,2,1738.18,34,Electronics,Central
2025-01-23,Ergonomic Chair,6,1489.75,32,Furniture,East
2025-01-23,Multivitamins,7,171.7,123,Health,South
2025-01-23,Running Shoes,6,685.24,56,Apparel,Central
2025-01-23,Ergonomic Chair,2,516.69,37,Furniture,North
2025-01-23,Designer Jeans,6,565.29,58,Apparel,South
2025-01-23,Coffee Table,6,1075.9,12,Furniture,West
2025-01-23,Protein Powder,7,261.83,95,Health,West
2025-01-23,Office Desk,7,2356.22,25,Furniture,East
2025-01-23,Running Shoes,0,0.0,62,Apparel,South
2025-01-23,Ergonomic Chair,1,262.76,29,Furniture,South
2025-01-23,SmartPhone X,1,843.72,25,Electronics,South
2025-01-23,Wireless Earbuds,2,305.99,50,Electronics,Central
2025-01-23,Wireless Earbuds,1,152.21,73,Electronics,East
2025-01-23,Multivitamins,1,23.82,131,Health,South
2025-01-23,Protein Powder,2,73.18,86,Health,South
2025-01-23,Wireless Earbuds,0,0.0,70,Electronics,South
2025-01-23,Office Desk,2,647.02,25,Furniture,Central
2025-01-23,Office Desk,3,972.06,15,Furniture,West
2025-01-24,Running Shoes,5,658.33,45,Apparel,North
2025-01-24,Laptop Pro,3,3355.09,18,Electronics,South
2025-01-24,Laptop Pro,4,4769.75,34,Electronics,Central
2025-01-24,Yoga Mat,2,72.94,28,Health,East
2025-01-24,Protein Powder,1,41.81,84,Health,East
2025-01-24,Running Shoes,3,364.95,56,Apparel,West
2025-01-24,Laptop Pro,4,4989.47,18,Electronics,North
2025-01-24,Coffee Table,1,193.94,9,Furniture,West
2025-01-24,Laptop Pro,4,5071.68,40,Electronics,South
2025-01-24,Coffee Table,4,755.82,26,Furniture,East
2025-01-24,Ergonomic Chair,6,1411.63,18,Furniture,West
2025-01-24,SmartPhone X,7,5252.7,44,Electronics,Central
2025-01-24,Multivitamins,0,0.0,111,Health,South
2025-01-24,Multivitamins,4,107.98,123,Health,East
2025-01-24,Office Desk,0,0.0,21,Furniture,Central
2025-01-24,Winter Jacket,0,0.0,42,Apparel,West
2025-01-24,Wireless Earbuds,3,420.35,61,Electronics,West
2025-01-24,Laptop Pro,4,4810.19,34,Electronics,East
2025-01-24,Yoga Mat,4,141.94,46,Health,South
2025-01-25,Coffee Table,5,981.57,19,Furniture,West
2025-01-25,SmartPhone X,6,4479.83,36,Electronics,North
2025-01-25,Winter Jacket,18,2725.88,43,Apparel,South
2025-01-25,Office Desk,7,2338.91,31,Furniture,North
2025-01-25,Ergonomic Chair,2,500.28,35,Furniture,West
2025-01-25,Winter Jacket,3,459.55,23,Apparel,West
2025-01-25,SmartPhone X,3,2419.94,51,Electronics,North
2025-01-25,Running Shoes,4,525.32,35,Apparel,West
2025-01-25,Running Shoes,7,844.23,36,Apparel,Central
2025-01-25,Coffee Table,6,1071.42,21,Furniture,West
2025-01-25,Protein Powder,5,206.41,106,Health,East
2025-01-25,Multivitamins,0,0.0,122,Health,Central
2025-01-25,Winter Jacket,18,2998.36,23,Apparel,West
2025-01-25,Protein Powder,4,158.26,82,Health,Central
2025-01-25,Designer Jeans,0,0.0,55,Apparel,South
2025-01-25,Protein Powder,4,162.66,106,Health,South
2025-01-25,Laptop Pro,0,0.0,17,Electronics,West
2025-01-26,Protein Powder,1,38.27,100,Health,South
2025-01-26,SmartPhone X,4,3324.7,25,Electronics,Central
2025-01-26,Laptop Pro,5,5589.06,20,Electronics,East
2025-01-26,Yoga Mat,3,105.54,34,Health,West
2025-01-26,SmartPhone X,4,3323.81,39,Electronics,West
2025-01-26,SmartPhone X,3,2564.11,40,Electronics,West
2025-01-26,Coffee Table,0,0.0,1,Furniture,North
2025-01-26,Designer Jeans,4,339.56,64,Apparel,West
2025-01-26,Office Desk,5,1605.71,15,Furniture,South
2025-01-26,Yoga Mat,7,233.55,30,Health,Central
2025-01-26,Multivitamins,2,48.14,112,Health,West
2025-01-26,Protein Powder,7,254.33,92,Health,West
2025-01-26,Yoga Mat,4,147.88,42,Health,South
2025-01-26,Running Shoes,3,353.2,40,Apparel,Central
2025-01-26,Multivitamins,5,137.3,131,Health,South
2025-01-26,Ergonomic Chair,7,1790.58,10,Furniture,South
2025-01-26,Winter Jacket,6,997.46,37,Apparel,Central
2025-01-27,Yoga Mat,4,135.9,45,Health,East
2025-01-27,Protein Powder,6,224.65,102,Health,East
2025-01-27,Wireless Earbuds,4,625.84,67,Electronics,Central
2025-01-27,Laptop Pro,4,4490.5,28,Electronics,North
2025-01-27,Ergonomic Chair,6,1410.69,28,Furniture,East
2025-01-27,Winter Jacket,9,1366.57,20,Apparel,North
2025-01-27,Running Shoes,4,440.2,40,Apparel,East
2025-01-27,Multivitamins,2,47.76,134,Health,East
2025-01-27,Protein Powder,5,204.69,94,Health,East
2025-01-27,Wireless Earbuds,6,937.46,61,Electronics,Central
2025-01-27,Coffee Table,3,500.57,3,Furniture,North
2025-01-27,Laptop Pro,3,3356.45,19,Electronics,East
2025-01-27,Ergonomic Chair,5,1173.69,12,Furniture,Central
2025-01-27,Protein Powder,7,300.59,96,Health,East
2025-01-27,Yoga Mat,7,229.03,51,Health,West
2025-01-27,Office Desk,2,676.31,9,Furniture,South
2025-01-27,Coffee Table,1,193.72,17,Furniture,Central
2025-01-27,Wireless Earbuds,2,301.13,77,Electronics,South
2025-01-27,Winter Jacket,12,1740.79,25,Apparel,West
2025-01-27,Protein Powder,2,83.18,103,Health,Central
2025-01-27,Running Shoes,5,619.09,49,Apparel,North
2025-01-27,Protein Powder,0,0.0,83,Health,West
2025-01-27,Protein Powder,3,116.07,103,Health,Central
2025-01-27,Designer Jeans,5,422.97,69,Apparel,South
2025-01-28,Ergonomic Chair,4,986.91,22,Furniture,North
2025-01-28,SmartPhone X,3,2255.76,42,Electronics,East
2025-01-28,Wireless Earbuds,6,857.45,74,Electronics,West
2025-01-28,Yoga Mat,4,126.51,43,Health,East
2025-01-28,Office Desk,4,1532.03,22,Furniture,South
2025-01-28,Multivitamins,3,73.69,117,Health,North
2025-01-28,Yoga Mat,4,146.42,30,Health,South
2025-01-28,Winter Jacket,12,1790.62,39,Apparel,Central
2025-01-28,Yoga Mat,0,0.0,28,Health,East
2025-01-28,SmartPhone X,7,6080.59,41,Electronics,South
2025-01-28,Wireless Earbuds,2,324.53,76,Electronics,East
2025-01-28,Winter Jacket,12,2041.18,37,Apparel,East
2025-01-28,Multivitamins,4,90.55,125,Health,Central
2025-01-28,Yoga Mat,6,202.37,31,Health,North
2025-01-28,Designer Jeans,4,394.58,76,Apparel,West
2025-01-28,Yoga Mat,1,38.49,33,Health,Central
2025-01-28,Wireless Earbuds,4,570.57,53,Electronics,North
2025-01-28,Laptop Pro,1,1203.64,21,Electronics,Central
2025-01-28,Wireless Earbuds,4,586.47,56,Electronics,North
2025-01-28,Laptop Pro,3,3374.17,38,Electronics,North
2025-01-28,Laptop Pro,5,5723.65,30,Electronics,Central
2025-01-28,Protein Powder,6,252.47,98,Health,East
2025-01-29,Ergonomic Chair,0,0.0,32,Furniture,Central
2025-01-29,Ergonomic Chair,4,949.93,33,Furniture,South
2025-01-29,Wireless Earbuds,4,543.63,56,Electronics,South
2025-01-29,Office Desk,4,1399.85,31,Furniture,Central
2025-01-29,Running Shoes,7,821.12,59,Apparel,South
2025-01-29,Winter Jacket,21,3319.38,44,Apparel,South
2025-01-29,Ergonomic Chair,6,1624.77,20,Furniture,North
2025-01-29,Protein Powder,1,39.72,89,Health,West
2025-01-29,Coffee Table,4,693.7,10,Furniture,East
2025-01-29,Yoga Mat,1,33.05,32,Health,North
2025-01-29,SmartPhone X,3,2468.77,25,Electronics,North
2025-01-29,Office Desk,4,1453.09,10,Furniture,West
2025-01-29,Laptop Pro,3,3401.67,17,Electronics,East
2025-01-29,SmartPhone X,4,3445.34,33,Electronics,West
2025-01-29,Winter Jacket,9,1534.04,38,Apparel,West
2025-01-29,Ergonomic Chair,0,0.0,10,Furniture,East
2025-01-29,Wireless Earbuds,2,310.56,68,Electronics,West
2025-01-29,Designer Jeans,5,488.65,48,Apparel,Central
2025-01-29,Office Desk,4,1470.09,29,Furniture,North
2025-01-29,Winter Jacket,0,0.0,33,Apparel,North
2025-01-29,Multivitamins,0,0.0,108,Health,North
2025-01-29,Yoga Mat,4,127.61,48,Health,Central
2025-01-29,Ergonomic Chair,7,1684.01,14,Furniture,East
2025-01-29,Protein Powder,4,149.75,77,Health,North
2025-01-29,Running Shoes,4,440.09,47,Apparel,West
2025-01-30,Coffee Table,4,767.23,7,Furniture,Central
2025-01-30,Designer Jeans,1,91.2,66,Apparel,North
2025-01-30,Laptop Pro,5,6144.05,26,Electronics,South
2025-01-30,Protein Powder,4,174.92,82,Health,Central
2025-01-30,SmartPhone X,4,2907.72,30,Electronics,Central
2025-01-30,Office Desk,3,1028.63,30,Furniture,Central
2025-01-30,Coffee Table,3,549.0,12,Furniture,Central
2025-01-30,Laptop Pro,4,4524.11,18,Electronics,North
2025-01-30,Yoga Mat,2,71.43,24,Health,South
2025-01-30,Laptop Pro,1,1118.86,12,Electronics,South
2025-01-30,Office Desk,0,0.0,11,Furniture,West
2025-01-30,Winter Jacket,3,488.16,46,Apparel,East
2025-01-30,Running Shoes,1,109.88,37,Apparel,Central
2025-01-30,Wireless Earbuds,0,0.0,56,Electronics,West
2025-01-30,Yoga Mat,1,35.51,34,Health,Central
2025-01-30,Multivitamins,6,155.35,104,Health,East
2025-01-30,Winter Jacket,12,1998.76,22,Apparel,West
2025-01-30,Office Desk,1,341.75,8,Furniture,West
2025-01-30,Office Desk,3,1061.99,29,Furniture,East
2025-01-30,Office Desk,7,2458.87,13,Furniture,North
2025-01-30,Yoga Mat,6,213.72,36,Health,North
2025-01-30,Yoga Mat,7,245.76,31,Health,South
2025-01-30,Multivitamins,3,80.1,125,Health,West
2025-01-30,Laptop Pro,0,0.0,34,Electronics,North
2025-01-30,Multivitamins,7,188.29,104,Health,South
2025-01-30,Office Desk,5,1667.58,13,Furniture,West
2025-01-31,SmartPhone X,2,1454.07,50,Electronics,West
2025-01-31,Laptop Pro,7,8453.01,31,Electronics,Central
2025-01-31,Ergonomic Chair,0,0.0,21,Furniture,North
2025-01-31,Multivitamins,4,103.04,112,Health,North
2025-01-31,Multivitamins,6,143.75,108,Health,South
2025-01-31,Winter Jacket,18,2629.96,27,Apparel,South
2025-01-31,Winter Jacket,3,508.25,28,Apparel,West
2025-01-31,SmartPhone X,6,4588.17,49,Electronics,South
2025-01-31,Designer Jeans,2,170.56,54,Apparel,Central
2025-01-31,Multivitamins,0,0.0,113,Health,East
2025-01-31,Yoga Mat,2,71.46,25,Health,South
2025-01-31,Designer Jeans,5,483.88,54,Apparel,West
2025-01-31,Protein Powder,0,0.0,91,Health,Central
2025-01-31,Wireless Earbuds,1,136.23,68,Electronics,North
2025-01-31,Office Desk,0,0.0,10,Furniture,North
2025-01-31,Laptop Pro,7,8632.96,31,Electronics,West
2025-01-31,Protein Powder,4,144.45,103,Health,East
2025-01-31,Ergonomic Chair,4,1065.85,16,Furniture,North
2025-01-31,Ergonomic Chair,4,1009.77,18,Furniture,East
2025-01-31,Winter Jacket,6,924.52,35,Apparel,Central
2025-01-31,Laptop Pro,1,1255.1,15,Electronics,Central
2025-01-31,SmartPhone X,4,2913.61,42,Electronics,East
2025-02-01,Running Shoes,4,505.36,59,Apparel,South
2025-02-01,Ergonomic Chair,5,1273.91,29,Furniture,Central
2025-02-01,SmartPhone X,6,4796.84,47,Electronics,West
2025-02-01,SmartPhone X,7,5131.32,52,Electronics,North
2025-02-01,Running Shoes,2,243.87,55,Apparel,West
2025-02-01,SmartPhone X,5,3697.17,26,Electronics,West
2025-02-01,Running Shoes,4,468.56,54,Apparel,South
2025-02-01,Protein Powder,5,185.27,103,Health,North
2025-02-01,Designer Jeans,3,274.82,63,Apparel,North
2025-02-01,Multivitamins,1,26.56,131,Health,South
2025-02-01,Protein Powder,5,205.15,80,Health,North
2025-02-01,Wireless Earbuds,4,546.65,75,Electronics,North
2025-02-01,SmartPhone X,6,5101.29,26,Electronics,Central
2025-02-01,Designer Jeans,4,341.2,55,Apparel,South
2025-02-01,Yoga Mat,2,76.91,38,Health,North
2025-02-01,Office Desk,5,1610.19,27,Furniture,West
2025-02-01,Office Desk,5,1705.13,5,Furniture,West
2025-02-02,Coffee Table,6,1114.37,14,Furniture,West
2025-02-02,SmartPhone X,3,2285.21,26,Electronics,South
2025-02-02,Multivitamins,5,135.44,118,Health,North
2025-02-02,Winter Jacket,15,2370.66,23,Apparel,West
2025-02-02,Multivitamins,4,91.02,104,Health,South
2025-02-02,Designer Jeans,5,414.15,54,Apparel,South
2025-02-02,Protein Powder,5,202.55,96,Health,South
2025-02-02,Ergonomic Chair,4,906.64,37,Furniture,East
2025-02-02,Laptop Pro,2,2390.19,15,Electronics,West
2025-02-02,Yoga Mat,0,0.0,37,Health,West
2025-02-02,SmartPhone X,4,3281.17,38,Electronics,Central
2025-02-02,Protein Powder,2,83.37,76,Health,South
2025-02-02,Laptop Pro,2,2419.64,37,Electronics,West
2025-02-02,Running Shoes,6,683.01,41,Apparel,South
2025-02-02,SmartPhone X,5,4324.34,52,Electronics,South
2025-02-02,Wireless Earbuds,1,144.0,74,Electronics,North
2025-02-02,Ergonomic Chair,6,1539.55,31,Furniture,North
2025-02-03,Running Shoes,4,483.41,36,Apparel,Central
2025-02-03,Multivitamins,6,139.37,107,Health,North
2025-02-03,Office Desk,4,1391.45,31,Furniture,North
2025-02-03,SmartPhone X,5,3882.6,33,Electronics,East
2025-02-03,Winter Jacket,9,1421.0,27,Apparel,West
2025-02-03,Wireless Earbuds,6,877.67,49,Electronics,North
2025-02-03,Coffee Table,3,529.37,10,Furniture,East
2025-02-03,Wireless Earbuds,5,784.99,65,Electronics,Central
2025-02-03,Multivitamins,6,137.7,127,Health,Central
2025-02-03,SmartPhone X,5,3785.55,47,Electronics,South
2025-02-03,Laptop Pro,1,1164.26,21,Electronics,West
2025-02-03,Laptop Pro,4,4784.03,13,Electronics,South
2025-02-03,Multivitamins,1,27.31,106,Health,West
2025-02-03,Ergonomic Chair,4,934.62,17,Furniture,Central
2025-02-03,SmartPhone X,4,3200.78,34,Electronics,East
2025-02-03,Ergonomic Chair,6,1369.57,29,Furniture,South
2025-02-03,Wireless Earbuds,0,0.0,72,Electronics,East
2025-02-03,Protein Powder,6,218.49,99,Health,South
2025-02-04,Office Desk,7,2212.17,7,Furniture,North
2025-02-04,Coffee Table,2,379.14,24,Furniture,Central
2025-02-04,Ergonomic Chair,1,236.95,11,Furniture,South
2025-02-04,Office Desk,3,954.75,28,Furniture,South
2025-02-04,Multivitamins,5,122.7,107,Health,South
2025-02-04,Protein Powder,4,159.68,79,Health,East
2025-02-04,Office Desk,4,1403.14,8,Furniture,West
2025-02-04,Office Desk,7,2239.16,24,Furniture,West
2025-02-04,Yoga Mat,7,236.74,29,Health,North
2025-02-04,Ergonomic Chair,2,455.03,18,Furniture,West
2025-02-04,Protein Powder,5,213.6,101,Health,North
2025-02-04,Ergonomic Chair,7,1832.58,28,Furniture,Central
2025-02-04,Ergonomic Chair,1,236.81,17,Furniture,North
2025-02-04,Winter Jacket,9,1406.86,19,Apparel,South
2025-02-04,Wireless Earbuds,5,683.2,66,Electronics,Central
2025-02-04,Winter Jacket,18,2785.84,28,Apparel,Central
2025-02-04,Coffee Table,3,554.8,5,Furniture,East
2025-02-04,Protein Powder,3,111.93,97,Health,Central
2025-02-04,Protein Powder,2,81.03,94,Health,North
2025-02-04,Ergonomic Chair,6,1527.15,18,Furniture,North
2025-02-05,Multivitamins,2,54.37,130,Health,North
2025-02-05,Winter Jacket,12,2108.14,43,Apparel,East
2025-02-05,Multivitamins,3,78.42,106,Health,East
2025-02-05,Ergonomic Chair,4,969.32,20,Furniture,South
2025-02-05,Designer Jeans,6,555.49,68,Apparel,North
2025-02-05,Yoga Mat,1,37.99,45,Health,South
2025-02-05,Office Desk,0,0.0,17,Furniture,South
2025-02-05,Wireless Earbuds,1,151.72,73,Electronics,North
2025-02-05,Laptop Pro,5,5872.24,37,Electronics,South
2025-02-05,Office Desk,7,2430.36,8,Furniture,West
2025-02-05,Yoga Mat,2,67.46,42,Health,Central
2025-02-05,Winter Jacket,0,0.0,25,Apparel,Central
2025-02-05,Running Shoes,3,392.66,39,Apparel,North
2025-02-05,Coffee Table,7,1145.03,25,Furniture,West
2025-02-05,SmartPhone X,4,3432.55,32,Electronics,South
2025-02-05,Office Desk,1,339.34,19,Furniture,West
2025-02-05,SmartPhone X,0,0.0,28,Electronics,West
2025-02-05,Office Desk,5,1692.21,25,Furniture,West
2025-02-05,Ergonomic Chair,4,915.54,32,Furniture,North
2025-02-05,Winter Jacket,12,1840.39,22,Apparel,South
2025-02-05,Wireless Earbuds,5,804.79,58,Electronics,East
2025-02-05,Winter Jacket,12,2049.91,23,Apparel,West
2025-02-05,Wireless Earbuds,1,144.41,63,Electronics,East
2025-02-05,SmartPhone X,5,3949.73,25,Electronics,West
2025-02-05,SmartPhone X,4,3265.57,31,Electronics,North
2025-02-05,Winter Jacket,15,2414.51,47,Apparel,North
2025-02-05,Wireless Earbuds,4,656.98,50,Electronics,West
2025-02-05,Protein Powder,0,0.0,77,Health,East
2025-02-05,Protein Powder,4,174.53,83,Health,West
2025-02-06,Laptop Pro,6,7866.49,32,Electronics,North
2025-02-06,Office Desk,2,733.1,23,Furniture,East
2025-02-06,Office Desk,2,733.28,9,Furniture,South
2025-02-06,Multivitamins,6,138.29,118,Health,Central
2025-02-06,Yoga Mat,0,0.0,50,Health,North
2025-02-06,SmartPhone X,4,2982.41,29,Electronics,South
2025-02-06,Multivitamins,1,26.45,112,Health,South
2025-02-06,Running Shoes,0,0.0,47,Apparel,South
2025-02-06,Office Desk,1,373.38,19,Furniture,West
2025-02-06,Winter Jacket,6,975.28,40,Apparel,North
2025-02-06,Wireless Earbuds,4,622.86,61,Electronics,West
2025-02-06,Laptop Pro,5,6142.68,34,Electronics,East
2025-02-06,Protein Powder,4,155.72,102,Health,South
2025-02-06,Protein Powder,3,129.91,95,Health,West
2025-02-06,Ergonomic Chair,4,1045.05,22,Furniture,East
2025-02-06,Multivitamins,2,53.34,112,Health,East
2025-02-06,Yoga Mat,6,220.81,47,Health,West
2025-02-06,Multivitamins,3,76.5,123,Health,East
2025-02-06,Winter Jacket,15,2295.64,23,Apparel,East
2025-02-07,Laptop Pro,3,3389.44,14,Electronics,West
2025-02-07,Laptop Pro,4,5234.63,31,Electronics,East
2025-02-07,Wireless Earbuds,4,616.51,66,Electronics,East
2025-02-07,Protein Powder,2,74.31,83,Health,South
2025-02-07,Yoga Mat,5,160.67,46,Health,East
2025-02-07,Office Desk,5,1783.03,26,Furniture,East
2025-02-07,Multivitamins,6,163.18,112,Health,West
2025-02-07,Multivitamins,4,90.33,113,Health,East
2025-02-07,Office Desk,0,0.0,24,Furniture,East
2025-02-07,Ergonomic Chair,4,909.4,28,Furniture,North
2025-02-07,Winter Jacket,0,0.0,17,Apparel,North
2025-02-07,Yoga Mat,4,141.01,45,Health,Central
2025-02-07,Coffee Table,0,0.0,13,Furniture,Central
2025-02-07,Wireless Earbuds,4,610.05,62,Electronics,South
2025-02-07,Laptop Pro,5,5870.36,19,Electronics,Central
2025-02-07,Laptop Pro,1,1213.08,34,Electronics,South
2025-02-07,Designer Jeans,4,324.88,54,Apparel,West
2025-02-07,SmartPhone X,3,2257.1,32,Electronics,South
2025-02-07,Designer Jeans,3,247.83,53,Apparel,Central
2025-02-07,Multivitamins,5,121.05,120,Health,North
2025-02-07,Wireless Earbuds,7,989.89,64,Electronics,West
2025-02-07,Winter Jacket,12,2041.64,37,Apparel,West
2025-02-08,Protein Powder,2,77.53,74,Health,East
2025-02-08,Office Desk,6,2085.33,21,Furniture,South
2025-02-08,Laptop Pro,3,3324.32,28,Electronics,South
2025-02-08,Multivitamins,4,104.47,107,Health,West
2025-02-08,Winter Jacket,12,2032.72,28,Apparel,North
2025-02-08,Wireless Earbuds,5,689.96,73,Electronics,West
2025-02-08,Office Desk,2,668.56,4,Furniture,East
2025-02-08,Multivitamins,7,164.26,116,Health,West
2025-02-08,Wireless Earbuds,5,709.01,67,Electronics,North
2025-02-08,Ergonomic Chair,6,1573.6,28,Furniture,South
2025-02-08,Winter Jacket,15,2227.15,28,Apparel,North
2025-02-08,Protein Powder,5,202.58,99,Health,North
2025-02-08,Laptop Pro,5,5949.64,35,Electronics,West
2025-02-08,Office Desk,5,1759.22,6,Furniture,East
2025-02-08,Protein Powder,7,263.04,82,Health,South
2025-02-08,Protein Powder,5,207.73,79,Health,South
2025-02-08,Ergonomic Chair,7,1689.03,13,Furniture,North
2025-02-08,Wireless Earbuds,4,548.93,65,Electronics,Central
2025-02-08,Running Shoes,6,748.11,38,Apparel,East
2025-02-09,Winter Jacket,12,1870.79,23,Apparel,Central
2025-02-09,Coffee Table,4,783.98,10,Furniture,North
2025-02-09,Multivitamins,3,75.73,107,Health,South
2025-02-09,Winter Jacket,9,1536.73,36,Apparel,Central
2025-02-09,Laptop Pro,1,1233.48,15,Electronics,West
2025-02-09,Running Shoes,1,115.93,33,Apparel,South
2025-02-09,Multivitamins,4,97.08,109,Health,South
2025-02-09,Designer Jeans,4,334.87,61,Apparel,South
2025-02-09,Laptop Pro,3,3532.84,29,Electronics,Central
2025-02-09,Winter Jacket,12,2016.34,46,Apparel,East
2025-02-09,SmartPhone X,2,1678.63,39,Electronics,South
2025-02-09,Designer Jeans,0,0.0,62,Apparel,Central
2025-02-09,Winter Jacket,12,2109.12,27,Apparel,West
2025-02-10,SmartPhone X,5,4373.29,29,Electronics,Central
2025-02-10,SmartPhone X,1,726.08,26,Electronics,Central
2025-02-10,Designer Jeans,6,593.02,53,Apparel,North
2025-02-10,Yoga Mat,0,0.0,49,Health,East
2025-02-10,Wireless Earbuds,2,299.86,52,Electronics,Central
2025-02-10,Running Shoes,4,455.71,60,Apparel,South
2025-02-10,Laptop Pro,2,2285.28,33,Electronics,East
2025-02-10,Office Desk,4,1421.01,32,Furniture,Central
2025-02-10,Protein Powder,4,164.43,94,Health,Central
2025-02-10,Ergonomic Chair,4,1049.24,38,Furniture,Central
2025-02-10,Ergonomic Chair,5,1157.41,17,Furniture,South
2025-02-10,Ergonomic Chair,4,1001.98,10,Furniture,West
2025-02-10,Designer Jeans,5,426.34,57,Apparel,East
2025-02-10,Protein Powder,0,0.0,78,Health,West
2025-02-10,Winter Jacket,15,2207.22,35,Apparel,West
2025-02-10,Yoga Mat,4,145.9,48,Health,South
2025-02-10,Office Desk,3,968.74,31,Furniture,West
2025-02-10,Laptop Pro,7,8137.47,29,Electronics,South
2025-02-10,Running Shoes,4,453.67,38,Apparel,Central
2025-02-10,Coffee Table,6,1055.01,24,Furniture,South
2025-02-10,SmartPhone X,5,4082.25,39,Electronics,North
2025-02-10,Running Shoes,2,232.68,49,Apparel,North
2025-02-10,SmartPhone X,2,1486.92,31,Electronics,Central
2025-02-10,Office Desk,4,1534.78,19,Furniture,West
2025-02-10,Coffee Table,7,1204.28,9,Furniture,West
2025-02-11,Multivitamins,2,45.13,119,Health,North
2025-02-11,Protein Powder,4,151.25,77,Health,Central
2025-02-11,Coffee Table,7,1186.99,4,Furniture,Central
2025-02-11,Coffee Table,5,908.56,25,Furniture,West
2025-02-11,Protein Powder,1,38.13,89,Health,North
2025-02-11,Multivitamins,5,126.1,124,Health,East
2025-02-11,Laptop Pro,4,4619.24,35,Electronics,North
2025-02-11,Designer Jeans,6,590.29,51,Apparel,West
2025-02-11,Multivitamins,0,0.0,112,Health,West
2025-02-11,Ergonomic Chair,4,1071.44,21,Furniture,East
2025-02-11,Yoga Mat,5,173.57,42,Health,South
2025-02-11,Running Shoes,2,222.76,52,Apparel,North
2025-02-11,Office Desk,4,1339.77,21,Furniture,Central
2025-02-11,Multivitamins,3,81.84,108,Health,Central
2025-02-11,Running Shoes,5,631.88,56,Apparel,North
2025-02-11,Laptop Pro,2,2321.9,22,Electronics,Central
2025-02-11,Yoga Mat,0,0.0,27,Health,Central
2025-02-11,Coffee Table,2,383.72,29,Furniture,West
2025-02-11,Protein Powder,3,114.32,82,Health,West
2025-02-11,Coffee Table,1,180.52,28,Furniture,North
2025-02-11,Running Shoes,1,119.33,40,Apparel,Central
2025-02-11,Wireless Earbuds,7,1111.31,64,Electronics,South
2025-02-11,Wireless Earbuds,2,290.12,68,Electronics,South
2025-02-11,SmartPhone X,1,802.95,34,Electronics,North
2025-02-11,Wireless Earbuds,0,0.0,64,Electronics,West
2025-02-11,Winter Jacket,6,954.84,32,Apparel,Central
2025-02-11,Wireless Earbuds,0,0.0,50,Electronics,West
2025-02-11,Yoga Mat,2,71.19,24,Health,East
2025-02-11,Laptop Pro,2,2443.14,19,Electronics,East
2025-02-12,Wireless Earbuds,5,823.08,74,Electronics,West
2025-02-12,Ergonomic Chair,5,1245.27,18,Furniture,North
2025-02-12,Running Shoes,2,225.83,52,Apparel,North
2025-02-12,Yoga Mat,3,111.48,32,Health,West
2025-02-12,Yoga Mat,0,0.0,45,Health,West
2025-02-12,Running Shoes,0,0.0,55,Apparel,Central
2025-02-12,Multivitamins,4,95.9,106,Health,South
2025-02-12,Protein Powder,4,164.35,75,Health,East
2025-02-12,Wireless Earbuds,1,141.61,47,Electronics,Central
2025-02-12,Designer Jeans,5,474.57,68,Apparel,South
2025-02-12,Coffee Table,0,0.0,3,Furniture,East
2025-02-12,Laptop Pro,4,4824.88,12,Electronics,North
2025-02-12,Winter Jacket,6,954.58,34,Apparel,East
2025-02-12,Designer Jeans,4,346.75,60,Apparel,East
2025-02-12,SmartPhone X,0,0.0,52,Electronics,East
2025-02-12,SmartPhone X,2,1641.8,49,Electronics,Central
2025-02-12,Yoga Mat,4,129.8,24,Health,Central
2025-02-12,Wireless Earbuds,4,557.03,60,Electronics,North
2025-02-12,Office Desk,1,381.14,31,Furniture,North
2025-02-12,Ergonomic Chair,6,1422.4,32,Furniture,Central
2025-02-12,Wireless Earbuds,3,455.63,51,Electronics,North
2025-02-12,Wireless Earbuds,5,814.4,61,Electronics,North
2025-02-12,Multivitamins,6,147.59,122,Health,South
2025-02-12,Multivitamins,6,155.4,120,Health,South
2025-02-12,Coffee Table,2,384.07,7,Furniture,East
2025-02-13,Office Desk,6,2241.41,4,Furniture,South
2025-02-13,Multivitamins,7,189.74,101,Health,West
2025-02-13,Coffee Table,4,651.09,24,Furniture,West
2025-02-13,Yoga Mat,2,76.7,29,Health,South
2025-02-13,Ergonomic Chair,4,945.91,26,Furniture,Central
2025-02-13,Coffee Table,3,565.34,19,Furniture,South
2025-02-13,Designer Jeans,6,556.3,55,Apparel,East
2025-02-13,Ergonomic Chair,1,249.73,22,Furniture,West
2025-02-13,Designer Jeans,4,346.53,53,Apparel,Central
2025-02-13,Laptop Pro,6,6492.21,17,Electronics,Central
2025-02-13,Protein Powder,5,187.82,83,Health,Central
2025-02-13,SmartPhone X,2,1613.73,51,Electronics,Central
2025-02-13,Ergonomic Chair,7,1775.14,27,Furniture,South
2025-02-13,Laptop Pro,4,5054.93,36,Electronics,South
2025-02-13,Office Desk,4,1536.41,28,Furniture,North
2025-02-13,Laptop Pro,4,4999.09,36,Electronics,East
2025-02-13,Running Shoes,7,822.05,43,Apparel,South
2025-02-13,Coffee Table,4,687.26,28,Furniture,East
2025-02-13,Yoga Mat,1,34.7,49,Health,Central
2025-02-13,Multivitamins,3,79.46,110,Health,North
2025-02-13,Coffee Table,1,165.15,22,Furniture,West
2025-02-13,Designer Jeans,5,435.52,49,Apparel,East
2025-02-14,Yoga Mat,6,225.95,24,Health,North
2025-02-14,Yoga Mat,6,219.35,46,Health,East
2025-02-14,Coffee Table,5,899.08,27,Furniture,West
2025-02-14,Multivitamins,5,117.14,106,Health,South
2025-02-14,Ergonomic Chair,0,0.0,23,Furniture,South
2025-02-14,Winter Jacket,3,484.8,23,Apparel,West
2025-02-14,Designer Jeans,5,461.04,66,Apparel,West
2025-02-14,Multivitamins,4,102.97,122,Health,North
2025-02-14,Winter Jacket,15,2264.97,31,Apparel,East
2025-02-14,Protein Powder,1,42.26,78,Health,West
2025-02-14,Ergonomic Chair,0,0.0,31,Furniture,West
2025-02-14,Protein Powder,4,170.57,82,Health,East
2025-02-14,Designer Jeans,6,486.58,52,Apparel,South
2025-02-14,Wireless Earbuds,6,857.14,57,Electronics,Central
2025-02-14,Office Desk,0,0.0,22,Furniture,Central
2025-02-15,Winter Jacket,21,3509.91,22,Apparel,North
2025-02-15,Ergonomic Chair,2,458.41,22,Furniture,East
2025-02-15,Designer Jeans,1,89.69,50,Apparel,North
2025-02-15,Winter Jacket,12,1829.65,33,Apparel,South
2025-02-15,Coffee Table,4,651.37,0,Furniture,East
2025-02-15,Coffee Table,7,1350.07,3,Furniture,East
2025-02-15,Winter Jacket,0,0.0,37,Apparel,West
2025-02-15,Running Shoes,0,0.0,34,Apparel,West
2025-02-15,Designer Jeans,7,630.29,70,Apparel,North
2025-02-15,Yoga Mat,6,221.37,39,Health,East
2025-02-15,Ergonomic Chair,5,1179.15,24,Furniture,South
2025-02-15,Coffee Table,2,358.12,29,Furniture,West
2025-02-15,Laptop Pro,6,7075.51,14,Electronics,Central
2025-02-15,Winter Jacket,12,2026.53,35,Apparel,Central
2025-02-16,SmartPhone X,4,3140.79,33,Electronics,Central
2025-02-16,Yoga Mat,4,145.52,48,Health,South
2025-02-16,Office Desk,3,971.52,17,Furniture,East
2025-02-16,Yoga Mat,4,126.62,23,Health,South
2025-02-16,Winter Jacket,12,1819.37,35,Apparel,East
2025-02-16,Office Desk,2,730.92,31,Furniture,North
2025-02-16,Laptop Pro,2,2334.84,35,Electronics,South
2025-02-16,Office Desk,3,1076.97,20,Furniture,South
2025-02-16,Running Shoes,6,765.96,39,Apparel,Central
2025-02-16,Multivitamins,3,70.99,101,Health,South
2025-02-16,Ergonomic Chair,5,1349.61,34,Furniture,South
2025-02-16,Ergonomic Chair,1,237.7,12,Furniture,North
2025-02-17,Yoga Mat,4,143.76,40,Health,East
2025-02-17,Designer Jeans,5,414.98,59,Apparel,Central
2025-02-17,Running Shoes,2,247.98,52,Apparel,West
2025-02-17,Ergonomic Chair,7,1666.37,31,Furniture,West
2025-02-17,Winter Jacket,0,0.0,40,Apparel,East
2025-02-17,Wireless Earbuds,1,159.92,49,Electronics,North
2025-02-17,SmartPhone X,7,5737.01,23,Electronics,North
2025-02-17,Running Shoes,3,350.38,44,Apparel,Central
2025-02-17,Wireless Earbuds,3,462.73,58,Electronics,South
2025-02-17,Designer Jeans,6,493.72,51,Apparel,West
2025-02-17,Ergonomic Chair,0,0.0,12,Furniture,South
2025-02-17,Ergonomic Chair,0,0.0,28,Furniture,Central
2025-02-17,Office Desk,5,1804.41,17,Furniture,East
2025-02-17,Coffee Table,4,660.51,28,Furniture,Central
2025-02-17,Ergonomic Chair,2,507.85,31,Furniture,Central
2025-02-17,Protein Powder,2,72.5,84,Health,North
2025-02-17,Ergonomic Chair,5,1240.52,32,Furniture,East
2025-02-17,Ergonomic Chair,4,922.61,25,Furniture,South
2025-02-17,Laptop Pro,5,6556.66,40,Electronics,North
2025-02-17,Laptop Pro,6,6817.85,23,Electronics,West
2025-02-17,Yoga Mat,4,152.57,37,Health,South
2025-02-17,Laptop Pro,6,7278.19,26,Electronics,Central
2025-02-17,Winter Jacket,15,2419.26,43,Apparel,Central
2025-02-18,SmartPhone X,4,3139.94,43,Electronics,Central
2025-02-18,Office Desk,1,345.82,8,Furniture,West
2025-02-18,Yoga Mat,6,205.91,47,Health,East
2025-02-18,Multivitamins,5,137.27,109,Health,Central
2025-02-18,Running Shoes,0,0.0,51,Apparel,West
2025-02-18,Yoga Mat,5,160.46,31,Health,South
2025-02-18,Office Desk,5,1714.36,25,Furniture,East
2025-02-18,Protein Powder,0,0.0,76,Health,East
2025-02-18,Designer Jeans,5,436.61,72,Apparel,East
2025-02-18,Ergonomic Chair,6,1557.68,27,Furniture,Central
2025-02-18,Protein Powder,6,222.25,85,Health,South
2025-02-18,Multivitamins,1,26.45,102,Health,West
2025-02-18,Designer Jeans,7,589.02,63,Apparel,North
2025-02-18,Ergonomic Chair,7,1894.93,24,Furniture,West
2025-02-18,Coffee Table,3,572.19,13,Furniture,Central
2025-02-18,Multivitamins,0,0.0,109,Health,West
2025-02-18,Winter Jacket,21,3131.16,23,Apparel,North
2025-02-18,Yoga Mat,5,166.63,48,Health,South
2025-02-18,Ergonomic Chair,2,524.39,12,Furniture,East
2025-02-18,Designer Jeans,7,673.78,55,Apparel,East
2025-02-18,Office Desk,2,636.7,3,Furniture,South
2025-02-18,Protein Powder,2,73.94,75,Health,North
2025-02-18,Yoga Mat,1,34.59,50,Health,East
2025-02-18,Protein Powder,4,168.6,83,Health,East
2025-02-18,Multivitamins,0,0.0,113,Health,East
2025-02-18,SmartPhone X,3,2526.34,50,Electronics,North
2025-02-18,Winter Jacket,21,3588.96,21,Apparel,Central
2025-02-19,Yoga Mat,6,194.55,23,Health,East
2025-02-19,Laptop Pro,4,4808.4,37,Electronics,North
2025-02-19,Winter Jacket,0,0.0,36,Apparel,East
2025-02-19,Coffee Table,4,753.43,13,Furniture,South
2025-02-19,Wireless Earbuds,0,0.0,49,Electronics,East
2025-02-19,Yoga Mat,1,34.71,42,Health,South
2025-02-19,Winter Jacket,12,1883.97,34,Apparel,North
2025-02-19,Ergonomic Chair,0,0.0,25,Furniture,South
2025-02-19,Running Shoes,0,0.0,50,Apparel,South
2025-02-19,Wireless Earbuds,6,828.98,50,Electronics,South
2025-02-19,Wireless Earbuds,4,561.05,48,Electronics,North
2025-02-19,Office Desk,1,365.2,11,Furniture,East
2025-02-19,Multivitamins,5,122.86,100,Health,West
2025-02-19,SmartPhone X,6,5064.04,23,Electronics,Central
2025-02-19,Protein Powder,4,172.1,80,Health,West
2025-02-20,Ergonomic Chair,3,774.55,19,Furniture,South
2025-02-20,Running Shoes,5,566.27,40,Apparel,East
2025-02-20,Yoga Mat,4,147.37,41,Health,North
2025-02-20,Coffee Table,4,691.18,27,Furniture,North
2025-02-20,Designer Jeans,1,96.87,65,Apparel,Central
2025-02-20,Yoga Mat,3,102.37,45,Health,South
2025-02-20,Running Shoes,3,328.17,52,Apparel,Central
2025-02-20,Designer Jeans,7,571.57,48,Apparel,North
2025-02-20,Coffee Table,1,185.79,20,Furniture,East
2025-02-20,Laptop Pro,2,2382.67,23,Electronics,South
2025-02-20,Wireless Earbuds,7,1149.5,44,Electronics,Central
2025-02-20,Coffee Table,4,709.31,22,Furniture,West
2025-02-20,Winter Jacket,18,2985.45,39,Apparel,East
2025-02-20,Laptop Pro,3,3745.58,39,Electronics,West
2025-02-20,Yoga Mat,7,226.54,30,Health,Central
2025-02-20,Laptop Pro,3,3598.02,12,Electronics,West
2025-02-20,Wireless Earbuds,4,602.59,57,Electronics,West
2025-02-20,Coffee Table,6,1128.24,21,Furniture,South
2025-02-20,Designer Jeans,5,410.11,66,Apparel,East
2025-02-20,Multivitamins,1,25.18,104,Health,Central
2025-02-20,Wireless Earbuds,4,602.0,71,Electronics,West
2025-02-20,SmartPhone X,6,4808.02,43,Electronics,East
2025-02-20,Wireless Earbuds,2,294.63,63,Electronics,East
2025-02-21,Protein Powder,3,109.01,82,Health,North
2025-02-21,Wireless Earbuds,4,573.72,71,Electronics,West
2025-02-21,Winter Jacket,3,433.98,45,Apparel,South
2025-02-21,Protein Powder,6,228.1,74,Health,North
2025-02-21,Wireless Earbuds,7,1090.61,59,Electronics,West
2025-02-21,Designer Jeans,2,171.46,70,Apparel,West
2025-02-21,Running Shoes,6,791.37,50,Apparel,North
2025-02-21,Designer Jeans,2,197.45,68,Apparel,West
2025-02-21,Yoga Mat,5,165.28,47,Health,Central
2025-02-21,SmartPhone X,5,3655.19,32,Electronics,East
2025-02-21,Laptop Pro,4,4821.92,21,Electronics,South
2025-02-21,Protein Powder,2,86.17,92,Health,East
2025-02-21,Protein Powder,0,0.0,98,Health,East
2025-02-21,SmartPhone X,1,859.93,31,Electronics,North
2025-02-21,Running Shoes,2,224.92,37,Apparel,Central
2025-02-21,Ergonomic Chair,1,265.3,29,Furniture,South
2025-02-21,Running Shoes,1,114.05,55,Apparel,Central
2025-02-21,Laptop Pro,6,7466.14,33,Electronics,South
2025-02-21,Designer Jeans,5,453.35,72,Apparel,Central
2025-02-21,Coffee Table,5,936.71,1,Furniture,North
2025-02-22,SmartPhone X,5,4323.82,27,Electronics,West
2025-02-22,Coffee Table,3,490.01,7,Furniture,East
2025-02-22,Coffee Table,2,372.49,24,Furniture,Central
2025-02-22,Ergonomic Chair,4,967.15,11,Furniture,West
2025-02-22,Protein Powder,2,79.21,89,Health,Central
2025-02-22,Designer Jeans,0,0.0,43,Apparel,North
2025-02-22,Running Shoes,7,809.58,54,Apparel,West
2025-02-22,Yoga Mat,3,101.85,45,Health,East
2025-02-22,Office Desk,0,0.0,27,Furniture,East
2025-02-22,Yoga Mat,3,95.94,47,Health,South
2025-02-22,Protein Powder,5,197.86,81,Health,Central
2025-02-22,Laptop Pro,4,4459.99,16,Electronics,Central
2025-02-23,Yoga Mat,0,0.0,29,Health,East
2025-02-23,Coffee Table,1,172.62,5,Furniture,North
2025-02-23,Wireless Earbuds,1,153.72,63,Electronics,East
2025-02-23,Ergonomic Chair,6,1350.98,23,Furniture,East
2025-02-23,Multivitamins,0,0.0,115,Health,East
2025-02-23,Wireless Earbuds,4,568.26,45,Electronics,North
2025-02-23,Multivitamins,7,184.62,120,Health,North
2025-02-23,Running Shoes,1,125.47,45,Apparel,North
2025-02-23,Protein Powder,2,75.9,90,Health,East
2025-02-23,Laptop Pro,6,6849.39,38,Electronics,West
2025-02-23,Multivitamins,7,157.79,108,Health,West
2025-02-23,Wireless Earbuds,3,458.74,56,Electronics,West
2025-02-23,Coffee Table,2,389.44,19,Furniture,West
2025-02-23,Laptop Pro,5,6146.03,37,Electronics,West
2025-02-23,Winter Jacket,3,443.16,35,Apparel,West
2025-02-24,Yoga Mat,0,0.0,43,Health,West
2025-02-24,Coffee Table,6,986.57,1,Furniture,Central
2025-02-24,Wireless Earbuds,5,706.61,63,Electronics,Central
2025-02-24,Running Shoes,3,376.14,42,Apparel,West
2025-02-24,Yoga Mat,0,0.0,25,Health,West
2025-02-24,Designer Jeans,4,360.78,64,Apparel,East
2025-02-24,Laptop Pro,2,2633.08,30,Electronics,North
2025-02-24,Wireless Earbuds,2,312.25,55,Electronics,Central
2025-02-24,Yoga Mat,5,169.98,39,Health,North
2025-02-24,Laptop Pro,4,5153.68,30,Electronics,Central
2025-02-24,Multivitamins,0,0.0,97,Health,East
2025-02-24,Running Shoes,4,526.5,34,Apparel,South
2025-02-24,Winter Jacket,6,1048.21,36,Apparel,North
2025-02-24,Coffee Table,2,355.33,18,Furniture,North
2025-02-24,Running Shoes,7,821.26,46,Apparel,West
2025-02-24,Running Shoes,6,743.21,38,Apparel,East
2025-02-24,Designer Jeans,2,168.68,43,Apparel,North
2025-02-24,SmartPhone X,4,3407.07,24,Electronics,West
2025-02-24,Ergonomic Chair,2,548.92,31,Furniture,Central
2025-02-24,Ergonomic Chair,0,0.0,19,Furniture,East
2025-02-25,SmartPhone X,7,5669.43,39,Electronics,North
2025-02-25,Running Shoes,7,857.54,30,Apparel,Central
2025-02-25,Running Shoes,3,382.0,29,Apparel,Central
2025-02-25,SmartPhone X,0,0.0,28,Electronics,Central
2025-02-25,Winter Jacket,0,0.0,44,Apparel,East
2025-02-25,Coffee Table,0,0.0,27,Furniture,East
2025-02-25,Multivitamins,0,0.0,107,Health,West
2025-02-25,SmartPhone X,4,3025.66,46,Electronics,East
2025-02-25,Yoga Mat,5,161.17,47,Health,Central
2025-02-25,Multivitamins,7,181.84,103,Health,East
2025-02-25,Designer Jeans,1,98.72,66,Apparel,Central
2025-02-25,Laptop Pro,5,5456.76,24,Electronics,Central
2025-02-25,Laptop Pro,4,4528.2,25,Electronics,Central
2025-02-25,Yoga Mat,4,136.38,42,Health,North
2025-02-25,Winter Jacket,12,1781.59,20,Apparel,East
2025-02-26,Coffee Table,0,0.0,18,Furniture,South
2025-02-26,Running Shoes,4,506.59,43,Apparel,East
2025-02-26,Designer Jeans,2,193.83,53,Apparel,Central
2025-02-26,Protein Powder,7,297.97,93,Health,West
2025-02-26,Multivitamins,4,109.84,122,Health,Central
2025-02-26,SmartPhone X,6,4590.03,30,Electronics,North
2025-02-26,Coffee Table,5,939.75,3,Furniture,West
2025-02-26,Yoga Mat,6,204.12,46,Health,South
2025-02-26,Designer Jeans,2,196.52,61,Apparel,Central
2025-02-26,Yoga Mat,2,75.79,27,Health,North
2025-02-26,Office Desk,6,2064.05,12,Furniture,West
2025-02-26,SmartPhone X,3,2193.49,35,Electronics,North
2025-02-26,SmartPhone X,6,4445.05,37,Electronics,Central
2025-02-26,Yoga Mat,5,166.11,26,Health,West
2025-02-26,SmartPhone X,7,5852.92,24,Electronics,South
2025-02-26,Laptop Pro,7,7783.38,35,Electronics,Central
2025-02-26,Running Shoes,1,109.89,37,Apparel,South
2025-02-26,SmartPhone X,4,3162.74,33,Electronics,South
2025-02-26,Ergonomic Chair,7,1603.18,12,Furniture,South
2025-02-26,Ergonomic Chair,7,1592.49,20,Furniture,South
2025-02-26,Winter Jacket,0,0.0,37,Apparel,Central
2025-02-26,Running Shoes,1,121.36,45,Apparel,North
2025-02-26,Running Shoes,1,130.48,45,Apparel,South
2025-02-26,Wireless Earbuds,5,729.51,55,Electronics,Central
2025-02-26,Running Shoes,4,507.31,57,Apparel,Central
2025-02-26,Office Desk,2,756.04,12,Furniture,Central
2025-02-26,Designer Jeans,7,663.58,58,Apparel,Central
2025-02-26,Winter Jacket,21,3609.82,22,Apparel,North
2025-02-27,Designer Jeans,2,166.23,42,Apparel,Central
2025-02-27,Multivitamins,4,94.85,117,Health,South
2025-02-27,Wireless Earbuds,6,920.72,52,Electronics,Central
2025-02-27,Coffee Table,0,0.0,24,Furniture,West
2025-02-27,Office Desk,5,1692.92,28,Furniture,South
2025-02-27,Yoga Mat,1,36.43,31,Health,East
2025-02-27,Office Desk,4,1533.17,23,Furniture,West
2025-02-27,Ergonomic Chair,2,549.82,37,Furniture,South
2025-02-27,Protein Powder,4,166.54,86,Health,East
2025-02-27,Ergonomic Chair,7,1908.53,14,Furniture,West
2025-02-27,Laptop Pro,1,1250.4,30,Electronics,West
2025-02-27,Ergonomic Chair,4,935.77,10,Furniture,Central
2025-02-27,Winter Jacket,9,1460.24,32,Apparel,East
2025-02-27,Designer Jeans,4,340.7,64,Apparel,Central
2025-02-27,Running Shoes,5,611.12,58,Apparel,Central
2025-02-27,Ergonomic Chair,1,228.63,31,Furniture,North
2025-02-27,Office Desk,1,335.56,25,Furniture,South
2025-02-27,Office Desk,4,1358.33,16,Furniture,Central
2025-02-27,Office Desk,7,2590.0,25,Furniture,North
2025-02-27,Protein Powder,6,229.07,87,Health,Central
2025-02-27,SmartPhone X,7,6080.21,46,Electronics,East
2025-02-27,Office Desk,3,1111.89,9,Furniture,North
2025-02-27,Multivitamins,7,163.74,103,Health,West
2025-02-28,Laptop Pro,3,3890.18,25,Electronics,Central
2025-02-28,Designer Jeans,3,275.63,69,Apparel,West
2025-02-28,Coffee Table,3,543.68,12,Furniture,South
2025-02-28,Wireless Earbuds,2,292.07,49,Electronics,West
2025-02-28,Protein Powder,4,156.7,91,Health,South
2025-02-28,Protein Powder,4,150.45,78,Health,South
2025-02-28,Designer Jeans,7,688.42,54,Apparel,East
2025-02-28,Laptop Pro,4,4555.62,13,Electronics,North
2025-02-28,Office Desk,6,2147.84,9,Furniture,Central
2025-02-28,Multivitamins,5,114.62,95,Health,West
2025-02-28,Laptop Pro,1,1178.25,14,Electronics,West
2025-02-28,Office Desk,1,317.05,7,Furniture,South
2025-02-28,Office Desk,6,2010.96,31,Furniture,South
2025-02-28,Laptop Pro,4,4696.3,16,Electronics,West
2025-02-28,Winter Jacket,0,0.0,33,Apparel,South
2025-02-28,Office Desk,4,1261.49,31,Furniture,Central
2025-02-28,Winter Jacket,12,1827.88,38,Apparel,Central
2025-02-28,Office Desk,4,1304.27,10,Furniture,South
2025-02-28,Laptop Pro,1,1311.44,19,Electronics,Central
2025-02-28,Winter Jacket,3,471.44,38,Apparel,North
2025-02-28,Office Desk,3,971.06,6,Furniture,East
2025-02-28,Multivitamins,1,23.26,100,Health,South
2025-03-01,Multivitamins,2,53.48,119,Health,South
2025-03-01,Protein Powder,1,41.17,94,Health,South
2025-03-01,Coffee Table,3,560.7,9,Furniture,West
2025-03-01,Designer Jeans,6,570.57,44,Apparel,East
2025-03-01,Running Shoes,2,218.47,46,Apparel,North
2025-03-01,Office Desk,6,2039.09,14,Furniture,South
2025-03-01,Multivitamins,7,164.23,95,Health,North
2025-03-01,Ergonomic Chair,1,245.77,21,Furniture,Central
2025-03-01,Yoga Mat,3,97.92,28,Health,West
2025-03-01,Coffee Table,0,0.0,8,Furniture,North
2025-03-01,SmartPhone X,4,3202.16,28,Electronics,North
2025-03-01,Multivitamins,4,101.45,120,Health,West
2025-03-01,Protein Powder,1,42.02,87,Health,North
2025-03-01,Office Desk,3,1077.84,10,Furniture,Central
2025-03-02,Laptop Pro,6,7838.14,34,Electronics,West
2025-03-02,Office Desk,2,741.88,23,Furniture,North
2025-03-02,Running Shoes,8,929.52,31,Apparel,North
2025-03-02,Multivitamins,5,135.1,102,Health,West
2025-03-02,Protein Powder,4,153.16,94,Health,West
2025-03-02,Winter Jacket,0,0.0,19,Apparel,West
2025-03-02,Yoga Mat,4,142.48,40,Health,South
2025-03-02,Office Desk,7,2500.91,8,Furniture,Central
2025-03-02,Running Shoes,10,1245.31,43,Apparel,South
2025-03-02,Ergonomic Chair,4,978.06,19,Furniture,West
2025-03-02,Coffee Table,2,332.4,26,Furniture,North
2025-03-02,Protein Powder,4,146.28,87,Health,East
2025-03-02,Office Desk,0,0.0,14,Furniture,Central
2025-03-03,Coffee Table,7,1311.48,29,Furniture,Central
2025-03-03,Wireless Earbuds,2,293.24,51,Electronics,South
2025-03-03,Laptop Pro,4,5043.15,21,Electronics,South
2025-03-03,Yoga Mat,1,34.65,32,Health,West
2025-03-03,Protein Powder,0,0.0,67,Health,North
2025-03-03,Running Shoes,12,1422.6,46,Apparel,South
2025-03-03,Yoga Mat,7,245.63,21,Health,West
2025-03-03,Running Shoes,14,1742.47,31,Apparel,East
2025-03-03,Designer Jeans,3,291.2,57,Apparel,East
2025-03-03,Wireless Earbuds,4,552.34,44,Electronics,South
2025-03-03,Yoga Mat,6,192.19,34,Health,East
2025-03-03,Protein Powder,2,85.71,79,Health,Central
2025-03-03,Designer Jeans,5,410.34,49,Apparel,Central
2025-03-03,Protein Powder,1,40.93,86,Health,West
2025-03-03,Yoga Mat,1,35.09,43,Health,Central
2025-03-03,Laptop Pro,4,4656.03,38,Electronics,North
2025-03-03,Wireless Earbuds,4,630.41,65,Electronics,South
2025-03-03,Coffee Table,3,575.55,24,Furniture,West
2025-03-03,SmartPhone X,6,4369.13,29,Electronics,East
2025-03-03,Multivitamins,4,96.77,119,Health,West
2025-03-03,Designer Jeans,3,266.8,67,Apparel,West
2025-03-04,Yoga Mat,2,69.2,31,Health,North
2025-03-04,SmartPhone X,7,5341.48,32,Electronics,North
2025-03-04,Laptop Pro,1,1285.95,10,Electronics,South
2025-03-04,SmartPhone X,6,4625.7,28,Electronics,North
2025-03-04,Protein Powder,6,241.7,72,Health,East
2025-03-04,Winter Jacket,5,791.0,43,Apparel,Central
2025-03-04,Protein Powder,6,248.4,77,Health,West
2025-03-04,Running Shoes,6,697.15,38,Apparel,West
2025-03-04,Designer Jeans,1,93.94,64,Apparel,Central
2025-03-04,SmartPhone X,5,4063.5,49,Electronics,West
2025-03-04,Running Shoes,10,1085.9,50,Apparel,South
2025-03-04,Protein Powder,1,42.25,80,Health,East
2025-03-04,Winter Jacket,1,147.55,16,Apparel,East
2025-03-04,Designer Jeans,0,0.0,64,Apparel,North
2025-03-04,Designer Jeans,7,584.89,56,Apparel,Central
2025-03-04,Yoga Mat,0,0.0,29,Health,Central
2025-03-05,Designer Jeans,2,196.41,43,Apparel,East
2025-03-05,Designer Jeans,1,90.32,43,Apparel,West
2025-03-05,Yoga Mat,4,152.82,36,Health,East
2025-03-05,Ergonomic Chair,0,0.0,16,Furniture,West
2025-03-05,Coffee Table,7,1139.16,25,Furniture,Central
2025-03-05,SmartPhone X,3,2171.05,33,Electronics,West
2025-03-05,Multivitamins,5,113.02,101,Health,Central
2025-03-05,Coffee Table,2,381.28,21,Furniture,East
2025-03-05,Laptop Pro,0,0.0,12,Electronics,West
2025-03-05,Laptop Pro,4,5239.59,29,Electronics,East
2025-03-05,Laptop Pro,6,7051.72,17,Electronics,North
2025-03-05,Multivitamins,7,168.18,106,Health,South
2025-03-05,Running Shoes,12,1345.85,28,Apparel,Central
2025-03-05,Running Shoes,10,1214.44,44,Apparel,South
2025-03-05,Laptop Pro,0,0.0,27,Electronics,East
2025-03-05,Protein Powder,4,145.9,89,Health,East
2025-03-05,Protein Powder,6,232.06,72,Health,North
2025-03-05,Running Shoes,10,1148.44,42,Apparel,East
2025-03-05,SmartPhone X,7,5532.36,30,Electronics,Central
2025-03-05,Ergonomic Chair,6,1503.87,27,Furniture,North
2025-03-05,Office Desk,6,2228.44,11,Furniture,South
2025-03-05,Protein Powder,0,0.0,86,Health,West
2025-03-05,Designer Jeans,3,287.85,66,Apparel,South
2025-03-05,Designer Jeans,0,0.0,59,Apparel,Central
2025-03-05,Protein Powder,7,254.25,85,Health,West
2025-03-05,Coffee Table,4,753.26,24,Furniture,East
2025-03-05,SmartPhone X,4,3359.73,26,Electronics,North
2025-03-05,Protein Powder,4,159.28,85,Health,Central
2025-03-05,Ergonomic Chair,4,981.42,26,Furniture,West
2025-03-06,Coffee Table,7,1277.58,0,Furniture,West
2025-03-06,Winter Jacket,0,0.0,19,Apparel,South
2025-03-06,Designer Jeans,0,0.0,44,Apparel,Central
2025-03-06,Multivitamins,4,104.37,101,Health,East
2025-03-06,Wireless Earbuds,2,296.6,62,Electronics,South
2025-03-06,Yoga Mat,1,37.83,26,Health,East
2025-03-06,Multivitamins,5,132.53,114,Health,North
2025-03-06,Winter Jacket,0,0.0,18,Apparel,East
2025-03-06,Ergonomic Chair,7,1896.82,30,Furniture,North
2025-03-06,Office Desk,3,998.5,18,Furniture,South
2025-03-06,Coffee Table,6,1083.03,21,Furniture,Central
2025-03-06,Winter Jacket,4,606.2,19,Apparel,Central
2025-03-06,Laptop Pro,1,1084.49,33,Electronics,North
2025-03-06,Coffee Table,4,724.54,10,Furniture,East
2025-03-06,Running Shoes,6,679.8,42,Apparel,East
2025-03-06,Laptop Pro,4,5267.26,21,Electronics,North
2025-03-06,Laptop Pro,3,3759.79,18,Electronics,North
2025-03-06,Designer Jeans,7,655.02,65,Apparel,Central
2025-03-06,Wireless Earbuds,6,859.7,62,Electronics,North
2025-03-06,Ergonomic Chair,0,0.0,33,Furniture,Central
2025-03-06,SmartPhone X,3,2355.19,36,Electronics,East
2025-03-06,Laptop Pro,2,2322.0,35,Electronics,Central
2025-03-06,Winter Jacket,0,0.0,26,Apparel,West
2025-03-06,Office Desk,3,1013.9,10,Furniture,West
2025-03-06,Office Desk,7,2241.33,18,Furniture,Central
2025-03-06,Ergonomic Chair,1,271.04,11,Furniture,Central
2025-03-07,Winter Jacket,6,895.12,38,Apparel,South
2025-03-07,Protein Powder,0,0.0,93,Health,West
2025-03-07,Office Desk,4,1484.74,13,Furniture,North
2025-03-07,Designer Jeans,6,498.93,64,Apparel,South
2025-03-07,Winter Jacket,5,820.88,38,Apparel,West
2025-03-07,Protein Powder,0,0.0,90,Health,East
2025-03-07,Coffee Table,0,0.0,28,Furniture,Central
2025-03-07,Yoga Mat,6,192.85,37,Health,Central
2025-03-07,Coffee Table,5,979.31,23,Furniture,East
2025-03-07,Office Desk,7,2281.12,4,Furniture,Central
2025-03-07,Protein Powder,4,175.18,68,Health,North
2025-03-07,Designer Jeans,7,614.56,65,Apparel,South
2025-03-07,Wireless Earbuds,5,704.39,65,Electronics,East
2025-03-07,SmartPhone X,3,2638.28,22,Electronics,North
2025-03-07,Wireless Earbuds,3,442.14,69,Electronics,Central
2025-03-07,Multivitamins,4,97.62,91,Health,North
2025-03-07,Running Shoes,10,1207.41,33,Apparel,West
2025-03-07,Office Desk,3,1057.41,30,Furniture,East
2025-03-07,Coffee Table,6,1098.07,7,Furniture,Central
2025-03-08,Ergonomic Chair,7,1634.14,31,Furniture,North
2025-03-08,Yoga Mat,3,112.16,49,Health,West
2025-03-08,Running Shoes,8,989.76,44,Apparel,Central
2025-03-08,Designer Jeans,3,282.83,64,Apparel,Central
2025-03-08,Protein Powder,7,285.72,69,Health,West
2025-03-08,Winter Jacket,2,321.04,27,Apparel,East
2025-03-08,Multivitamins,6,147.39,94,Health,South
2025-03-08,Office Desk,1,379.86,15,Furniture,South
2025-03-08,Wireless Earbuds,1,156.2,69,Electronics,North
2025-03-08,Designer Jeans,1,92.24,43,Apparel,West
2025-03-09,Coffee Table,0,0.0,0,Furniture,Central
2025-03-09,Office Desk,4,1324.0,25,Furniture,East
2025-03-09,Designer Jeans,4,350.67,68,Apparel,West
2025-03-09,Coffee Table,1,179.52,22,Furniture,North
2025-03-09,Winter Jacket,0,0.0,42,Apparel,East
2025-03-09,Winter Jacket,1,152.31,32,Apparel,Central
2025-03-09,Yoga Mat,0,0.0,29,Health,Central
2025-03-09,Running Shoes,14,1770.2,34,Apparel,South
2025-03-09,Ergonomic Chair,4,950.26,30,Furniture,North
2025-03-09,Wireless Earbuds,6,962.54,64,Electronics,South
2025-03-10,Running Shoes,8,897.66,34,Apparel,West
2025-03-10,Ergonomic Chair,5,1275.09,25,Furniture,East
2025-03-10,Yoga Mat,6,203.96,32,Health,West
2025-03-10,Laptop Pro,3,3328.36,34,Electronics,West
2025-03-10,Office Desk,3,1057.86,4,Furniture,Central
2025-03-10,Coffee Table,4,741.87,24,Furniture,East
2025-03-10,Office Desk,4,1331.91,15,Furniture,North
2025-03-10,Winter Jacket,4,660.16,23,Apparel,East
2025-03-10,Coffee Table,0,0.0,25,Furniture,Central
2025-03-10,Coffee Table,0,0.0,28,Furniture,South
2025-03-10,Wireless Earbuds,4,555.25,56,Electronics,Central
2025-03-10,Winter Jacket,3,490.9,26,Apparel,East
2025-03-10,SmartPhone X,4,3283.23,49,Electronics,West
2025-03-10,SmartPhone X,5,4147.83,45,Electronics,East
2025-03-10,Running Shoes,4,475.4,32,Apparel,South
2025-03-10,SmartPhone X,7,5570.81,41,Electronics,Central
2025-03-10,Coffee Table,1,179.4,24,Furniture,East
2025-03-10,Wireless Earbuds,5,748.19,48,Electronics,South
2025-03-10,Laptop Pro,3,3489.62,26,Electronics,West
2025-03-10,Coffee Table,0,0.0,29,Furniture,West
2025-03-10,Laptop Pro,2,2622.58,13,Electronics,North
2025-03-10,Ergonomic Chair,6,1591.59,24,Furniture,East
2025-03-10,Laptop Pro,0,0.0,32,Electronics,West
2025-03-10,Laptop Pro,1,1144.61,19,Electronics,North
2025-03-11,Protein Powder,5,207.87,92,Health,South
2025-03-11,Wireless Earbuds,2,290.01,42,Electronics,East
2025-03-11,Protein Powder,0,0.0,69,Health,South
2025-03-11,Protein Powder,0,0.0,81,Health,East
2025-03-11,Yoga Mat,2,76.03,42,Health,South
2025-03-11,Yoga Mat,4,142.67,40,Health,East
2025-03-11,Office Desk,0,0.0,4,Furniture,Central
2025-03-11,Coffee Table,0,0.0,27,Furniture,North
2025-03-11,Wireless Earbuds,4,546.15,65,Electronics,South
2025-03-11,Coffee Table,3,494.1,18,Furniture,North
2025-03-11,SmartPhone X,3,2608.24,44,Electronics,North
2025-03-11,Laptop Pro,6,6953.2,34,Electronics,South
2025-03-11,Running Shoes,0,0.0,33,Apparel,South
2025-03-11,SmartPhone X,4,3518.19,39,Electronics,West
2025-03-11,Multivitamins,0,0.0,111,Health,South
2025-03-11,Laptop Pro,1,1198.24,34,Electronics,Central
2025-03-11,Protein Powder,6,216.42,86,Health,West
2025-03-12,Designer Jeans,5,465.24,68,Apparel,Central
2025-03-12,Office Desk,1,355.97,31,Furniture,West
2025-03-12,SmartPhone X,0,0.0,22,Electronics,North
2025-03-12,Designer Jeans,6,556.03,52,Apparel,North
2025-03-12,Winter Jacket,2,325.33,38,Apparel,Central
2025-03-12,Wireless Earbuds,7,1145.9,52,Electronics,South
2025-03-12,Running Shoes,14,1733.38,28,Apparel,East
2025-03-12,Yoga Mat,4,137.37,34,Health,North
2025-03-12,Yoga Mat,5,174.62,26,Health,South
2025-03-12,Winter Jacket,0,0.0,27,Apparel,South
2025-03-12,Coffee Table,4,651.44,6,Furniture,West
2025-03-12,Winter Jacket,3,500.51,38,Apparel,Central
2025-03-12,Coffee Table,4,723.37,22,Furniture,North
2025-03-12,Running Shoes,14,1683.97,31,Apparel,South
2025-03-12,Ergonomic Chair,4,953.2,8,Furniture,East
2025-03-13,Winter Jacket,2,349.47,29,Apparel,North
2025-03-13,Protein Powder,4,156.32,89,Health,West
2025-03-13,Multivitamins,1,25.22,112,Health,Central
2025-03-13,Yoga Mat,4,151.82,43,Health,Central
2025-03-13,Office Desk,0,0.0,22,Furniture,South
2025-03-13,Ergonomic Chair,7,1711.36,34,Furniture,North
2025-03-13,Winter Jacket,4,650.19,41,Apparel,North
2025-03-13,Multivitamins,2,45.12,111,Health,South
2025-03-13,Office Desk,6,1922.49,9,Furniture,West
2025-03-13,Wireless Earbuds,3,466.47,58,Electronics,East
2025-03-13,Ergonomic Chair,4,1074.25,14,Furniture,Central
2025-03-13,Yoga Mat,4,144.14,45,Health,West
2025-03-13,Laptop Pro,4,4692.18,30,Electronics,East
2025-03-13,Coffee Table,4,689.42,16,Furniture,South
2025-03-13,Protein Powder,6,256.85,93,Health,South
2025-03-13,Running Shoes,6,765.48,32,Apparel,East
2025-03-13,Winter Jacket,2,335.87,37,Apparel,West
2025-03-14,Yoga Mat,2,73.63,34,Health,East
2025-03-14,Office Desk,4,1453.12,9,Furniture,Central
2025-03-14,Yoga Mat,5,170.5,46,Health,West
2025-03-14,Office Desk,7,2206.66,31,Furniture,South
2025-03-14,Laptop Pro,5,6106.31,27,Electronics,West
2025-03-14,SmartPhone X,2,1745.9,25,Electronics,Central
2025-03-14,Wireless Earbuds,4,614.5,52,Electronics,North
2025-03-14,Office Desk,6,2169.56,16,Furniture,North
2025-03-14,Ergonomic Chair,2,501.69,21,Furniture,South
2025-03-14,Wireless Earbuds,5,771.43,68,Electronics,West
2025-03-14,SmartPhone X,4,3292.27,44,Electronics,South
2025-03-14,Multivitamins,7,172.26,90,Health,South
2025-03-14,Multivitamins,0,0.0,91,Health,East
2025-03-14,Ergonomic Chair,4,1007.81,17,Furniture,West
2025-03-14,Ergonomic Chair,1,239.9,29,Furniture,Central
2025-03-14,Running Shoes,8,1035.72,36,Apparel,East
2025-03-14,Running Shoes,8,895.05,51,Apparel,South
2025-03-14,Multivitamins,4,100.33,108,Health,South
2025-03-14,Protein Powder,4,148.0,84,Health,East
2025-03-15,Ergonomic Chair,0,0.0,14,Furniture,East
2025-03-15,Designer Jeans,3,258.93,53,Apparel,East
2025-03-15,Designer Jeans,4,334.42,67,Apparel,North
2025-03-15,Wireless Earbuds,6,850.24,64,Electronics,South
2025-03-15,Laptop Pro,5,6250.57,35,Electronics,Central
2025-03-15,Designer Jeans,7,613.41,48,Apparel,North
2025-03-15,Wireless Earbuds,4,638.94,54,Electronics,West
2025-03-15,Ergonomic Chair,7,1767.66,28,Furniture,West
2025-03-15,Running Shoes,10,1246.86,42,Apparel,East
2025-03-15,Protein Powder,6,218.78,72,Health,North
2025-03-15,Winter Jacket,1,159.05,37,Apparel,West
2025-03-15,Yoga Mat,4,138.76,40,Health,Central
2025-03-15,Ergonomic Chair,2,538.72,29,Furniture,East
2025-03-15,Protein Powder,6,241.98,81,Health,West
2025-03-16,Office Desk,3,1018.47,8,Furniture,East
2025-03-16,Yoga Mat,7,249.02,46,Health,North
2025-03-16,Running Shoes,6,656.87,53,Apparel,North
2025-03-16,Designer Jeans,1,94.41,45,Apparel,North
2025-03-16,SmartPhone X,6,4516.58,29,Electronics,North
2025-03-16,Office Desk,4,1272.13,3,Furniture,Central
2025-03-16,Protein Powder,4,160.97,78,Health,South
2025-03-16,Wireless Earbuds,4,596.52,61,Electronics,West
2025-03-16,Running Shoes,4,470.8,48,Apparel,South
2025-03-16,Laptop Pro,7,8773.84,13,Electronics,South
2025-03-17,Yoga Mat,5,188.28,39,Health,West
2025-03-17,Winter Jacket,0,0.0,40,Apparel,North
2025-03-17,SmartPhone X,0,0.0,25,Electronics,South
2025-03-17,Wireless Earbuds,6,934.22,62,Electronics,West
2025-03-17,Ergonomic Chair,3,790.21,34,Furniture,West
2025-03-17,Coffee Table,2,360.58,11,Furniture,Central
2025-03-17,Multivitamins,6,150.87,97,Health,South
2025-03-17,Yoga Mat,2,75.94,47,Health,East
2025-03-17,Coffee Table,1,188.28,18,Furniture,West
2025-03-17,Laptop Pro,7,7712.36,12,Electronics,South
2025-03-17,Running Shoes,10,1170.22,49,Apparel,East
2025-03-17,Laptop Pro,6,6771.9,24,Electronics,South
2025-03-17,SmartPhone X,0,0.0,25,Electronics,South
2025-03-17,Coffee Table,0,0.0,19,Furniture,West
2025-03-17,Yoga Mat,1,36.86,33,Health,West
2025-03-18,Multivitamins,1,26.1,90,Health,West
2025-03-18,Office Desk,2,730.13,25,Furniture,Central
2025-03-18,Office Desk,3,1113.79,24,Furniture,North
2025-03-18,Yoga Mat,6,214.63,48,Health,West
2025-03-18,Yoga Mat,7,258.39,42,Health,South
2025-03-18,Coffee Table,4,679.99,8,Furniture,Central
2025-03-18,Coffee Table,5,919.42,23,Furniture,North
2025-03-18,Wireless Earbuds,7,1050.04,54,Electronics,Central
2025-03-18,Winter Jacket,4,644.34,26,Apparel,North
2025-03-18,Office Desk,6,2002.13,11,Furniture,East
2025-03-18,Wireless Earbuds,3,407.19,66,Electronics,South
2025-03-18,Multivitamins,0,0.0,109,Health,North
2025-03-18,Running Shoes,8,1041.37,53,Apparel,South
2025-03-18,Wireless Earbuds,5,799.69,62,Electronics,South
2025-03-18,Designer Jeans,3,269.81,59,Apparel,West
2025-03-18,Running Shoes,12,1379.1,38,Apparel,Central
2025-03-18,Winter Jacket,4,628.51,36,Apparel,North
2025-03-18,SmartPhone X,7,5719.58,40,Electronics,Central
2025-03-18,Wireless Earbuds,7,1031.51,57,Electronics,South
2025-03-18,Running Shoes,0,0.0,31,Apparel,Central
2025-03-18,Designer Jeans,4,340.33,40,Apparel,East
2025-03-18,SmartPhone X,4,3156.87,25,Electronics,East
2025-03-19,Ergonomic Chair,4,1046.41,24,Furniture,East
2025-03-19,Wireless Earbuds,6,868.19,46,Electronics,South
2025-03-19,SmartPhone X,7,5763.9,25,Electronics,Central
2025-03-19,Winter Jacket,4,697.63,19,Apparel,West
2025-03-19,Ergonomic Chair,3,741.28,17,Furniture,South
2025-03-19,Laptop Pro,6,6714.62,19,Electronics,South
2025-03-19,Multivitamins,2,46.39,86,Health,Central
2025-03-19,Multivitamins,7,186.78,108,Health,Central
2025-03-19,Coffee Table,6,1022.22,15,Furniture,West
2025-03-19,SmartPhone X,5,3951.83,20,Electronics,North
2025-03-19,Winter Jacket,7,1127.73,25,Apparel,West
2025-03-19,Winter Jacket,2,332.24,22,Apparel,South
2025-03-19,Running Shoes,0,0.0,31,Apparel,West
2025-03-19,Coffee Table,4,686.2,8,Furniture,South
2025-03-19,Designer Jeans,0,0.0,42,Apparel,North
2025-03-19,Protein Powder,2,76.56,81,Health,West
2025-03-19,Protein Powder,2,82.32,64,Health,South
2025-03-19,Office Desk,2,730.98,12,Furniture,Central
2025-03-19,Running Shoes,0,0.0,37,Apparel,South
2025-03-19,Laptop Pro,0,0.0,16,Electronics,South
2025-03-20,SmartPhone X,4,2939.47,43,Electronics,South
2025-03-20,Ergonomic Chair,5,1184.86,12,Furniture,East
2025-03-20,Winter Jacket,0,0.0,42,Apparel,East
2025-03-20,Ergonomic Chair,3,766.63,34,Furniture,South
2025-03-20,Wireless Earbuds,7,1085.0,46,Electronics,South
2025-03-20,Winter Jacket,2,336.22,38,Apparel,East
2025-03-20,SmartPhone X,4,3045.26,32,Electronics,North
2025-03-20,Coffee Table,5,896.71,2,Furniture,North
2025-03-20,Office Desk,4,1468.89,28,Furniture,North
2025-03-20,Laptop Pro,5,6252.33,36,Electronics,East
2025-03-20,Coffee Table,1,187.67,7,Furniture,Central
2025-03-20,Running Shoes,8,980.51,31,Apparel,South
2025-03-20,Designer Jeans,4,356.89,51,Apparel,North
2025-03-20,Designer Jeans,5,445.15,43,Apparel,South
2025-03-20,Winter Jacket,5,762.7,41,Apparel,West
2025-03-20,Laptop Pro,7,8367.17,15,Electronics,East
2025-03-20,Wireless Earbuds,2,316.83,51,Electronics,West
2025-03-20,Office Desk,5,1691.95,16,Furniture,West
2025-03-20,Winter Jacket,0,0.0,41,Apparel,North
2025-03-20,Wireless Earbuds,6,918.75,39,Electronics,West
2025-03-20,Ergonomic Chair,3,685.77,35,Furniture,East
2025-03-20,Running Shoes,10,1175.65,49,Apparel,East
2025-03-20,Laptop Pro,5,6125.18,37,Electronics,West
2025-03-20,Designer Jeans,3,285.91,51,Apparel,North
2025-03-20,Protein Powder,1,36.16,83,Health,West
2025-03-20,Winter Jacket,6,871.23,35,Apparel,West
2025-03-20,Ergonomic Chair,4,1052.6,22,Furniture,West
2025-03-20,Yoga Mat,4,131.6,31,Health,East
2025-03-20,Coffee Table,2,347.34,24,Furniture,Central
2025-03-21,Winter Jacket,7,1201.65,28,Apparel,South
2025-03-21,Winter Jacket,0,0.0,17,Apparel,East
2025-03-21,Winter Jacket,5,785.14,15,Apparel,East
2025-03-21,Ergonomic Chair,5,1369.56,28,Furniture,West
2025-03-21,SmartPhone X,7,5081.52,20,Electronics,North
2025-03-21,Laptop Pro,5,5858.43,29,Electronics,North
2025-03-21,Laptop Pro,4,4896.36,28,Electronics,North
2025-03-21,Multivitamins,4,102.61,92,Health,East
2025-03-21,Office Desk,1,377.07,10,Furniture,North
2025-03-21,Running Shoes,4,439.58,33,Apparel,West
2025-03-21,Coffee Table,0,0.0,6,Furniture,North
2025-03-21,Designer Jeans,4,370.87,57,Apparel,North
2025-03-21,Protein Powder,0,0.0,86,Health,Central
2025-03-21,Multivitamins,7,164.26,87,Health,West
2025-03-21,Office Desk,4,1462.48,7,Furniture,Central
2025-03-21,Multivitamins,4,96.64,95,Health,South
2025-03-21,Multivitamins,0,0.0,113,Health,Central
2025-03-22,Laptop Pro,4,4675.97,14,Electronics,East
2025-03-22,Winter Jacket,0,0.0,15,Apparel,North
2025-03-22,Protein Powder,0,0.0,70,Health,South
2025-03-22,Laptop Pro,2,2421.36,12,Electronics,West
2025-03-22,Winter Jacket,3,476.61,19,Apparel,West
2025-03-22,Running Shoes,8,934.05,49,Apparel,East
2025-03-22,Wireless Earbuds,2,292.73,50,Electronics,North
2025-03-22,Protein Powder,7,271.82,85,Health,West
2025-03-22,Running Shoes,6,779.18,31,Apparel,Central
2025-03-22,Multivitamins,3,69.22,90,Health,East
2025-03-22,Multivitamins,2,54.31,91,Health,East
2025-03-23,Multivitamins,7,170.98,109,Health,East
2025-03-23,Designer Jeans,4,370.96,38,Apparel,East
2025-03-23,Running Shoes,8,932.69,47,Apparel,South
2025-03-23,Winter Jacket,7,1164.64,38,Apparel,West
2025-03-23,Protein Powder,3,119.87,82,Health,North
2025-03-23,Running Shoes,0,0.0,53,Apparel,East
2025-03-23,Protein Powder,7,252.97,64,Health,West
2025-03-23,Office Desk,4,1496.89,17,Furniture,East
2025-03-23,Protein Powder,2,75.67,84,Health,North
2025-03-23,SmartPhone X,6,4923.73,34,Electronics,East
2025-03-23,Designer Jeans,6,509.3,63,Apparel,East
2025-03-23,Multivitamins,7,182.27,104,Health,South
2025-03-24,Wireless Earbuds,5,760.33,52,Electronics,North
2025-03-24,Winter Jacket,5,768.91,20,Apparel,East
2025-03-24,Office Desk,2,710.16,4,Furniture,South
2025-03-24,Laptop Pro,3,3501.64,23,Electronics,East
2025-03-24,Designer Jeans,3,257.94,62,Apparel,North
2025-03-24,Wireless Earbuds,2,285.51,46,Electronics,Central
2025-03-24,Designer Jeans,0,0.0,45,Apparel,Central
2025-03-24,Coffee Table,3,543.99,7,Furniture,East
2025-03-24,Multivitamins,1,24.28,99,Health,East
2025-03-24,Running Shoes,4,514.49,35,Apparel,West
2025-03-24,Yoga Mat,3,98.27,27,Health,North
2025-03-24,Ergonomic Chair,3,786.73,14,Furniture,Central
2025-03-24,Office Desk,4,1267.2,25,Furniture,Central
2025-03-24,Ergonomic Chair,5,1234.07,30,Furniture,East
2025-03-24,Running Shoes,14,1619.32,26,Apparel,Central
2025-03-24,Coffee Table,5,974.64,4,Furniture,South
2025-03-24,Wireless Earbuds,5,794.63,66,Electronics,North
2025-03-24,Yoga Mat,3,103.92,21,Health,West
2025-03-24,Yoga Mat,2,74.52,20,Health,West
2025-03-24,Winter Jacket,3,484.1,39,Apparel,West
2025-03-24,Protein Powder,5,183.34,68,Health,Central
2025-03-24,Ergonomic Chair,2,502.01,13,Furniture,East
2025-03-24,Winter Jacket,1,149.7,31,Apparel,East
2025-03-24,Yoga Mat,3,97.04,26,Health,North
2025-03-25,Protein Powder,6,221.38,85,Health,East
2025-03-25,Coffee Table,0,0.0,14,Furniture,North
2025-03-25,Ergonomic Chair,4,958.55,23,Furniture,West
2025-03-25,Designer Jeans,2,191.1,55,Apparel,East
2025-03-25,Laptop Pro,6,7600.03,18,Electronics,Central
2025-03-25,Office Desk,1,318.52,22,Furniture,South
2025-03-25,Running Shoes,0,0.0,34,Apparel,East
2025-03-25,SmartPhone X,4,3149.51,19,Electronics,Central
2025-03-25,Laptop Pro,0,0.0,31,Electronics,North
2025-03-25,Coffee Table,4,759.94,17,Furniture,South
2025-03-25,Office Desk,4,1483.13,19,Furniture,Central
2025-03-25,Coffee Table,3,545.91,6,Furniture,East
2025-03-25,Multivitamins,4,101.6,113,Health,South
2025-03-25,Coffee Table,6,1102.77,17,Furniture,West
2025-03-25,Multivitamins,2,49.55,108,Health,Central
2025-03-25,Protein Powder,4,166.95,76,Health,South
2025-03-25,Laptop Pro,1,1179.42,8,Electronics,East
2025-03-25,Office Desk,4,1265.16,29,Furniture,South
2025-03-25,Ergonomic Chair,4,1020.95,8,Furniture,West
2025-03-25,Wireless Earbuds,1,149.23,54,Electronics,North
2025-03-25,Protein Powder,3,126.76,78,Health,North
2025-03-25,Yoga Mat,6,191.1,41,Health,South
2025-03-25,Multivitamins,2,54.18,99,Health,South
2025-03-25,Ergonomic Chair,1,262.61,11,Furniture,South
2025-03-26,Coffee Table,1,189.12,8,Furniture,Central
2025-03-26,Designer Jeans,5,443.21,51,Apparel,Central
2025-03-26,Yoga Mat,2,74.81,42,Health,East
2025-03-26,Ergonomic Chair,4,904.96,19,Furniture,South
2025-03-26,Yoga Mat,1,35.39,26,Health,North
2025-03-26,Yoga Mat,2,74.93,26,Health,North
2025-03-26,Laptop Pro,4,5170.24,24,Electronics,West
2025-03-26,Designer Jeans,1,86.97,54,Apparel,West
2025-03-26,Multivitamins,4,102.67,87,Health,North
2025-03-26,Protein Powder,7,252.07,89,Health,Central
2025-03-26,SmartPhone X,7,5079.27,28,Electronics,South
2025-03-26,Winter Jacket,1,157.41,31,Apparel,Central
2025-03-26,Protein Powder,3,128.38,68,Health,West
2025-03-26,SmartPhone X,4,3063.39,25,Electronics,North
2025-03-26,Coffee Table,4,710.5,2,Furniture,Central
2025-03-26,Multivitamins,3,77.48,95,Health,North
2025-03-26,Running Shoes,8,917.16,46,Apparel,South
2025-03-26,Ergonomic Chair,2,492.31,10,Furniture,Central
2025-03-26,Running Shoes,8,945.57,42,Apparel,Central
2025-03-26,Designer Jeans,1,87.42,55,Apparel,North
2025-03-26,Running Shoes,0,0.0,44,Apparel,West
2025-03-26,Office Desk,5,1673.98,13,Furniture,East
2025-03-26,Office Desk,6,1972.89,3,Furniture,Central
2025-03-26,Ergonomic Chair,3,772.91,26,Furniture,Central
2025-03-26,Winter Jacket,4,682.5,32,Apparel,Central
2025-03-26,SmartPhone X,4,3081.33,22,Electronics,South
2025-03-26,Laptop Pro,1,1126.48,24,Electronics,North
2025-03-26,Designer Jeans,1,85.53,59,Apparel,South
2025-03-26,Ergonomic Chair,1,231.67,20,Furniture,North
2025-03-27,Laptop Pro,0,0.0,29,Electronics,North
2025-03-27,Wireless Earbuds,5,679.04,50,Electronics,East
2025-03-27,Wireless Earbuds,4,624.51,60,Electronics,Central
2025-03-27,Laptop Pro,6,7394.18,18,Electronics,West
2025-03-27,Laptop Pro,4,4975.38,26,Electronics,West
2025-03-27,Multivitamins,6,138.51,87,Health,North
2025-03-27,Ergonomic Chair,6,1362.76,19,Furniture,Central
2025-03-27,Yoga Mat,5,182.86,35,Health,South
2025-03-27,Office Desk,4,1345.63,13,Furniture,West
2025-03-27,Yoga Mat,7,266.6,26,Health,East
2025-03-27,Yoga Mat,2,68.66,22,Health,South
2025-03-27,Wireless Earbuds,4,594.87,61,Electronics,North
2025-03-27,Laptop Pro,4,4990.67,8,Electronics,East
2025-03-27,Designer Jeans,3,248.41,43,Apparel,Central
2025-03-27,SmartPhone X,6,5215.24,23,Electronics,West
2025-03-27,Winter Jacket,2,302.95,20,Apparel,East
2025-03-27,Designer Jeans,5,448.38,54,Apparel,South
2025-03-27,Office Desk,4,1519.85,12,Furniture,East
2025-03-27,Office Desk,6,1939.25,22,Furniture,South
2025-03-27,Multivitamins,3,69.05,84,Health,South
2025-03-27,Designer Jeans,2,168.78,51,Apparel,East
2025-03-27,SmartPhone X,3,2305.0,47,Electronics,West
2025-03-27,Running Shoes,4,473.48,25,Apparel,East
2025-03-27,Coffee Table,5,814.87,15,Furniture,East
2025-03-27,SmartPhone X,6,5225.01,43,Electronics,South
2025-03-27,Coffee Table,3,556.52,13,Furniture,West
2025-03-27,Ergonomic Chair,5,1198.79,19,Furniture,East
2025-03-28,Winter Jacket,4,665.34,20,Apparel,Central
2025-03-28,Designer Jeans,0,0.0,64,Apparel,North
2025-03-28,Laptop Pro,4,4500.94,15,Electronics,North
2025-03-28,Protein Powder,3,130.88,84,Health,Central
2025-03-28,Ergonomic Chair,5,1228.33,16,Furniture,East
2025-03-28,Protein Powder,3,130.42,76,Health,Central
2025-03-28,Multivitamins,7,191.12,88,Health,West
2025-03-28,Office Desk,0,0.0,11,Furniture,West
2025-03-28,Wireless Earbuds,0,0.0,38,Electronics,West
2025-03-28,Winter Jacket,1,151.51,38,Apparel,East
2025-03-28,Running Shoes,14,1685.59,36,Apparel,East
2025-03-28,Wireless Earbuds,0,0.0,40,Electronics,North
2025-03-28,Laptop Pro,4,4999.81,22,Electronics,East
2025-03-28,Yoga Mat,4,145.64,18,Health,East
2025-03-28,Office Desk,4,1356.52,19,Furniture,South
2025-03-28,Multivitamins,3,67.7,84,Health,Central
2025-03-28,Wireless Earbuds,0,0.0,43,Electronics,East
2025-03-28,SmartPhone X,4,3328.57,36,Electronics,East
2025-03-28,Winter Jacket,7,1069.79,27,Apparel,Central
2025-03-28,Winter Jacket,1,150.63,37,Apparel,North
2025-03-28,Ergonomic Chair,4,1053.59,17,Furniture,West
2025-03-28,Office Desk,3,1007.4,26,Furniture,North
2025-03-28,Coffee Table,1,193.44,13,Furniture,North
2025-03-28,SmartPhone X,6,5127.55,38,Electronics,East
2025-03-28,Running Shoes,10,1120.65,33,Apparel,East
2025-03-28,Designer Jeans,2,175.04,61,Apparel,North
2025-03-29,Ergonomic Chair,0,0.0,14,Furniture,South
2025-03-29,Ergonomic Chair,6,1350.19,28,Furniture,North
2025-03-29,Designer Jeans,4,354.99,53,Apparel,North
2025-03-29,Multivitamins,2,54.67,106,Health,West
2025-03-29,Coffee Table,6,997.28,6,Furniture,South
2025-03-29,Office Desk,4,1510.76,2,Furniture,North
2025-03-29,Laptop Pro,7,8566.33,34,Electronics,East
2025-03-29,Designer Jeans,5,458.64,58,Apparel,Central
2025-03-29,Running Shoes,0,0.0,38,Apparel,North
2025-03-29,Office Desk,6,2182.26,28,Furniture,North
2025-03-30,Laptop Pro,3,3812.81,28,Electronics,North
2025-03-30,SmartPhone X,5,3768.59,41,Electronics,East
2025-03-30,Ergonomic Chair,1,248.88,35,Furniture,Central
2025-03-30,Yoga Mat,1,34.45,46,Health,Central
2025-03-30,Running Shoes,2,221.96,45,Apparel,West
2025-03-30,Running Shoes,8,1025.48,45,Apparel,South
2025-03-30,Designer Jeans,6,505.11,52,Apparel,North
2025-03-30,Yoga Mat,6,191.3,39,Health,North
2025-03-30,Winter Jacket,6,1037.75,29,Apparel,South
2025-03-30,Winter Jacket,4,636.47,20,Apparel,North
2025-03-30,Wireless Earbuds,5,773.22,45,Electronics,South
2025-03-30,Laptop Pro,4,5050.35,28,Electronics,South
2025-03-30,Wireless Earbuds,1,160.15,36,Electronics,East
2025-03-30,Wireless Earbuds,7,1042.09,50,Electronics,West
2025-03-30,Office Desk,4,1312.44,9,Furniture,Central
2025-03-30,Protein Powder,7,268.56,83,Health,West
2025-03-30,Ergonomic Chair,4,1054.47,7,Furniture,East
2025-03-30,Yoga Mat,5,179.44,20,Health,North
2025-03-31,Office Desk,5,1780.95,11,Furniture,West
2025-03-31,Designer Jeans,5,441.99,46,Apparel,North
2025-03-31,Office Desk,3,948.57,23,Furniture,Central
2025-03-31,Yoga Mat,5,184.5,43,Health,Central
2025-03-31,SmartPhone X,3,2346.53,36,Electronics,West
2025-03-31,Wireless Earbuds,7,1012.54,53,Electronics,North
2025-03-31,Protein Powder,4,158.8,77,Health,South
2025-03-31,Wireless Earbuds,0,0.0,53,Electronics,West
2025-03-31,Designer Jeans,4,356.26,44,Apparel,West
2025-03-31,Designer Jeans,2,193.52,41,Apparel,South
2025-03-31,SmartPhone X,2,1644.81,25,Electronics,West
2025-03-31,Protein Powder,1,36.73,86,Health,West
2025-03-31,Laptop Pro,1,1183.52,34,Electronics,West
2025-03-31,SmartPhone X,6,4341.1,23,Electronics,East
2025-03-31,Laptop Pro,4,4595.64,37,Electronics,South
2025-03-31,Winter Jacket,0,0.0,31,Apparel,East
2025-03-31,Designer Jeans,3,290.13,45,Apparel,North
2025-03-31,Laptop Pro,1,1276.21,23,Electronics,West
2025-03-31,Ergonomic Chair,0,0.0,32,Furniture,South
2025-03-31,Protein Powder,1,41.45,64,Health,South
2025-03-31,SmartPhone X,4,3193.94,22,Electronics,South
2025-03-31,Designer Jeans,5,456.74,41,Apparel,East
2025-03-31,Coffee Table,4,717.54,18,Furniture,West
2025-03-31,Coffee Table,6,1012.14,20,Furniture,East
2025-04-01,Ergonomic Chair,2,523.31,24,Furniture,West
2025-04-01,Designer Jeans,7,673.87,38,Apparel,South
2025-04-01,Ergonomic Chair,3,711.47,6,Furniture,Central
2025-04-01,Winter Jacket,4,691.28,19,Apparel,East
2025-04-01,Laptop Pro,7,8931.76,13,Electronics,North
2025-04-01,Laptop Pro,4,5063.7,0,Electronics,East
2025-04-01,Ergonomic Chair,7,1856.73,12,Furniture,Central
2025-04-01,Designer Jeans,6,506.09,63,Apparel,Central
2025-04-01,Coffee Table,6,1059.4,23,Furniture,North
2025-04-01,Protein Powder,6,257.29,62,Health,East
2025-04-01,Coffee Table,5,911.76,4,Furniture,South
2025-04-01,Wireless Earbuds,7,1066.76,49,Electronics,Central
2025-04-01,Winter Jacket,2,294.87,33,Apparel,North
2025-04-01,Winter Jacket,1,167.42,16,Apparel,North
2025-04-01,SmartPhone X,2,1540.28,25,Electronics,East
2025-04-02,Winter Jacket,3,439.04,20,Apparel,North
2025-04-02,Winter Jacket,3,452.59,13,Apparel,West
2025-04-02,Winter Jacket,7,1191.18,36,Apparel,West
2025-04-02,Running Shoes,2,261.01,24,Apparel,South
2025-04-02,Office Desk,1,316.39,2,Furniture,Central
2025-04-02,Yoga Mat,4,153.21,38,Health,North
2025-04-02,Designer Jeans,7,591.86,48,Apparel,North
2025-04-02,Office Desk,9,3147.82,3,Furniture,West
2025-04-02,Ergonomic Chair,5,1219.11,14,Furniture,East
2025-04-02,Wireless Earbuds,3,419.21,53,Electronics,Central
2025-04-02,SmartPhone X,9,7038.53,36,Electronics,East
2025-04-02,Designer Jeans,1,87.31,43,Apparel,West
2025-04-02,Designer Jeans,6,523.02,62,Apparel,East
2025-04-02,Protein Powder,3,124.88,70,Health,East
2025-04-02,Multivitamins,7,175.32,90,Health,Central
2025-04-02,Wireless Earbuds,1,143.95,45,Electronics,North
2025-04-02,Laptop Pro,8,9380.24,12,Electronics,Central
2025-04-02,Laptop Pro,3,3840.3,5,Electronics,East
2025-04-02,Yoga Mat,9,299.68,33,Health,South
2025-04-02,Coffee Table,7,1155.32,16,Furniture,East
2025-04-03,Yoga Mat,4,140.01,33,Health,West
2025-04-03,Laptop Pro,6,7762.69,2,Electronics,Central
2025-04-03,Yoga Mat,2,75.18,39,Health,North
2025-04-03,Coffee Table,3,488.33,11,Furniture,North
2025-04-03,Multivitamins,3,81.49,99,Health,South
2025-04-03,Coffee Table,6,1113.67,17,Furniture,South
2025-04-03,Running Shoes,6,680.29,46,Apparel,West
2025-04-03,Wireless Earbuds,6,844.23,42,Electronics,Central
2025-04-03,Protein Powder,2,79.53,82,Health,West
2025-04-03,Office Desk,4,1284.47,7,Furniture,South
2025-04-03,Designer Jeans,9,816.34,41,Apparel,West
2025-04-03,SmartPhone X,6,4547.47,28,Electronics,East
2025-04-03,Multivitamins,6,164.41,105,Health,Central
2025-04-03,Laptop Pro,3,3867.59,8,Electronics,West
2025-04-03,Yoga Mat,5,170.02,29,Health,West
2025-04-03,SmartPhone X,8,6184.96,25,Electronics,West
2025-04-03,Yoga Mat,7,264.08,19,Health,South
2025-04-04,Multivitamins,3,69.08,88,Health,North
2025-04-04,Laptop Pro,9,9737.05,8,Electronics,South
2025-04-04,Wireless Earbuds,2,274.47,55,Electronics,Central
2025-04-04,Protein Powder,6,261.99,83,Health,Central
2025-04-04,Office Desk,2,652.6,11,Furniture,Central
2025-04-04,Office Desk,8,2729.34,3,Furniture,South
2025-04-04,SmartPhone X,7,5884.52,20,Electronics,West
2025-04-04,Laptop Pro,9,9828.82,7,Electronics,East
2025-04-04,Multivitamins,5,114.87,82,Health,North
2025-04-04,Multivitamins,7,169.39,85,Health,North
2025-04-04,Coffee Table,2,368.17,4,Furniture,North
2025-04-04,Running Shoes,16,1921.46,34,Apparel,East
2025-04-04,Running Shoes,4,483.95,37,Apparel,Central
2025-04-04,Protein Powder,6,223.83,70,Health,South
2025-04-04,Winter Jacket,9,1544.86,23,Apparel,West
2025-04-04,Yoga Mat,8,261.77,21,Health,Central
2025-04-05,Laptop Pro,4,5275.66,14,Electronics,West
2025-04-05,Running Shoes,4,506.92,29,Apparel,East
2025-04-05,Coffee Table,5,857.0,17,Furniture,North
2025-04-05,Running Shoes,6,671.28,34,Apparel,South
2025-04-05,Designer Jeans,5,480.87,37,Apparel,North
2025-04-05,Office Desk,4,1421.9,3,Furniture,East
2025-04-05,Running Shoes,6,665.85,37,Apparel,North
2025-04-05,Coffee Table,9,1504.32,5,Furniture,South
2025-04-05,Designer Jeans,9,746.43,39,Apparel,East
2025-04-05,Winter Jacket,1,156.31,19,Apparel,West
2025-04-05,Protein Powder,9,361.35,80,Health,West
2025-04-06,Office Desk,5,1798.51,1,Furniture,South
2025-04-06,Laptop Pro,1,1135.12,14,Electronics,South
2025-04-06,Multivitamins,7,159.54,81,Health,North
2025-04-06,Running Shoes,14,1517.37,52,Apparel,North
2025-04-06,Wireless Earbuds,7,1138.08,49,Electronics,West
2025-04-06,Coffee Table,4,739.43,5,Furniture,West
2025-04-06,Ergonomic Chair,9,2054.65,19,Furniture,East
2025-04-06,Multivitamins,4,97.08,102,Health,Central
2025-04-06,Protein Powder,7,259.02,75,Health,East
2025-04-06,Protein Powder,6,253.81,68,Health,Central
2025-04-06,Designer Jeans,3,287.44,51,Apparel,East
2025-04-06,Winter Jacket,7,1160.99,29,Apparel,North
2025-04-06,Wireless Earbuds,1,161.75,36,Electronics,Central
2025-04-06,SmartPhone X,5,4372.17,29,Electronics,West
2025-04-06,Office Desk,8,2963.47,2,Furniture,Central
2025-04-06,Coffee Table,2,353.88,27,Furniture,North
2025-04-06,SmartPhone X,9,6793.78,33,Electronics,Central
2025-04-07,Protein Powder,3,125.38,79,Health,North
2025-04-07,Ergonomic Chair,5,1240.68,18,Furniture,West
2025-04-07,Ergonomic Chair,6,1581.84,33,Furniture,East
2025-04-07,Wireless Earbuds,2,272.5,52,Electronics,South
2025-04-07,Coffee Table,3,538.67,21,Furniture,North
2025-04-07,Designer Jeans,8,682.95,49,Apparel,East
2025-04-07,SmartPhone X,5,4155.14,41,Electronics,Central
2025-04-07,Designer Jeans,6,581.05,61,Apparel,North
2025-04-07,Coffee Table,9,1573.88,5,Furniture,East
2025-04-07,Coffee Table,2,340.02,24,Furniture,North
2025-04-07,Protein Powder,2,72.18,82,Health,South
2025-04-07,Office Desk,9,3257.91,2,Furniture,Central
2025-04-07,Office Desk,3,1100.44,7,Furniture,West
2025-04-07,Laptop Pro,2,2205.48,13,Electronics,South
2025-04-07,Designer Jeans,2,166.6,54,Apparel,North
2025-04-07,Coffee Table,5,984.85,0,Furniture,West
2025-04-07,Coffee Table,2,370.37,11,Furniture,North
2025-04-07,Coffee Table,5,981.27,12,Furniture,Central
2025-04-07,Wireless Earbuds,9,1262.22,45,Electronics,South
2025-04-07,Multivitamins,7,173.13,99,Health,East
2025-04-07,Running Shoes,14,1829.08,37,Apparel,East
2025-04-07,Office Desk,9,3138.23,0,Furniture,North
2025-04-07,Protein Powder,6,250.03,59,Health,West
2025-04-07,SmartPhone X,7,6034.82,21,Electronics,East
2025-04-07,SmartPhone X,6,4968.26,16,Electronics,West
2025-04-08,Designer Jeans,8,774.1,53,Apparel,West
2025-04-08,SmartPhone X,2,1538.65,45,Electronics,West
2025-04-08,Multivitamins,7,168.2,107,Health,West
2025-04-08,Ergonomic Chair,5,1275.33,25,Furniture,South
2025-04-08,Laptop Pro,9,11877.3,2,Electronics,South
2025-04-08,Coffee Table,2,341.19,26,Furniture,Central
2025-04-08,Yoga Mat,8,253.1,19,Health,East
2025-04-08,Multivitamins,5,119.74,104,Health,North
2025-04-08,Ergonomic Chair,2,463.77,16,Furniture,East
2025-04-08,Office Desk,1,372.08,3,Furniture,South
2025-04-08,Running Shoes,4,456.56,47,Apparel,West
2025-04-08,Protein Powder,2,81.39,70,Health,Central
2025-04-08,Winter Jacket,5,749.89,20,Apparel,West
2025-04-08,Designer Jeans,2,182.98,35,Apparel,Central
2025-04-08,Coffee Table,5,845.22,16,Furniture,East
2025-04-08,Office Desk,2,654.88,5,Furniture,West
2025-04-08,SmartPhone X,7,5300.63,34,Electronics,North
2025-04-09,Ergonomic Chair,1,232.26,31,Furniture,North
2025-04-09,Ergonomic Chair,3,752.29,23,Furniture,East
2025-04-09,Coffee Table,7,1316.91,17,Furniture,Central
2025-04-09,Coffee Table,3,549.65,4,Furniture,Central
2025-04-09,Winter Jacket,1,146.29,27,Apparel,West
2025-04-09,Coffee Table,7,1348.08,9,Furniture,North
2025-04-09,Yoga Mat,8,270.66,26,Health,North
2025-04-09,SmartPhone X,9,7462.14,32,Electronics,Central
2025-04-09,Wireless Earbuds,3,454.04,56,Electronics,North
2025-04-09,Office Desk,8,2670.56,2,Furniture,North
2025-04-09,SmartPhone X,7,5060.58,40,Electronics,West
2025-04-09,Designer Jeans,6,515.51,48,Apparel,South
2025-04-09,Multivitamins,9,205.28,85,Health,East
2025-04-09,SmartPhone X,8,5936.14,32,Electronics,South
2025-04-09,Wireless Earbuds,2,272.83,41,Electronics,North
2025-04-09,Coffee Table,3,589.74,24,Furniture,North
2025-04-09,SmartPhone X,5,4044.4,23,Electronics,Central
2025-04-09,Office Desk,5,1898.06,12,Furniture,East
2025-04-09,SmartPhone X,8,5873.2,19,Electronics,East
2025-04-09,Laptop Pro,8,9474.04,0,Electronics,East
2025-04-09,Winter Jacket,7,1033.13,23,Apparel,East
2025-04-09,Wireless Earbuds,5,767.34,42,Electronics,Central
2025-04-09,Yoga Mat,5,167.02,29,Health,West
2025-04-09,Protein Powder,9,330.31,67,Health,East
2025-04-10,Ergonomic Chair,3,759.49,30,Furniture,Central
2025-04-10,Winter Jacket,3,509.35,29,Apparel,South
2025-04-10,Designer Jeans,4,333.34,63,Apparel,East
2025-04-10,Designer Jeans,5,484.57,55,Apparel,West
2025-04-10,Designer Jeans,1,83.29,51,Apparel,North
2025-04-10,Designer Jeans,7,578.52,37,Apparel,West
2025-04-10,Ergonomic Chair,2,517.81,31,Furniture,South
2025-04-10,Wireless Earbuds,8,1170.79,62,Electronics,East
2025-04-10,Yoga Mat,2,64.57,41,Health,West
2025-04-10,Protein Powder,1,36.56,78,Health,Central
2025-04-10,Office Desk,9,3177.37,2,Furniture,South
2025-04-10,SmartPhone X,9,6870.51,36,Electronics,West
2025-04-10,SmartPhone X,9,7580.41,22,Electronics,North
2025-04-10,Ergonomic Chair,3,746.53,22,Furniture,South
2025-04-10,Protein Powder,8,288.4,62,Health,Central
2025-04-10,Coffee Table,1,185.52,3,Furniture,North
2025-04-10,Coffee Table,7,1271.66,16,Furniture,West
2025-04-10,Laptop Pro,4,4588.24,4,Electronics,East
2025-04-11,Winter Jacket,3,490.74,26,Apparel,South
2025-04-11,Running Shoes,6,784.63,28,Apparel,Central
2025-04-11,Multivitamins,6,154.85,85,Health,North
2025-04-11,Yoga Mat,3,105.87,36,Health,East
2025-04-11,Yoga Mat,6,198.95,30,Health,South
2025-04-11,SmartPhone X,1,795.56,32,Electronics,Central
2025-04-11,Ergonomic Chair,7,1780.85,32,Furniture,West
2025-04-11,Ergonomic Chair,6,1352.39,26,Furniture,East
2025-04-11,Yoga Mat,9,335.43,37,Health,West
2025-04-11,Running Shoes,6,767.6,42,Apparel,Central
2025-04-11,Yoga Mat,9,342.21,20,Health,North
2025-04-11,Laptop Pro,4,4414.68,0,Electronics,South
2025-04-11,Ergonomic Chair,9,2038.68,20,Furniture,East
2025-04-11,Coffee Table,1,183.43,11,Furniture,West
2025-04-11,Winter Jacket,1,162.94,41,Apparel,East
2025-04-11,SmartPhone X,9,6927.38,34,Electronics,East
2025-04-11,Designer Jeans,2,193.89,57,Apparel,East
2025-04-11,SmartPhone X,8,6953.7,29,Electronics,East
2025-04-11,Office Desk,6,2121.49,0,Furniture,South
2025-04-11,Ergonomic Chair,6,1581.64,26,Furniture,North
2025-04-11,Wireless Earbuds,2,311.81,45,Electronics,Central
2025-04-12,Ergonomic Chair,2,530.73,24,Furniture,West
2025-04-12,Wireless Earbuds,6,890.09,59,Electronics,West
2025-04-12,Multivitamins,3,77.69,81,Health,North
2025-04-12,Laptop Pro,9,11849.53,7,Electronics,East
2025-04-12,Wireless Earbuds,3,432.41,51,Electronics,South
2025-04-12,Winter Jacket,6,1048.87,36,Apparel,North
2025-04-12,Coffee Table,4,723.03,7,Furniture,North
2025-04-12,Office Desk,9,2837.21,10,Furniture,East
2025-04-12,Coffee Table,1,173.14,17,Furniture,South
2025-04-12,Wireless Earbuds,2,309.48,34,Electronics,South
2025-04-12,Ergonomic Chair,6,1395.68,31,Furniture,East
2025-04-12,Winter Jacket,7,1218.52,35,Apparel,South
2025-04-12,Coffee Table,4,733.96,22,Furniture,Central
2025-04-12,Office Desk,8,2747.42,6,Furniture,South
2025-04-12,Multivitamins,4,107.71,103,Health,Central
2025-04-12,Office Desk,5,1671.04,5,Furniture,North
2025-04-12,Yoga Mat,7,262.72,45,Health,North
2025-04-12,Multivitamins,9,212.87,102,Health,East
2025-04-12,Running Shoes,6,775.76,44,Apparel,North
2025-04-13,Yoga Mat,5,184.41,19,Health,West
2025-04-13,Ergonomic Chair,9,2472.57,30,Furniture,East
2025-04-13,Ergonomic Chair,3,767.09,24,Furniture,North
2025-04-13,Designer Jeans,3,295.38,43,Apparel,Central
2025-04-13,Coffee Table,3,547.3,13,Furniture,West
2025-04-13,Coffee Table,1,186.37,10,Furniture,Central
2025-04-13,Running Shoes,4,478.24,27,Apparel,North
2025-04-13,Designer Jeans,8,754.26,54,Apparel,Central
2025-04-13,Multivitamins,9,238.81,84,Health,West
2025-04-13,Ergonomic Chair,8,1868.23,23,Furniture,West
2025-04-13,Winter Jacket,7,1201.19,21,Apparel,Central
2025-04-14,Coffee Table,1,184.03,24,Furniture,Central
2025-04-14,Coffee Table,3,529.64,20,Furniture,Central
2025-04-14,Winter Jacket,8,1326.05,33,Apparel,South
2025-04-14,Laptop Pro,9,11620.37,4,Electronics,South
2025-04-14,Running Shoes,6,769.86,49,Apparel,East
2025-04-14,Ergonomic Chair,3,816.89,18,Furniture,North
2025-04-14,SmartPhone X,3,2347.62,28,Electronics,North
2025-04-14,Laptop Pro,6,7517.31,12,Electronics,South
2025-04-14,Office Desk,3,953.24,14,Furniture,West
2025-04-14,Laptop Pro,9,11129.02,8,Electronics,Central
2025-04-14,Winter Jacket,7,1075.64,23,Apparel,West
2025-04-14,Office Desk,6,2082.34,6,Furniture,Central
2025-04-14,SmartPhone X,7,6051.07,21,Electronics,West
2025-04-14,Laptop Pro,9,10128.24,1,Electronics,Central
2025-04-14,Coffee Table,8,1547.98,3,Furniture,East
2025-04-14,SmartPhone X,2,1737.91,39,Electronics,North
2025-04-14,Designer Jeans,4,334.57,48,Apparel,Central
2025-04-14,SmartPhone X,1,850.33,39,Electronics,North
2025-04-14,Winter Jacket,1,173.59,26,Apparel,North
2025-04-14,Running Shoes,18,2227.0,31,Apparel,South
2025-04-14,Yoga Mat,2,71.02,45,Health,East
2025-04-14,Laptop Pro,2,2621.91,8,Electronics,North
2025-04-14,Wireless Earbuds,9,1323.55,37,Electronics,Central
2025-04-15,Yoga Mat,2,66.3,40,Health,West
2025-04-15,Designer Jeans,9,846.45,49,Apparel,North
2025-04-15,Coffee Table,5,866.72,11,Furniture,East
2025-04-15,Coffee Table,4,777.67,14,Furniture,West
2025-04-15,Designer Jeans,1,87.72,52,Apparel,South
2025-04-15,Laptop Pro,3,3472.7,14,Electronics,South
2025-04-15,Coffee Table,7,1339.12,14,Furniture,South
2025-04-15,Laptop Pro,5,5829.22,7,Electronics,East
2025-04-15,Protein Powder,7,270.72,62,Health,Central
2025-04-15,Multivitamins,9,222.61,105,Health,West
2025-04-15,Designer Jeans,2,189.24,54,Apparel,Central
2025-04-15,Office Desk,4,1345.07,2,Furniture,East
2025-04-15,Coffee Table,8,1506.43,0,Furniture,South
2025-04-15,Multivitamins,1,26.98,90,Health,West
2025-04-15,Running Shoes,18,2148.9,26,Apparel,East
2025-04-15,Protein Powder,4,169.43,68,Health,North
2025-04-15,Coffee Table,6,1082.97,6,Furniture,Central
2025-04-15,SmartPhone X,5,3708.15,17,Electronics,North
2025-04-15,Ergonomic Chair,9,2295.3,11,Furniture,South
2025-04-15,Winter Jacket,2,297.9,36,Apparel,Central
2025-04-15,Designer Jeans,5,429.3,62,Apparel,Central
2025-04-15,Laptop Pro,3,3316.92,13,Electronics,West
2025-04-15,Running Shoes,2,220.39,46,Apparel,Central
2025-04-15,Multivitamins,6,164.2,101,Health,South
2025-04-15,Wireless Earbuds,3,432.83,39,Electronics,West
2025-04-15,Coffee Table,7,1255.33,27,Furniture,North
2025-04-16,Office Desk,2,646.09,1,Furniture,North
2025-04-16,Running Shoes,12,1567.19,33,Apparel,South
2025-04-16,Multivitamins,6,149.37,91,Health,West
2025-04-16,Office Desk,8,2535.95,6,Furniture,Central
2025-04-16,Yoga Mat,1,34.6,17,Health,North
2025-04-16,Wireless Earbuds,3,445.71,48,Electronics,Central
2025-04-16,Wireless Earbuds,5,764.37,55,Electronics,East
2025-04-16,Wireless Earbuds,6,847.53,58,Electronics,North
2025-04-16,Designer Jeans,6,490.1,47,Apparel,West
2025-04-16,Coffee Table,8,1464.7,20,Furniture,South
2025-04-16,SmartPhone X,2,1503.74,35,Electronics,South
2025-04-16,Laptop Pro,7,8450.52,5,Electronics,West
2025-04-16,Protein Powder,6,218.27,76,Health,West
2025-04-16,Office Desk,7,2303.59,5,Furniture,West
2025-04-16,Coffee Table,3,573.46,7,Furniture,South
2025-04-16,Office Desk,6,2062.1,3,Furniture,South
2025-04-16,Laptop Pro,8,9557.76,8,Electronics,East
2025-04-16,Laptop Pro,4,4891.63,12,Electronics,North
2025-04-16,Multivitamins,7,166.79,96,Health,West
2025-04-16,Yoga Mat,1,34.61,31,Health,West
2025-04-16,Ergonomic Chair,7,1579.54,8,Furniture,East
2025-04-16,Designer Jeans,7,679.51,38,Apparel,North
2025-04-17,Yoga Mat,9,309.99,39,Health,South
2025-04-17,Designer Jeans,6,544.11,45,Apparel,North
2025-04-17,Coffee Table,3,487.89,18,Furniture,Central
2025-04-17,Coffee Table,8,1390.39,8,Furniture,West
2025-04-17,Winter Jacket,7,1212.23,12,Apparel,West
2025-04-17,Office Desk,7,2672.14,3,Furniture,North
2025-04-17,Laptop Pro,6,6697.68,3,Electronics,South
2025-04-17,Designer Jeans,7,608.29,49,Apparel,North
2025-04-17,Yoga Mat,2,66.42,23,Health,Central
2025-04-17,Multivitamins,5,137.37,96,Health,East
2025-04-17,Yoga Mat,1,36.37,30,Health,West
2025-04-17,Multivitamins,3,77.2,78,Health,West
2025-04-17,Laptop Pro,7,9120.58,6,Electronics,West
2025-04-17,Running Shoes,16,2094.58,45,Apparel,South
2025-04-17,Winter Jacket,4,640.96,20,Apparel,North
2025-04-17,Running Shoes,4,469.47,27,Apparel,North
2025-04-17,SmartPhone X,6,5200.8,26,Electronics,East
2025-04-17,Coffee Table,7,1271.72,11,Furniture,East
2025-04-17,Yoga Mat,4,132.09,38,Health,North
2025-04-17,Protein Powder,7,286.22,72,Health,North
2025-04-17,Office Desk,2,687.96,13,Furniture,East
2025-04-17,Coffee Table,6,1130.97,15,Furniture,South
2025-04-17,Laptop Pro,4,4742.31,4,Electronics,West
2025-04-17,Multivitamins,3,77.39,95,Health,Central
2025-04-17,Laptop Pro,5,6392.32,11,Electronics,Central
2025-04-17,Office Desk,3,1003.78,13,Furniture,North
2025-04-17,Wireless Earbuds,6,855.27,42,Electronics,East
2025-04-17,Designer Jeans,7,609.52,41,Apparel,East
2025-04-18,Wireless Earbuds,1,137.88,49,Electronics,East
2025-04-18,Winter Jacket,6,888.33,19,Apparel,South
2025-04-18,Multivitamins,8,191.85,101,Health,Central
2025-04-18,Multivitamins,7,190.73,82,Health,South
2025-04-18,Wireless Earbuds,4,541.46,50,Electronics,South
2025-04-18,Running Shoes,4,432.99,49,Apparel,West
2025-04-18,SmartPhone X,2,1753.68,24,Electronics,West
2025-04-18,Winter Jacket,1,161.69,11,Apparel,West
2025-04-18,Laptop Pro,2,2604.7,0,Electronics,North
2025-04-18,Ergonomic Chair,3,691.17,7,Furniture,South
2025-04-18,Multivitamins,9,207.1,96,Health,North
2025-04-18,Protein Powder,3,112.46,78,Health,East
2025-04-18,Coffee Table,3,555.32,11,Furniture,West
2025-04-18,Protein Powder,8,336.08,67,Health,West
2025-04-18,Office Desk,1,329.19,10,Furniture,Central
2025-04-18,Yoga Mat,4,141.01,29,Health,South
2025-04-19,Multivitamins,3,76.99,89,Health,Central
2025-04-19,Office Desk,5,1808.76,10,Furniture,North
2025-04-19,SmartPhone X,4,3306.16,27,Electronics,Central
2025-04-19,Office Desk,4,1528.07,12,Furniture,South
2025-04-19,SmartPhone X,8,6513.65,33,Electronics,East
2025-04-19,Ergonomic Chair,1,235.87,5,Furniture,West
2025-04-19,Protein Powder,4,146.62,80,Health,West
2025-04-19,Laptop Pro,1,1120.01,12,Electronics,West
2025-04-19,Multivitamins,8,200.44,97,Health,East
2025-04-19,Wireless Earbuds,7,952.07,61,Electronics,West
2025-04-19,Wireless Earbuds,8,1198.06,52,Electronics,East
2025-04-20,Protein Powder,4,149.93,76,Health,South
2025-04-20,Designer Jeans,8,766.46,53,Apparel,North
2025-04-20,Running Shoes,18,2370.77,30,Apparel,South
2025-04-20,Wireless Earbuds,2,305.49,34,Electronics,South
2025-04-20,Designer Jeans,6,587.8,50,Apparel,East
2025-04-20,Office Desk,1,349.28,4,Furniture,East
2025-04-20,Running Shoes,4,495.16,40,Apparel,North
2025-04-20,Wireless Earbuds,4,546.05,54,Electronics,South
2025-04-20,Office Desk,1,321.17,2,Furniture,East
2025-04-20,Running Shoes,18,1990.14,22,Apparel,Central
2025-04-20,SmartPhone X,2,1740.37,43,Electronics,Central
2025-04-21,Wireless Earbuds,5,796.98,45,Electronics,South
2025-04-21,Running Shoes,12,1420.03,29,Apparel,East
2025-04-21,Coffee Table,6,1047.97,2,Furniture,Central
2025-04-21,Coffee Table,1,180.44,22,Furniture,North
2025-04-21,Wireless Earbuds,6,836.32,48,Electronics,Central
2025-04-21,Coffee Table,6,1052.57,20,Furniture,North
2025-04-21,Protein Powder,2,78.2,59,Health,North
2025-04-21,Office Desk,9,3312.52,8,Furniture,East
2025-04-21,Protein Powder,2,83.86,63,Health,East
2025-04-21,Running Shoes,12,1304.45,36,Apparel,North
2025-04-21,Running Shoes,8,915.82,25,Apparel,North
2025-04-21,Protein Powder,6,229.85,66,Health,Central
2025-04-21,Multivitamins,8,214.02,83,Health,North
2025-04-21,Ergonomic Chair,1,232.45,30,Furniture,Central
2025-04-21,Laptop Pro,7,7831.01,5,Electronics,Central
2025-04-21,Multivitamins,5,123.21,99,Health,South
2025-04-22,Wireless Earbuds,5,742.05,50,Electronics,West
2025-04-22,Wireless Earbuds,3,478.61,54,Electronics,East
2025-04-22,Yoga Mat,8,276.63,32,Health,East
2025-04-22,Designer Jeans,3,262.16,53,Apparel,South
2025-04-22,Designer Jeans,3,267.87,44,Apparel,West
2025-04-22,Designer Jeans,6,528.06,52,Apparel,South
2025-04-22,Laptop Pro,8,9140.7,12,Electronics,Central
2025-04-22,SmartPhone X,7,5729.63,31,Electronics,North
2025-04-22,Office Desk,7,2667.93,8,Furniture,North
2025-04-22,Winter Jacket,8,1189.2,40,Apparel,Central
2025-04-22,Ergonomic Chair,5,1313.82,25,Furniture,South
2025-04-22,SmartPhone X,7,5334.96,18,Electronics,North
2025-04-22,Running Shoes,10,1131.3,50,Apparel,North
2025-04-22,Yoga Mat,1,37.59,19,Health,South
2025-04-22,Office Desk,5,1695.83,0,Furniture,North
2025-04-22,Running Shoes,4,432.36,50,Apparel,East
2025-04-22,Designer Jeans,6,517.37,47,Apparel,North
2025-04-22,Wireless Earbuds,5,712.74,40,Electronics,South
2025-04-22,Winter Jacket,7,1197.89,21,Apparel,South
2025-04-22,SmartPhone X,7,5235.33,21,Electronics,West
2025-04-22,Winter Jacket,3,497.73,36,Apparel,West
2025-04-22,Multivitamins,9,243.74,81,Health,Central
2025-04-22,Ergonomic Chair,3,698.31,32,Furniture,Central
2025-04-22,Coffee Table,7,1282.39,4,Furniture,East
2025-04-22,Laptop Pro,7,8731.01,10,Electronics,North
2025-04-22,Winter Jacket,1,156.56,33,Apparel,Central
2025-04-22,Laptop Pro,7,9164.76,4,Electronics,West
2025-04-22,Running Shoes,16,1895.4,39,Apparel,Central
2025-04-23,Office Desk,8,2777.44,2,Furniture,West
2025-04-23,Winter Jacket,2,329.31,27,Apparel,East
2025-04-23,Running Shoes,8,1050.08,42,Apparel,West
2025-04-23,Laptop Pro,5,5600.0,4,Electronics,East
2025-04-23,Ergonomic Chair,2,546.77,7,Furniture,North
2025-04-23,Coffee Table,6,1011.0,6,Furniture,North
2025-04-23,Protein Powder,4,156.59,68,Health,Central
2025-04-23,Designer Jeans,3,268.5,37,Apparel,North
2025-04-23,Running Shoes,18,2061.6,34,Apparel,East
2025-04-23,SmartPhone X,4,3173.7,26,Electronics,East
2025-04-23,Yoga Mat,8,281.47,16,Health,South
2025-04-23,Multivitamins,2,53.83,81,Health,South
2025-04-23,Coffee Table,9,1680.68,2,Furniture,North
2025-04-23,Winter Jacket,7,1091.88,20,Apparel,Central
2025-04-23,Protein Powder,1,43.43,57,Health,South
2025-04-23,Wireless Earbuds,4,570.33,54,Electronics,East
2025-04-23,Multivitamins,6,145.43,99,Health,Central
2025-04-23,Laptop Pro,9,10623.89,11,Electronics,South
2025-04-24,Winter Jacket,6,1013.35,19,Apparel,South
2025-04-24,SmartPhone X,7,5300.53,34,Electronics,West
2025-04-24,Wireless Earbuds,8,1137.21,35,Electronics,East
2025-04-24,Coffee Table,6,1123.95,4,Furniture,South
2025-04-24,Multivitamins,7,160.13,91,Health,North
2025-04-24,Designer Jeans,2,182.54,55,Apparel,Central
2025-04-24,Laptop Pro,8,9950.77,10,Electronics,East
2025-04-24,Running Shoes,8,911.41,33,Apparel,North
2025-04-24,SmartPhone X,2,1465.93,31,Electronics,South
2025-04-24,Running Shoes,12,1323.85,44,Apparel,Central
2025-04-24,Ergonomic Chair,7,1883.22,30,Furniture,East
2025-04-24,Coffee Table,9,1565.7,0,Furniture,Central
2025-04-24,Designer Jeans,2,188.67,33,Apparel,West
2025-04-24,Wireless Earbuds,9,1267.05,53,Electronics,Central
2025-04-24,Winter Jacket,5,856.57,11,Apparel,East
2025-04-24,Yoga Mat,1,34.29,33,Health,South
2025-04-24,Office Desk,1,334.64,14,Furniture,North
2025-04-24,Office Desk,5,1581.16,10,Furniture,South
2025-04-25,Designer Jeans,7,576.73,33,Apparel,North
2025-04-25,Running Shoes,2,235.47,46,Apparel,Central
2025-04-25,Designer Jeans,1,85.76,33,Apparel,Central
2025-04-25,Designer Jeans,3,284.4,43,Apparel,Central
2025-04-25,Multivitamins,8,218.7,85,Health,Central
2025-04-25,Running Shoes,12,1380.95,27,Apparel,East
2025-04-25,Multivitamins,1,26.34,88,Health,South
2025-04-25,Laptop Pro,4,4507.77,1,Electronics,Central
2025-04-25,Laptop Pro,5,5523.2,12,Electronics,South
2025-04-25,Yoga Mat,5,189.19,24,Health,East
2025-04-25,Ergonomic Chair,5,1300.85,31,Furniture,East
2025-04-25,Protein Powder,6,249.05,52,Health,East
2025-04-25,Running Shoes,12,1453.7,21,Apparel,South
2025-04-25,Running Shoes,10,1161.01,35,Apparel,North
2025-04-25,Running Shoes,14,1769.05,44,Apparel,Central
2025-04-25,SmartPhone X,5,4317.67,25,Electronics,North
2025-04-25,Protein Powder,7,306.16,66,Health,North
2025-04-25,Running Shoes,2,240.51,34,Apparel,East
2025-04-25,Coffee Table,2,355.44,22,Furniture,East
2025-04-25,Protein Powder,5,182.76,57,Health,Central
2025-04-25,Coffee Table,6,1150.96,10,Furniture,Central
2025-04-25,Wireless Earbuds,9,1374.26,46,Electronics,Central
2025-04-25,Office Desk,7,2322.79,4,Furniture,East
2025-04-25,Winter Jacket,9,1371.95,37,Apparel,Central
2025-04-25,Running Shoes,12,1378.69,22,Apparel,South
2025-04-25,Multivitamins,3,74.96,75,Health,West
2025-04-26,Multivitamins,3,67.84,100,Health,North
2025-04-26,SmartPhone X,6,5229.29,31,Electronics,South
2025-04-26,Designer Jeans,2,165.82,51,Apparel,West
2025-04-26,Protein Powder,7,286.13,77,Health,West
2025-04-26,Ergonomic Chair,1,267.83,11,Furniture,West
2025-04-26,Office Desk,3,1137.45,2,Furniture,South
2025-04-26,Multivitamins,2,45.13,81,Health,North
2025-04-26,Office Desk,6,1905.83,4,Furniture,East
2025-04-26,Ergonomic Chair,5,1341.15,6,Furniture,West
2025-04-26,Yoga Mat,5,189.13,43,Health,Central
2025-04-26,SmartPhone X,5,4036.13,30,Electronics,Central
2025-04-26,SmartPhone X,1,736.01,39,Electronics,North
2025-04-26,Coffee Table,7,1228.3,11,Furniture,Central
2025-04-27,Wireless Earbuds,1,163.49,47,Electronics,East
2025-04-27,Coffee Table,1,168.34,21,Furniture,East
2025-04-27,Office Desk,8,2869.18,14,Furniture,South
2025-04-27,Office Desk,9,3088.32,6,Furniture,Central
2025-04-27,Designer Jeans,4,357.15,46,Apparel,Central
2025-04-27,Running Shoes,8,968.96,28,Apparel,East
2025-04-27,Coffee Table,8,1377.45,7,Furniture,North
2025-04-27,Coffee Table,2,372.92,7,Furniture,East
2025-04-27,SmartPhone X,7,5278.04,14,Electronics,South
2025-04-27,Ergonomic Chair,8,2147.49,6,Furniture,West
2025-04-27,Yoga Mat,9,294.81,33,Health,Central
2025-04-27,Winter Jacket,8,1280.11,16,Apparel,Central
2025-04-27,Winter Jacket,6,1036.7,20,Apparel,South
2025-04-27,Yoga Mat,6,207.44,36,Health,South
2025-04-27,SmartPhone X,4,3314.18,22,Electronics,North
2025-04-27,Winter Jacket,2,294.29,30,Apparel,East
2025-04-27,Designer Jeans,1,96.29,35,Apparel,South
2025-04-27,Wireless Earbuds,3,444.94,53,Electronics,South
2025-04-28,SmartPhone X,2,1473.59,33,Electronics,South
2025-04-28,Yoga Mat,4,126.35,34,Health,Central
2025-04-28,Designer Jeans,9,744.78,32,Apparel,East
2025-04-28,Office Desk,4,1536.7,7,Furniture,East
2025-04-28,Protein Powder,7,257.18,57,Health,South
2025-04-28,Coffee Table,4,742.1,1,Furniture,West
2025-04-28,Coffee Table,4,703.06,11,Furniture,South
2025-04-28,Protein Powder,3,113.75,74,Health,East
2025-04-28,Designer Jeans,3,246.57,33,Apparel,East
2025-04-28,Multivitamins,6,144.21,86,Health,South
2025-04-28,Office Desk,3,1051.2,3,Furniture,West
2025-04-28,Protein Powder,5,182.73,71,Health,Central
2025-04-28,Wireless Earbuds,3,413.92,57,Electronics,West
2025-04-28,Ergonomic Chair,5,1172.71,8,Furniture,East
2025-04-28,Protein Powder,9,390.09,70,Health,West
2025-04-28,Yoga Mat,6,194.26,18,Health,South
2025-04-28,Coffee Table,1,164.66,0,Furniture,North
2025-04-28,Coffee Table,8,1562.21,22,Furniture,Central
2025-04-28,Ergonomic Chair,1,233.79,9,Furniture,North
2025-04-28,Multivitamins,1,22.92,92,Health,West
2025-04-28,Yoga Mat,2,75.3,39,Health,West
2025-04-28,Running Shoes,10,1130.7,29,Apparel,North
2025-04-28,Ergonomic Chair,2,497.69,31,Furniture,East
2025-04-28,Ergonomic Chair,4,921.17,15,Furniture,Central
2025-04-28,Wireless Earbuds,3,419.98,33,Electronics,East
2025-04-28,Protein Powder,7,293.15,58,Health,Central
2025-04-28,Coffee Table,6,1107.84,24,Furniture,North
2025-04-28,Office Desk,3,974.09,2,Furniture,North
2025-04-29,Laptop Pro,8,10556.23,2,Electronics,North
2025-04-29,SmartPhone X,4,3156.77,35,Electronics,Central
2025-04-29,Wireless Earbuds,3,474.68,43,Electronics,Central
2025-04-29,Wireless Earbuds,5,680.57,54,Electronics,North
2025-04-29,Laptop Pro,2,2377.75,9,Electronics,South
2025-04-29,Yoga Mat,3,101.58,33,Health,South
2025-04-29,Laptop Pro,7,8736.28,8,Electronics,West
2025-04-29,Designer Jeans,7,584.45,55,Apparel,South
2025-04-29,Wireless Earbuds,9,1285.27,52,Electronics,North
2025-04-29,Protein Powder,9,395.02,54,Health,West
2025-04-29,Coffee Table,9,1459.2,17,Furniture,Central
2025-04-29,Laptop Pro,5,6204.15,5,Electronics,Central
2025-04-29,Designer Jeans,9,869.21,58,Apparel,South
2025-04-29,Yoga Mat,4,127.01,38,Health,North
2025-04-29,SmartPhone X,1,780.17,20,Electronics,East
2025-04-30,Multivitamins,1,26.96,98,Health,North
2025-04-30,SmartPhone X,1,753.02,32,Electronics,East
2025-04-30,Laptop Pro,6,7701.16,5,Electronics,West
2025-04-30,Ergonomic Chair,7,1809.05,8,Furniture,North
2025-04-30,SmartPhone X,6,4749.65,38,Electronics,North
2025-04-30,Multivitamins,5,122.82,93,Health,North
2025-04-30,Laptop Pro,4,5226.57,0,Electronics,South
2025-04-30,Coffee Table,3,571.12,3,Furniture,Central
2025-04-30,Winter Jacket,9,1532.53,21,Apparel,West
2025-04-30,Laptop Pro,2,2480.3,9,Electronics,Central
2025-04-30,Ergonomic Chair,6,1632.66,16,Furniture,East
2025-04-30,Protein Powder,7,295.52,50,Health,West
2025-04-30,Wireless Earbuds,2,277.97,34,Electronics,North
2025-04-30,Ergonomic Chair,4,973.62,14,Furniture,South
2025-04-30,Ergonomic Chair,4,1069.44,19,Furniture,East
2025-04-30,Yoga Mat,2,71.09,25,Health,West
2025-04-30,Protein Powder,5,211.14,52,Health,East
2025-04-30,SmartPhone X,8,5858.59,29,Electronics,Central
2025-04-30,Protein Powder,1,43.43,50,Health,East
2025-04-30,Designer Jeans,8,709.36,58,Apparel,West
2025-04-30,Protein Powder,5,213.18,53,Health,West
2025-04-30,Winter Jacket,9,1506.15,13,Apparel,West
2025-04-30,Multivitamins,5,132.64,99,Health,South
2025-05-01,Wireless Earbuds,5,777.64,34,Electronics,West
2025-05-01,Coffee Table,2,365.86,2,Furniture,Central
2025-05-01,Laptop Pro,6,7837.47,12,Electronics,Central
2025-05-01,Laptop Pro,7,8987.22,9,Electronics,Central
2025-05-01,Wireless Earbuds,7,1063.68,34,Electronics,East
2025-05-01,Running Shoes,10,1093.69,20,Apparel,Central
2025-05-01,Wireless Earbuds,2,291.69,55,Electronics,East
2025-05-01,Office Desk,7,2514.78,8,Furniture,Central
2025-05-01,Wireless Earbuds,4,619.19,39,Electronics,Central
2025-05-01,Winter Jacket,7,1122.22,11,Apparel,North
2025-05-01,Winter Jacket,2,341.34,27,Apparel,South
2025-05-01,Yoga Mat,1,37.61,35,Health,Central
2025-05-01,Yoga Mat,5,159.51,28,Health,West
2025-05-01,Winter Jacket,3,505.39,36,Apparel,South
2025-05-01,Coffee Table,9,1473.63,15,Furniture,North
2025-05-01,Protein Powder,8,322.56,53,Health,South
2025-05-01,Running Shoes,4,515.58,41,Apparel,North
2025-05-01,Laptop Pro,1,1281.88,0,Electronics,East
2025-05-01,Wireless Earbuds,5,816.08,46,Electronics,Central
2025-05-01,Wireless Earbuds,7,1004.0,42,Electronics,South
2025-05-01,SmartPhone X,5,4144.63,34,Electronics,South
2025-05-01,Protein Powder,1,43.47,77,Health,South
2025-05-01,Winter Jacket,5,878.08,20,Apparel,South
2025-05-01,Designer Jeans,8,678.27,55,Apparel,East
2025-05-02,Multivitamins,6,146.3,99,Health,East
2025-05-02,Yoga Mat,4,128.14,34,Health,Central
2025-05-02,Protein Powder,1,43.63,62,Health,South
2025-05-02,Coffee Table,7,1145.61,4,Furniture,North
2025-05-02,Yoga Mat,7,230.19,30,Health,North
2025-05-02,Designer Jeans,1,87.21,54,Apparel,South
2025-05-02,Ergonomic Chair,2,466.58,27,Furniture,West
2025-05-02,Protein Powder,6,240.63,75,Health,North
2025-05-02,Ergonomic Chair,2,533.48,28,Furniture,West
2025-05-02,SmartPhone X,8,5889.19,32,Electronics,South
2025-05-02,Office Desk,8,2830.09,13,Furniture,Central
2025-05-02,Coffee Table,2,356.19,3,Furniture,North
2025-05-02,Wireless Earbuds,8,1136.54,50,Electronics,South
2025-05-02,Designer Jeans,1,92.02,32,Apparel,Central
2025-05-02,Ergonomic Chair,2,464.26,5,Furniture,North
2025-05-02,Designer Jeans,3,280.92,54,Apparel,South
2025-05-02,Yoga Mat,3,110.04,40,Health,North
2025-05-02,Winter Jacket,3,448.86,25,Apparel,Central
2025-05-02,Running Shoes,6,751.12,39,Apparel,East
2025-05-02,Designer Jeans,5,494.8,37,Apparel,East
2025-05-02,Winter Jacket,3,515.03,19,Apparel,West
